{"type":"FeatureCollection", "features": [
{"type":"Feature","geometry":{"type":"Polygon","coordinates":[[[16.1998,45.7964],[16.2129,45.7836],[16.2456,45.778],[16.2543,45.7687],[16.2678,45.7699],[16.2676,45.7625],[16.2815,45.7665],[16.3277,45.7652],[16.317,45.783],[16.3207,45.7972],[16.3122,45.8077],[16.2941,45.8121],[16.2831,45.8092],[16.2793,45.82],[16.2844,45.8202],[16.276,45.8297],[16.2577,45.8318],[16.2395,45.837],[16.2162,45.8386],[16.2046,45.8292],[16.1997,45.8193],[16.2025,45.8129],[16.1998,45.7964]]]},"properties":{"name":"Grad Dugo Selo","osm":"relation/1143145"}},
{"type":"Feature","geometry":{"type":"Polygon","coordinates":[[[18.9728,45.7506],[19.0051,45.7567],[19.0275,45.7567],[19.057,45.7515],[19.0572,45.7385],[19.0471,45.7298],[19.0354,45.7247],[19.0442,45.7117],[19.0791,45.7052],[19.1098,45.7027],[19.1318,45.7029],[19.1352,45.6896],[19.1451,45.6792],[19.1267,45.6715],[19.1269,45.6628],[19.1348,45.6591],[19.1404,45.6496],[19.1384,45.6448],[19.1559,45.6431],[19.1722,45.6344],[19.159,45.6221],[19.1519,45.6044],[19.1431,45.5895],[19.1453,45.58],[19.1558,45.5696],[19.1811,45.5675],[19.189,45.5737],[19.2357,45.5836],[19.2425,45.591],[19.2344,45.6135],[19.2237,45.6294],[19.212,45.6323],[19.2339,45.652],[19.2536,45.6519],[19.2618,45.6541],[19.2794,45.6414],[19.3196,45.6425],[19.3342,45.6365],[19.3529,45.6459],[19.3254,45.6651],[19.3073,45.6654],[19.2914,45.6761],[19.3231,45.6978],[19.2698,45.7078],[19.2797,45.7145],[19.2835,45.7329],[19.3111,45.7247],[19.3314,45.7216],[19.3205,45.7322],[19.3311,45.749],[19.3456,45.7589],[19.4142,45.792],[19.422,45.795],[19.3955,45.8175],[19.3795,45.8233],[19.3621,45.8404],[19.3612,45.8629],[19.3583,45.8821],[19.3336,45.9147],[19.3746,45.9411],[19.3629,45.9434],[19.3484,45.935],[19.3454,45.9374],[19.3477,45.9655],[19.3296,45.9603],[19.3182,45.9773],[19.3027,45.9916],[19.2965,45.9878],[19.2853,45.9968],[19.2367,45.9951],[19.2327,45.9994],[19.1996,45.9982],[19.2049,45.9927],[19.1656,45.9943],[19.1477,45.9961],[19.1472,46.008],[19.1338,46.0371],[19.1046,46.04],[19.0901,46.0238],[19.0657,46],[19.0796,45.9635],[19.055,45.9655],[19.0188,45.9631],[19.0058,45.9587],[18.9979,45.9462],[19.0089,45.9233],[18.9947,45.9239],[18.988,45.9322],[18.962,45.9259],[18.906,45.9353],[18.8902,45.9221],[18.8743,45.9158],[18.8646,45.9207],[18.8682,45.9112],[18.8276,45.9048],[18.8216,45.9146],[18.815,45.9094],[18.8259,45.9001],[18.8289,45.8909],[18.8287,45.8775],[18.8328,45.8687],[18.8553,45.8591],[18.8571,45.8413],[18.8534,45.826],[18.848,45.8151],[18.8479,45.8008],[18.8535,45.7912],[18.8544,45.7904],[18.8553,45.7897],[18.8575,45.7883],[18.8628,45.7864],[18.8742,45.7844],[18.8856,45.7794],[18.8899,45.7727],[18.8939,45.7516],[18.9115,45.7448],[18.9228,45.7465],[18.9587,45.7674],[18.9696,45.7648],[18.9728,45.7506]]]},"properties":{"name":"Град Сомбор","osm":"relation/1279958"}},
{"type":"Feature","geometry":{"type":"Polygon","coordinates":[[[14.0605,45.3251],[14.0758,45.3162],[14.0896,45.3142],[14.0904,45.3107],[14.1079,45.2931],[14.1208,45.2722],[14.1275,45.2672],[14.1399,45.2662],[14.1733,45.2772],[14.1923,45.2744],[14.1829,45.2899],[14.1832,45.3068],[14.1937,45.3185],[14.1938,45.3251],[14.203,45.3296],[14.2153,45.3273],[14.2041,45.3466],[14.2024,45.3704],[14.1863,45.377],[14.1821,45.3666],[14.1762,45.3622],[14.1521,45.3537],[14.1352,45.363],[14.1283,45.3734],[14.11,45.3861],[14.0995,45.385],[14.0852,45.3794],[14.093,45.3737],[14.0714,45.3505],[14.0799,45.3453],[14.0803,45.3393],[14.0698,45.3267],[14.0605,45.3251]]]},"properties":{"name":"Općina Lupoglav","osm":"relation/2052589"}},
{"type":"Feature","geometry":{"type":"Polygon","coordinates":[[[14.0713,45.0983],[14.0807,45.0956],[14.0971,45.0966],[14.0928,45.0896],[14.1079,45.0937],[14.106,45.0894],[14.0898,45.0847],[14.0674,45.0582],[14.0675,45.0535],[14.083,45.0501],[14.0784,45.0406],[14.0896,45.0257],[14.1012,45.0147],[14.1064,45.0194],[14.1161,45.012],[14.1224,45.0166],[14.1286,45.009],[14.1379,45.0129],[14.1374,45.0316],[14.1304,45.0546],[14.1346,45.0587],[14.1423,45.0541],[14.1631,45.044],[14.1554,45.0522],[14.1599,45.0591],[14.1535,45.0694],[14.1519,45.079],[14.159,45.079],[14.1655,45.0725],[14.1755,45.0795],[14.1793,45.0864],[14.1895,45.0932],[14.1976,45.1059],[14.1964,45.1164],[14.1865,45.1271],[14.1748,45.1335],[14.143,45.1225],[14.1339,45.107],[14.1074,45.1157],[14.0993,45.1095],[14.0893,45.1098],[14.0804,45.1165],[14.0713,45.0983]]]},"properties":{"name":"Grad Labin","osm":"relation/2136013"}},
{"type":"Feature","geometry":{"type":"Polygon","coordinates":[[[14.2263,45.1538],[14.2105,45.163],[14.1956,45.165],[14.2019,45.1725],[14.2057,45.1851],[14.2051,45.2105],[14.2073,45.2153],[14.1897,45.2552],[14.1923,45.2739],[14.1923,45.2744],[14.1733,45.2772],[14.1399,45.2662],[14.1275,45.2672],[14.1208,45.2722],[14.1145,45.2663],[14.0877,45.2593],[14.1042,45.2526],[14.0913,45.2251],[14.1059,45.2103],[14.0972,45.198],[14.084,45.1888],[14.0989,45.1746],[14.0995,45.1683],[14.1145,45.1586],[14.1389,45.165],[14.151,45.1546],[14.1313,45.1441],[14.1325,45.1352],[14.143,45.1225],[14.1748,45.1335],[14.182,45.1327],[14.1926,45.1235],[14.208,45.1162],[14.2167,45.1349],[14.223,45.1363],[14.2263,45.1538]]]},"properties":{"name":"Općina Kršan","osm":"relation/2136014"}},
{"type":"Feature","geometry":{"type":"Polygon","coordinates":[[[14.0995,45.385],[14.11,45.3861],[14.1283,45.3734],[14.1352,45.363],[14.1521,45.3537],[14.1762,45.3622],[14.1821,45.3666],[14.1863,45.377],[14.1825,45.3855],[14.1884,45.3926],[14.2064,45.4008],[14.2048,45.4042],[14.1665,45.4153],[14.1351,45.4323],[14.1209,45.4432],[14.1189,45.4508],[14.1072,45.4598],[14.1152,45.471],[14.1114,45.4823],[14.0915,45.4819],[14.0707,45.4854],[14.0495,45.4985],[14.0437,45.4981],[14.0111,45.5198],[13.9975,45.5161],[14.0017,45.5081],[13.9869,45.5098],[13.9746,45.5151],[13.9622,45.506],[13.9656,45.4962],[13.9842,45.4895],[13.9923,45.4825],[13.9862,45.4824],[13.9966,45.4722],[13.9852,45.4686],[13.9871,45.459],[13.9707,45.4476],[13.9688,45.444],[13.9864,45.4275],[13.9941,45.4241],[14.013,45.4221],[14.0252,45.4297],[14.0371,45.4212],[14.0614,45.4088],[14.0682,45.4014],[14.0995,45.385]]]},"properties":{"name":"Općina Lanišće","osm":"relation/2136015"}},
{"type":"Feature","geometry":{"type":"Polygon","coordinates":[[[14.0391,45.0315],[14.0462,45.0353],[14.0601,45.0144],[14.0541,45.0051],[14.0645,45.0002],[14.0779,45.0055],[14.076,44.9978],[14.0817,44.9848],[14.0878,44.9852],[14.09,44.9757],[14.1008,44.9729],[14.0968,44.969],[14.0784,44.9713],[14.0725,44.9691],[14.0681,44.9597],[14.0698,44.9504],[14.0646,44.9453],[14.0754,44.9468],[14.0811,44.9571],[14.1092,44.9717],[14.1213,44.9675],[14.1248,44.9622],[14.1373,44.9677],[14.1439,44.957],[14.15,44.9587],[14.157,44.9696],[14.1693,44.9791],[14.1718,44.9864],[14.163,45.0212],[14.1548,45.0319],[14.1609,45.0329],[14.1423,45.0541],[14.1346,45.0587],[14.1304,45.0546],[14.1374,45.0316],[14.1379,45.0129],[14.1286,45.009],[14.1224,45.0166],[14.1161,45.012],[14.1064,45.0194],[14.1012,45.0147],[14.0896,45.0257],[14.0784,45.0406],[14.083,45.0501],[14.0675,45.0535],[14.0674,45.0582],[14.0898,45.0847],[14.106,45.0894],[14.1079,45.0937],[14.0928,45.0896],[14.0971,45.0966],[14.0807,45.0956],[14.0713,45.0983],[14.0715,45.0936],[14.056,45.0926],[14.0471,45.0948],[14.0457,45.0891],[14.021,45.0849],[14.0288,45.0772],[14.0215,45.0714],[14.0343,45.0678],[14.0436,45.0513],[14.04,45.0418],[14.0344,45.0392],[14.0391,45.0315]]]},"properties":{"name":"Općina Raša","osm":"relation/2136016"}},
{"type":"Feature","geometry":{"type":"Polygon","coordinates":[[[14.021,45.0849],[14.0457,45.0891],[14.0471,45.0948],[14.056,45.0926],[14.0715,45.0936],[14.0713,45.0983],[14.0804,45.1165],[14.0893,45.1098],[14.0993,45.1095],[14.1074,45.1157],[14.1339,45.107],[14.143,45.1225],[14.1325,45.1352],[14.1313,45.1441],[14.151,45.1546],[14.1389,45.165],[14.1145,45.1586],[14.0995,45.1683],[14.0989,45.1746],[14.084,45.1888],[14.0782,45.1874],[14.0666,45.1727],[14.0672,45.1623],[14.0537,45.1574],[14.0474,45.1502],[14.0382,45.1533],[14.0278,45.146],[14.0309,45.138],[14.0168,45.1127],[14.0235,45.0993],[14.0183,45.0926],[14.021,45.0849]]]},"properties":{"name":"Općina Sveta Nedelja","osm":"relation/2136017"}},
{"type":"Feature","geometry":{"type":"Polygon","coordinates":[[[14.3358,45.3565],[14.3274,45.3607],[14.3199,45.3565],[14.3082,45.3575],[14.3085,45.3469],[14.2981,45.3383],[14.2926,45.339],[14.2816,45.3488],[14.2814,45.3568],[14.2631,45.3659],[14.2133,45.3814],[14.2059,45.391],[14.1884,45.3926],[14.1825,45.3855],[14.1863,45.377],[14.2024,45.3704],[14.2041,45.3466],[14.2153,45.3273],[14.203,45.3296],[14.1938,45.3251],[14.1937,45.3185],[14.1832,45.3068],[14.1829,45.2899],[14.1923,45.2744],[14.1923,45.2739],[14.1969,45.2758],[14.2009,45.2784],[14.204,45.2976],[14.2107,45.3028],[14.2271,45.3003],[14.2266,45.2966],[14.2426,45.2934],[14.2627,45.2951],[14.2705,45.3042],[14.282,45.3016],[14.2921,45.3188],[14.2972,45.3197],[14.303,45.3318],[14.3247,45.3512],[14.3324,45.3552],[14.3358,45.3565]]]},"properties":{"name":"Grad Opatija","osm":"relation/2162164"}},
{"type":"Feature","geometry":{"type":"Polygon","coordinates":[[[14.282,45.3016],[14.2705,45.3042],[14.2627,45.2951],[14.2426,45.2934],[14.2266,45.2966],[14.2271,45.3003],[14.2107,45.3028],[14.204,45.2976],[14.2009,45.2784],[14.1969,45.2758],[14.2042,45.2691],[14.227,45.2713],[14.2338,45.2652],[14.2505,45.2608],[14.2652,45.2646],[14.2727,45.2718],[14.2738,45.287],[14.282,45.3016]]]},"properties":{"name":"Općina Lovran","osm":"relation/2162165"}},
{"type":"Feature","geometry":{"type":"Polygon","coordinates":[[[14.2652,45.2646],[14.2505,45.2608],[14.2338,45.2652],[14.227,45.2713],[14.2042,45.2691],[14.1969,45.2758],[14.1923,45.2739],[14.1897,45.2552],[14.2073,45.2153],[14.2051,45.2105],[14.2057,45.1851],[14.2019,45.1725],[14.1956,45.165],[14.2105,45.163],[14.2263,45.1538],[14.2376,45.169],[14.2348,45.1746],[14.2435,45.1822],[14.2458,45.1941],[14.2422,45.1983],[14.2522,45.2251],[14.2548,45.2375],[14.265,45.2527],[14.2652,45.2646]]]},"properties":{"name":"Općina Mošćenička Draga","osm":"relation/2162166"}},
{"type":"Feature","geometry":{"type":"MultiPolygon","coordinates":[[[[13.7502,44.9305],[13.7465,44.9374],[13.7347,44.9411],[13.7302,44.9308],[13.7422,44.9364],[13.7402,44.9302],[13.7502,44.9305]]],[[[13.7521,44.9263],[13.7352,44.9264],[13.736,44.9227],[13.7492,44.9221],[13.7555,44.9103],[13.7463,44.9064],[13.7529,44.8948],[13.7594,44.8926],[13.7583,44.9061],[13.7643,44.9013],[13.7802,44.9141],[13.7774,44.9189],[13.768,44.9166],[13.767,44.9214],[13.7521,44.9263]]],[[[13.8107,44.9058],[13.8084,44.8986],[13.7945,44.8915],[13.8058,44.8932],[13.8043,44.8847],[13.8187,44.876],[13.8299,44.8776],[13.8347,44.8844],[13.8478,44.884],[13.8478,44.8734],[13.8369,44.8646],[13.8155,44.8645],[13.8004,44.8755],[13.7929,44.8723],[13.7984,44.8615],[13.8119,44.8618],[13.8092,44.857],[13.8169,44.8544],[13.8154,44.8605],[13.8301,44.8538],[13.8351,44.8434],[13.8271,44.8359],[13.8337,44.8327],[13.8427,44.8458],[13.8443,44.8379],[13.8528,44.8414],[13.8529,44.8472],[13.8707,44.8486],[13.8836,44.843],[13.8836,44.8372],[13.8956,44.8359],[13.9039,44.8423],[13.9064,44.8532],[13.9141,44.8576],[13.9168,44.8641],[13.8994,44.8676],[13.9046,44.8797],[13.8869,44.8815],[13.8927,44.8933],[13.8858,44.899],[13.8896,44.9027],[13.8747,44.9001],[13.8741,44.9088],[13.8568,44.9098],[13.8554,44.9064],[13.8397,44.9057],[13.8358,44.9145],[13.83,44.9014],[13.8189,44.9065],[13.8107,44.9058]]]]},"properties":{"name":"Grad Pula","osm":"relation/2259875"}},
{"type":"Feature","geometry":{"type":"Polygon","coordinates":[[[15.065,44.7097],[15.063,44.7069],[15.0681,44.6891],[15.0669,44.6773],[15.0804,44.6538],[15.0823,44.645],[15.0789,44.6355],[15.0927,44.621],[15.1242,44.6071],[15.173,44.5957],[15.1906,44.5988],[15.1807,44.5829],[15.1875,44.5713],[15.214,44.5388],[15.2297,44.5279],[15.2055,44.5212],[15.2021,44.5156],[15.1883,44.5198],[15.1827,44.4975],[15.1943,44.497],[15.198,44.4915],[15.2306,44.4751],[15.2479,44.4746],[15.2813,44.4706],[15.3117,44.4535],[15.3142,44.4493],[15.3371,44.4376],[15.3422,44.4372],[15.3396,44.4277],[15.3293,44.4157],[15.3383,44.4144],[15.3904,44.3858],[15.4642,44.369],[15.4918,44.36],[15.5414,44.3395],[15.5508,44.3468],[15.529,44.3564],[15.5279,44.3638],[15.5418,44.3856],[15.5677,44.3899],[15.5669,44.3984],[15.5819,44.4068],[15.602,44.4081],[15.6189,44.4159],[15.6218,44.4203],[15.607,44.4226],[15.6134,44.4255],[15.6082,44.4366],[15.5978,44.4384],[15.5918,44.4561],[15.6008,44.4593],[15.6222,44.4731],[15.6512,44.4871],[15.6488,44.4987],[15.635,44.5012],[15.6178,44.5126],[15.6255,44.5162],[15.6324,44.5118],[15.6331,44.5247],[15.6226,44.5252],[15.6035,44.5475],[15.5909,44.5516],[15.5775,44.5687],[15.5775,44.5728],[15.5522,44.5887],[15.5583,44.5968],[15.5578,44.6054],[15.55,44.6249],[15.5534,44.6302],[15.55,44.6382],[15.528,44.6463],[15.521,44.6637],[15.5323,44.6713],[15.5272,44.6832],[15.5299,44.6898],[15.5216,44.6939],[15.5116,44.7043],[15.4951,44.6931],[15.4877,44.675],[15.4739,44.6702],[15.4485,44.6514],[15.4332,44.6431],[15.4198,44.6404],[15.4104,44.6344],[15.4106,44.6277],[15.4025,44.6204],[15.3564,44.6335],[15.3419,44.6401],[15.3388,44.6371],[15.3008,44.6496],[15.2972,44.6561],[15.2863,44.6626],[15.2757,44.6626],[15.2728,44.6749],[15.2805,44.6849],[15.245,44.6884],[15.231,44.6938],[15.2093,44.6889],[15.1748,44.6926],[15.1641,44.6971],[15.1469,44.6943],[15.1245,44.6952],[15.1147,44.7038],[15.0981,44.7022],[15.0816,44.7044],[15.065,44.7097]]]},"properties":{"name":"Grad Gospić","osm":"relation/2260026"}},
{"type":"Feature","geometry":{"type":"Polygon","coordinates":[[[14.0031,45.2433],[13.9932,45.2501],[13.9847,45.2511],[13.9742,45.258],[13.9626,45.2711],[13.9681,45.2815],[13.9794,45.2871],[13.9843,45.2959],[13.9624,45.3053],[13.9552,45.316],[13.9335,45.3251],[13.9171,45.3333],[13.8996,45.3364],[13.8806,45.3278],[13.8732,45.3301],[13.8623,45.3217],[13.8709,45.3177],[13.8879,45.3024],[13.8769,45.2834],[13.8511,45.2695],[13.8391,45.2583],[13.8332,45.2487],[13.8315,45.2364],[13.8454,45.2431],[13.8519,45.2321],[13.8541,45.2142],[13.8729,45.2003],[13.8865,45.181],[13.881,45.1686],[13.8842,45.1656],[13.9076,45.1649],[13.9134,45.1679],[13.9361,45.1663],[13.9428,45.1762],[13.9336,45.1773],[13.9182,45.1851],[13.9284,45.2022],[13.9349,45.2071],[13.9459,45.2085],[13.9712,45.2069],[13.9742,45.2168],[13.9927,45.2379],[14.0049,45.2397],[14.0031,45.2433]]]},"properties":{"name":"Grad Pazin","osm":"relation/2260027"}},
{"type":"Feature","geometry":{"type":"Polygon","coordinates":[[[14.3685,45.3675],[14.3714,45.3627],[14.3562,45.3589],[14.3567,45.3531],[14.3365,45.3609],[14.3358,45.3565],[14.3324,45.3552],[14.3488,45.3465],[14.3925,45.335],[14.4116,45.3341],[14.4418,45.3255],[14.4417,45.322],[14.4608,45.3203],[14.4759,45.3126],[14.4867,45.3199],[14.5044,45.3138],[14.5221,45.3107],[14.5238,45.3074],[14.5307,45.3135],[14.522,45.315],[14.4852,45.3346],[14.4745,45.3446],[14.4689,45.3584],[14.4568,45.3612],[14.4475,45.358],[14.4418,45.3688],[14.4326,45.384],[14.4273,45.3801],[14.4036,45.3627],[14.3907,45.3582],[14.3811,45.36],[14.3685,45.3675]]]},"properties":{"name":"Grad Rijeka","osm":"relation/2260028"}},
{"type":"Feature","geometry":{"type":"Polygon","coordinates":[[[13.9335,45.3251],[13.9552,45.316],[13.9624,45.3053],[13.9843,45.2959],[13.9794,45.2871],[13.9681,45.2815],[13.9626,45.2711],[13.9742,45.258],[13.9847,45.2511],[13.9932,45.2501],[14.0031,45.2433],[14.0254,45.2463],[14.0404,45.2427],[14.053,45.2336],[14.0643,45.2433],[14.0728,45.2437],[14.0827,45.2379],[14.0891,45.2439],[14.0877,45.2593],[14.1145,45.2663],[14.1208,45.2722],[14.1079,45.2931],[14.0904,45.3107],[14.0896,45.3142],[14.0758,45.3162],[14.0605,45.3251],[14.0406,45.3302],[14.0406,45.3347],[14.025,45.3387],[14.0278,45.3426],[14.0184,45.3564],[14.0074,45.3525],[14.005,45.3477],[13.9874,45.3393],[13.9659,45.3381],[13.945,45.326],[13.9335,45.3251]]]},"properties":{"name":"Općina Cerovlje","osm":"relation/2264366"}},
{"type":"Feature","geometry":{"type":"Polygon","coordinates":[[[13.8871,45.4258],[13.8934,45.4261],[13.893,45.4172],[13.887,45.4123],[13.8984,45.4094],[13.8952,45.4],[13.8986,45.3965],[13.8867,45.3917],[13.8903,45.3793],[13.878,45.3698],[13.8572,45.3619],[13.8598,45.3516],[13.882,45.3412],[13.9131,45.3376],[13.9171,45.3333],[13.9335,45.3251],[13.945,45.326],[13.9659,45.3381],[13.9874,45.3393],[14.005,45.3477],[14.0074,45.3525],[14.0184,45.3564],[14.0278,45.3426],[14.025,45.3387],[14.0406,45.3347],[14.0406,45.3302],[14.0605,45.3251],[14.0698,45.3267],[14.0803,45.3393],[14.0799,45.3453],[14.0714,45.3505],[14.093,45.3737],[14.0852,45.3794],[14.0995,45.385],[14.0682,45.4014],[14.0614,45.4088],[14.0371,45.4212],[14.0252,45.4297],[14.013,45.4221],[13.9941,45.4241],[13.9864,45.4275],[13.9688,45.444],[13.9707,45.4476],[13.957,45.4555],[13.9148,45.4535],[13.8929,45.4378],[13.8871,45.4258]]]},"properties":{"name":"Grad Buzet","osm":"relation/2269939"}},
{"type":"Feature","geometry":{"type":"Polygon","coordinates":[[[13.9906,45.1305],[14.0094,45.1527],[14.0062,45.156],[14.0102,45.1717],[14.0094,45.1928],[14.0156,45.1974],[14.0284,45.215],[14.0409,45.219],[14.053,45.2336],[14.0404,45.2427],[14.0254,45.2463],[14.0031,45.2433],[14.0049,45.2397],[13.9927,45.2379],[13.9742,45.2168],[13.9712,45.2069],[13.9459,45.2085],[13.9349,45.2071],[13.9284,45.2022],[13.9182,45.1851],[13.9336,45.1773],[13.9428,45.1762],[13.9361,45.1663],[13.9611,45.1522],[13.9874,45.1303],[13.9906,45.1305]]]},"properties":{"name":"Općina Gračišće","osm":"relation/2269940"}},
{"type":"Feature","geometry":{"type":"Polygon","coordinates":[[[14.053,45.2336],[14.0409,45.219],[14.0284,45.215],[14.0156,45.1974],[14.0094,45.1928],[14.0102,45.1717],[14.0062,45.156],[14.0094,45.1527],[14.0125,45.1545],[14.0278,45.146],[14.0382,45.1533],[14.0474,45.1502],[14.0537,45.1574],[14.0672,45.1623],[14.0666,45.1727],[14.0782,45.1874],[14.084,45.1888],[14.0972,45.198],[14.1059,45.2103],[14.0913,45.2251],[14.1042,45.2526],[14.0877,45.2593],[14.0891,45.2439],[14.0827,45.2379],[14.0728,45.2437],[14.0643,45.2433],[14.053,45.2336]]]},"properties":{"name":"Općina Pićan","osm":"relation/2269941"}},
{"type":"Feature","geometry":{"type":"Polygon","coordinates":[[[13.8842,45.1656],[13.881,45.1686],[13.8865,45.181],[13.8729,45.2003],[13.8541,45.2142],[13.8385,45.1986],[13.8435,45.1867],[13.838,45.1753],[13.8463,45.1759],[13.8496,45.1633],[13.8677,45.1615],[13.8842,45.1656]]]},"properties":{"name":"Općina Sveti Petar u Šumi","osm":"relation/2269942"}},
{"type":"Feature","geometry":{"type":"Polygon","coordinates":[[[13.7334,45.1305],[13.7258,45.1336],[13.7074,45.1347],[13.6865,45.129],[13.6266,45.1308],[13.6205,45.1234],[13.6231,45.1161],[13.6067,45.1165],[13.6223,45.1],[13.6403,45.0971],[13.6406,45.0868],[13.6301,45.0822],[13.6385,45.0797],[13.6357,45.0691],[13.6286,45.0706],[13.6288,45.0634],[13.6451,45.0669],[13.6587,45.0647],[13.6732,45.0593],[13.67,45.0562],[13.6885,45.0487],[13.6812,45.0441],[13.6907,45.0394],[13.6903,45.0237],[13.7129,45.0221],[13.7199,45.0275],[13.7304,45.0472],[13.7335,45.0871],[13.7241,45.0904],[13.7329,45.1079],[13.7315,45.129],[13.7334,45.1305]]]},"properties":{"name":"Grad Rovinj","osm":"relation/2277596"}},
{"type":"Feature","geometry":{"type":"Polygon","coordinates":[[[13.7906,44.9399],[13.806,44.9412],[13.809,44.9386],[13.8164,44.9463],[13.8205,44.9587],[13.8311,44.9545],[13.8288,44.9427],[13.8463,44.9383],[13.8426,44.9239],[13.8355,44.9226],[13.8358,44.9145],[13.8397,44.9057],[13.8554,44.9064],[13.8568,44.9098],[13.8741,44.9088],[13.8747,44.9001],[13.8896,44.9027],[13.8953,44.9072],[13.885,44.908],[13.8944,44.9185],[13.9094,44.9275],[13.9126,44.9403],[13.9179,44.9413],[13.9254,44.9568],[13.9179,44.9582],[13.9234,44.9672],[13.921,44.9729],[13.8994,44.969],[13.9058,44.9768],[13.8903,44.9754],[13.8928,44.9815],[13.9083,44.9958],[13.911,45.0013],[13.8969,45.0039],[13.8896,44.9953],[13.8813,44.9917],[13.8651,44.9946],[13.8552,44.9935],[13.8481,45.0004],[13.8481,45.0139],[13.8403,45.0131],[13.8237,45.0192],[13.8154,45.0188],[13.8024,45.0217],[13.7884,45.0162],[13.7698,45.0058],[13.7485,44.9989],[13.7354,44.9858],[13.7635,44.9858],[13.761,44.9831],[13.7702,44.9669],[13.7856,44.9553],[13.7819,44.9515],[13.7906,44.9399]]]},"properties":{"name":"Grad Vodnjan","osm":"relation/2277597"}},
{"type":"Feature","geometry":{"type":"Polygon","coordinates":[[[13.7335,45.0871],[13.7304,45.0472],[13.7199,45.0275],[13.7129,45.0221],[13.7116,45.0161],[13.7242,45.0031],[13.7242,44.9975],[13.7367,44.9909],[13.7354,44.9858],[13.7485,44.9989],[13.7698,45.0058],[13.7884,45.0162],[13.8024,45.0217],[13.8154,45.0188],[13.8178,45.0239],[13.831,45.0301],[13.8462,45.0417],[13.8577,45.0566],[13.8365,45.0854],[13.8234,45.09],[13.8121,45.0891],[13.7973,45.0934],[13.7768,45.0907],[13.755,45.092],[13.7335,45.0871]]]},"properties":{"name":"Općina Bale","osm":"relation/2277598"}},
{"type":"Feature","geometry":{"type":"Polygon","coordinates":[[[14.021,45.0849],[14.0183,45.0926],[14.0235,45.0993],[14.0168,45.1127],[14.0309,45.138],[14.0278,45.146],[14.0125,45.1545],[14.0094,45.1527],[13.9906,45.1305],[13.9899,45.1032],[13.9355,45.0898],[13.935,45.078],[13.9258,45.0544],[13.923,45.0419],[13.9294,45.0284],[13.9269,45.0206],[13.9528,45.0118],[13.959,45.0115],[13.9681,45.0036],[13.9775,45.0025],[13.9807,45.008],[13.9739,45.0161],[13.9924,45.0297],[13.9969,45.0366],[14.003,45.0347],[13.9978,45.02],[14.0037,45.0245],[14.0038,45.0135],[14.0123,45.0071],[14.0382,45.0046],[14.0467,45.0145],[14.0391,45.0315],[14.0344,45.0392],[14.04,45.0418],[14.0436,45.0513],[14.0343,45.0678],[14.0215,45.0714],[14.0288,45.0772],[14.021,45.0849]]]},"properties":{"name":"Općina Barban","osm":"relation/2277599"}},
{"type":"Feature","geometry":{"type":"Polygon","coordinates":[[[13.8107,44.9058],[13.8189,44.9065],[13.83,44.9014],[13.8358,44.9145],[13.8355,44.9226],[13.8426,44.9239],[13.8463,44.9383],[13.8288,44.9427],[13.8311,44.9545],[13.8205,44.9587],[13.8164,44.9463],[13.809,44.9386],[13.806,44.9412],[13.7906,44.9399],[13.8018,44.9303],[13.8042,44.9143],[13.8107,44.9058]]]},"properties":{"name":"Općina Fažana","osm":"relation/2277600"}},
{"type":"Feature","geometry":{"type":"Polygon","coordinates":[[[13.9141,44.8576],[13.9223,44.856],[13.9198,44.8489],[13.9266,44.8429],[13.943,44.8371],[13.9469,44.8262],[13.966,44.8141],[13.9654,44.8036],[13.9991,44.8023],[13.9994,44.8125],[13.9914,44.8145],[13.9912,44.8207],[13.9769,44.8173],[13.9718,44.8209],[13.9848,44.825],[13.9892,44.8311],[13.9782,44.8403],[13.9827,44.8525],[13.9917,44.8603],[14.0013,44.8633],[13.9907,44.8737],[13.9932,44.8801],[14.0029,44.882],[14.0011,44.888],[13.9893,44.8873],[13.9809,44.9022],[13.9829,44.9091],[13.9746,44.9251],[13.9466,44.9303],[13.9381,44.929],[13.9291,44.9206],[13.9267,44.9082],[13.9203,44.9096],[13.9056,44.9061],[13.9055,44.8972],[13.8927,44.8933],[13.8869,44.8815],[13.9046,44.8797],[13.8994,44.8676],[13.9168,44.8641],[13.9141,44.8576]]]},"properties":{"name":"Općina Ližnjan","osm":"relation/2277601"}},
{"type":"Feature","geometry":{"type":"Polygon","coordinates":[[[13.8927,44.8933],[13.9055,44.8972],[13.9056,44.9061],[13.9203,44.9096],[13.9267,44.9082],[13.9291,44.9206],[13.9381,44.929],[13.9466,44.9303],[13.9746,44.9251],[13.9829,44.9091],[13.9809,44.9022],[13.9943,44.8927],[14.0055,44.8926],[14.0137,44.9007],[14.0264,44.9044],[14.0298,44.9123],[14.0192,44.9164],[14.0288,44.9195],[14.0273,44.9265],[14.0387,44.918],[14.0501,44.9374],[14.0442,44.9448],[14.0316,44.9513],[14.0503,44.9469],[14.0558,44.9627],[14.0647,44.9676],[14.0644,44.9784],[14.0766,44.9779],[14.0706,44.9924],[14.0527,44.9967],[14.0382,45.0046],[14.0123,45.0071],[14.0038,45.0135],[14.0037,45.0245],[13.9978,45.02],[14.003,45.0347],[13.9969,45.0366],[13.9924,45.0297],[13.9739,45.0161],[13.9807,45.008],[13.9775,45.0025],[13.9681,45.0036],[13.959,45.0115],[13.9528,45.0118],[13.9269,45.0206],[13.9158,45.0166],[13.8969,45.0039],[13.911,45.0013],[13.9083,44.9958],[13.8928,44.9815],[13.8903,44.9754],[13.9058,44.9768],[13.8994,44.969],[13.921,44.9729],[13.9234,44.9672],[13.9179,44.9582],[13.9254,44.9568],[13.9179,44.9413],[13.9126,44.9403],[13.9094,44.9275],[13.8944,44.9185],[13.885,44.908],[13.8953,44.9072],[13.8896,44.9027],[13.8858,44.899],[13.8927,44.8933]]]},"properties":{"name":"Općina Marčana","osm":"relation/2277602"}},
{"type":"Feature","geometry":{"type":"Polygon","coordinates":[[[13.8443,44.8379],[13.8461,44.8307],[13.8607,44.8333],[13.8625,44.8293],[13.8479,44.8229],[13.8621,44.8161],[13.8674,44.822],[13.8744,44.8197],[13.8645,44.8164],[13.8663,44.809],[13.8858,44.8098],[13.9016,44.8077],[13.9037,44.7966],[13.9009,44.7908],[13.9052,44.7698],[13.9248,44.7668],[13.9134,44.7745],[13.9201,44.7818],[13.9141,44.7892],[13.924,44.8038],[13.9123,44.8147],[13.8878,44.8171],[13.8831,44.8229],[13.8895,44.8245],[13.8996,44.8176],[13.8988,44.8246],[13.9087,44.8223],[13.9088,44.83],[13.9278,44.8218],[13.9224,44.8164],[13.928,44.8142],[13.929,44.8036],[13.9348,44.8137],[13.9503,44.8032],[13.9654,44.8036],[13.966,44.8141],[13.9469,44.8262],[13.943,44.8371],[13.9266,44.8429],[13.9198,44.8489],[13.9223,44.856],[13.9141,44.8576],[13.9064,44.8532],[13.9039,44.8423],[13.8956,44.8359],[13.8836,44.8372],[13.8836,44.843],[13.8707,44.8486],[13.8529,44.8472],[13.8528,44.8414],[13.8443,44.8379]]]},"properties":{"name":"Općina Medulin","osm":"relation/2277603"}},
{"type":"Feature","geometry":{"type":"Polygon","coordinates":[[[13.5556,45.4907],[13.5109,45.5053],[13.4972,45.4977],[13.4989,45.4921],[13.4899,45.4867],[13.5111,45.472],[13.5181,45.4482],[13.5086,45.4416],[13.5231,45.4393],[13.5153,45.4157],[13.532,45.4021],[13.5316,45.3956],[13.5403,45.3911],[13.5322,45.3866],[13.5453,45.3786],[13.5353,45.3753],[13.5453,45.3723],[13.5538,45.372],[13.5893,45.3838],[13.5986,45.3882],[13.593,45.3989],[13.6096,45.3977],[13.6137,45.4075],[13.6084,45.4246],[13.5979,45.4331],[13.6155,45.4339],[13.6114,45.4577],[13.5816,45.4667],[13.5562,45.486],[13.5556,45.4907]]]},"properties":{"name":"Grad Umag","osm":"relation/2277604"}},
{"type":"Feature","geometry":{"type":"Polygon","coordinates":[[[13.8154,45.0188],[13.8237,45.0192],[13.8403,45.0131],[13.8481,45.0139],[13.8481,45.0004],[13.8552,44.9935],[13.8651,44.9946],[13.8813,44.9917],[13.8896,44.9953],[13.8969,45.0039],[13.9158,45.0166],[13.9269,45.0206],[13.9294,45.0284],[13.923,45.0419],[13.9258,45.0544],[13.935,45.078],[13.9355,45.0898],[13.9138,45.1023],[13.8798,45.1081],[13.8633,45.1094],[13.856,45.1074],[13.8479,45.1049],[13.8233,45.0922],[13.8234,45.09],[13.8365,45.0854],[13.8577,45.0566],[13.8462,45.0417],[13.831,45.0301],[13.8178,45.0239],[13.8154,45.0188]]]},"properties":{"name":"Općina Svetvinčenat","osm":"relation/2277605"}},
{"type":"Feature","geometry":{"type":"Polygon","coordinates":[[[13.9355,45.0898],[13.9899,45.1032],[13.9906,45.1305],[13.9874,45.1303],[13.9611,45.1522],[13.9361,45.1663],[13.9134,45.1679],[13.9076,45.1649],[13.8842,45.1656],[13.8677,45.1615],[13.8496,45.1633],[13.8442,45.1603],[13.8417,45.1457],[13.8542,45.1187],[13.856,45.1074],[13.8633,45.1094],[13.8798,45.1081],[13.9138,45.1023],[13.9355,45.0898]]]},"properties":{"name":"Općina Žminj","osm":"relation/2277607"}},
{"type":"Feature","geometry":{"type":"Polygon","coordinates":[[[16.5253,43.6432],[16.5168,43.6465],[16.5055,43.6597],[16.481,43.6407],[16.4611,43.6351],[16.4499,43.635],[16.4541,43.6426],[16.4483,43.6454],[16.4468,43.6634],[16.4353,43.6716],[16.4161,43.68],[16.3731,43.6911],[16.3666,43.6982],[16.3465,43.6822],[16.3402,43.6678],[16.3421,43.6531],[16.3735,43.6481],[16.3679,43.6332],[16.3665,43.6137],[16.3571,43.6124],[16.3719,43.5983],[16.3759,43.5972],[16.3759,43.5864],[16.3716,43.5778],[16.3965,43.571],[16.4135,43.5711],[16.4393,43.5906],[16.4822,43.5845],[16.4928,43.5844],[16.4992,43.566],[16.5082,43.5633],[16.4989,43.5569],[16.4986,43.5486],[16.4917,43.538],[16.522,43.543],[16.5402,43.541],[16.5547,43.5468],[16.5699,43.5519],[16.5546,43.5808],[16.5309,43.593],[16.5247,43.6142],[16.5335,43.6197],[16.5321,43.6236],[16.5249,43.6313],[16.5253,43.6432]]]},"properties":{"name":"Općina Klis","osm":"relation/2814582"}},
{"type":"Feature","geometry":{"type":"Polygon","coordinates":[[[16.6579,43.5891],[16.6498,43.5921],[16.6378,43.5824],[16.6238,43.5867],[16.6217,43.5991],[16.6171,43.6058],[16.6004,43.6066],[16.5822,43.6132],[16.5747,43.6086],[16.566,43.6197],[16.5566,43.6247],[16.5321,43.6236],[16.5335,43.6197],[16.5247,43.6142],[16.5309,43.593],[16.5546,43.5808],[16.5699,43.5519],[16.6028,43.5431],[16.6038,43.5398],[16.6341,43.5288],[16.6405,43.536],[16.6385,43.5428],[16.6585,43.5528],[16.6644,43.5594],[16.6621,43.5679],[16.6696,43.5855],[16.6579,43.5891]]]},"properties":{"name":"Općina Dugopolje","osm":"relation/2815035"}},
{"type":"Feature","geometry":{"type":"Polygon","coordinates":[[[16.2312,43.6709],[16.2651,43.6587],[16.2862,43.6599],[16.2814,43.6509],[16.2837,43.6336],[16.2795,43.621],[16.2627,43.609],[16.2672,43.603],[16.2621,43.5984],[16.288,43.5876],[16.2991,43.5838],[16.3097,43.5845],[16.3441,43.5793],[16.342,43.5866],[16.3467,43.5993],[16.3719,43.5983],[16.3571,43.6124],[16.3665,43.6137],[16.3679,43.6332],[16.3735,43.6481],[16.3421,43.6531],[16.3402,43.6678],[16.3465,43.6822],[16.3666,43.6982],[16.3695,43.7008],[16.3346,43.6929],[16.3216,43.688],[16.2944,43.6938],[16.2815,43.6917],[16.2814,43.6874],[16.2501,43.6979],[16.2312,43.6709]]]},"properties":{"name":"Općina Lećevica","osm":"relation/2815038"}},
{"type":"Feature","geometry":{"type":"MultiPolygon","coordinates":[[[[16.3097,43.5115],[16.3053,43.4895],[16.3022,43.4855],[16.3192,43.4823],[16.3402,43.482],[16.3809,43.4844],[16.392,43.4881],[16.3775,43.4879],[16.3488,43.4938],[16.3385,43.5011],[16.3303,43.5017],[16.3097,43.5115]]],[[[16.4731,43.5274],[16.4415,43.5301],[16.4244,43.5248],[16.4282,43.5208],[16.4205,43.5147],[16.4023,43.5157],[16.3885,43.5077],[16.4002,43.5048],[16.4274,43.5017],[16.4345,43.5077],[16.4414,43.5015],[16.4577,43.5003],[16.4784,43.5024],[16.5231,43.5009],[16.5308,43.5049],[16.5434,43.5189],[16.5547,43.5104],[16.5722,43.4932],[16.5812,43.4879],[16.5902,43.4769],[16.6054,43.4722],[16.621,43.4808],[16.6129,43.4962],[16.6315,43.515],[16.6402,43.526],[16.6405,43.536],[16.6341,43.5288],[16.6038,43.5398],[16.6028,43.5431],[16.5699,43.5519],[16.5547,43.5468],[16.5317,43.5237],[16.5316,43.5208],[16.5106,43.5237],[16.5042,43.5282],[16.4834,43.5294],[16.4731,43.5274]]]]},"properties":{"name":"Grad Split","osm":"relation/2826807"}},
{"type":"Feature","geometry":{"type":"Polygon","coordinates":[[[16.4621,43.5377],[16.4774,43.5322],[16.4612,43.5324],[16.4731,43.5274],[16.4834,43.5294],[16.5042,43.5282],[16.5106,43.5237],[16.5316,43.5208],[16.5317,43.5237],[16.5547,43.5468],[16.5402,43.541],[16.522,43.543],[16.4917,43.538],[16.4986,43.5486],[16.4989,43.5569],[16.5082,43.5633],[16.4992,43.566],[16.4928,43.5844],[16.4822,43.5845],[16.4393,43.5906],[16.4135,43.5711],[16.4305,43.5697],[16.4467,43.563],[16.4451,43.5578],[16.4594,43.5513],[16.4574,43.5444],[16.4621,43.5377]]]},"properties":{"name":"Grad Solin","osm":"relation/2826937"}},
{"type":"Feature","geometry":{"type":"Polygon","coordinates":[[[16.2469,43.5501],[16.2565,43.5467],[16.2637,43.5518],[16.2818,43.5548],[16.2905,43.5502],[16.292,43.5375],[16.3004,43.5291],[16.3098,43.5391],[16.3331,43.5479],[16.3576,43.5514],[16.4062,43.5462],[16.4362,43.5444],[16.4394,43.5388],[16.4621,43.5377],[16.4574,43.5444],[16.4594,43.5513],[16.4451,43.5578],[16.4467,43.563],[16.4305,43.5697],[16.4135,43.5711],[16.3965,43.571],[16.3716,43.5778],[16.3759,43.5864],[16.3759,43.5972],[16.3719,43.5983],[16.3467,43.5993],[16.342,43.5866],[16.3441,43.5793],[16.3097,43.5845],[16.2991,43.5838],[16.288,43.5876],[16.2768,43.5794],[16.2723,43.5676],[16.2608,43.5557],[16.2531,43.5554],[16.2469,43.5501]]]},"properties":{"name":"Grad Kaštela","osm":"relation/2828427"}},
{"type":"Feature","geometry":{"type":"Polygon","coordinates":[[[16.1203,43.6352],[16.152,43.6227],[16.169,43.6135],[16.1751,43.6145],[16.2121,43.6113],[16.2282,43.6221],[16.2226,43.6283],[16.2169,43.6434],[16.2213,43.6525],[16.2021,43.6545],[16.1546,43.6544],[16.1344,43.6572],[16.1295,43.6517],[16.1158,43.6525],[16.1203,43.6352]]]},"properties":{"name":"Općina Primorski Dolac","osm":"relation/2828447"}},
{"type":"Feature","geometry":{"type":"Polygon","coordinates":[[[16.2312,43.6709],[16.1852,43.6838],[16.1801,43.6911],[16.1539,43.6957],[16.1344,43.6572],[16.1546,43.6544],[16.2021,43.6545],[16.2213,43.6525],[16.2169,43.6434],[16.2226,43.6283],[16.2282,43.6221],[16.2121,43.6113],[16.2065,43.5952],[16.2217,43.5697],[16.2423,43.5586],[16.2531,43.5554],[16.2608,43.5557],[16.2723,43.5676],[16.2768,43.5794],[16.288,43.5876],[16.2621,43.5984],[16.2672,43.603],[16.2627,43.609],[16.2795,43.621],[16.2837,43.6336],[16.2814,43.6509],[16.2862,43.6599],[16.2651,43.6587],[16.2312,43.6709]]]},"properties":{"name":"Općina Prgomet","osm":"relation/2828515"}},
{"type":"Feature","geometry":{"type":"Polygon","coordinates":[[[13.5857,45.4786],[13.6008,45.4679],[13.6436,45.4589],[13.6705,45.4458],[13.6843,45.451],[13.6797,45.4555],[13.6879,45.4585],[13.6885,45.4673],[13.6994,45.4747],[13.7044,45.4739],[13.7122,45.4902],[13.6797,45.4958],[13.6746,45.4945],[13.6719,45.4758],[13.6565,45.4727],[13.6541,45.4792],[13.6393,45.4925],[13.6277,45.4962],[13.6293,45.5135],[13.6198,45.5224],[13.621,45.5318],[13.6156,45.5399],[13.6092,45.5411],[13.5389,45.6074],[13.3844,45.5659],[13.5238,45.5116],[13.5857,45.4786]]]},"properties":{"name":"Upravna enota Piran / Unità amministrativa Pirano","osm":"relation/4185356"}},
{"type":"Feature","geometry":{"type":"Polygon","coordinates":[[[14.3685,45.3675],[14.3638,45.3815],[14.3717,45.3842],[14.3695,45.4008],[14.3536,45.399],[14.3533,45.3937],[14.343,45.3927],[14.3396,45.3854],[14.3278,45.3769],[14.3253,45.3689],[14.3441,45.3669],[14.3365,45.3609],[14.3567,45.3531],[14.3562,45.3589],[14.3714,45.3627],[14.3685,45.3675]]]},"properties":{"name":"Grad Kastav","osm":"relation/4830914"}},
{"type":"Feature","geometry":{"type":"MultiPolygon","coordinates":[[[[14.8685,44.3704],[14.8634,44.3784],[14.8504,44.3884],[14.8524,44.3792],[14.8685,44.3704]]],[[[14.7601,44.4164],[14.7664,44.4104],[14.7696,44.3996],[14.7665,44.3937],[14.7769,44.3832],[14.7765,44.3786],[14.7662,44.3737],[14.7471,44.3715],[14.7438,44.3684],[14.7612,44.3611],[14.7652,44.3627],[14.772,44.3534],[14.7759,44.3546],[14.7966,44.3407],[14.8017,44.3441],[14.818,44.3426],[14.8205,44.3555],[14.8132,44.3645],[14.8035,44.3701],[14.794,44.383],[14.8052,44.3896],[14.8007,44.3965],[14.8109,44.4001],[14.8004,44.4141],[14.7837,44.4221],[14.7664,44.4137],[14.7601,44.4164]]],[[[14.7024,44.3595],[14.7044,44.3537],[14.7213,44.3469],[14.7287,44.3515],[14.7215,44.3571],[14.723,44.3631],[14.7125,44.3704],[14.7021,44.3721],[14.6988,44.3883],[14.7061,44.3988],[14.6952,44.4091],[14.677,44.4135],[14.6631,44.4065],[14.6608,44.3952],[14.6665,44.3908],[14.6787,44.3908],[14.6913,44.3777],[14.6905,44.366],[14.6968,44.3579],[14.7024,44.3595]]],[[[14.5902,44.3573],[14.5824,44.3518],[14.5935,44.3375],[14.6049,44.3312],[14.6206,44.3292],[14.6239,44.3239],[14.6381,44.3151],[14.6428,44.3088],[14.6684,44.3054],[14.6375,44.331],[14.6329,44.3294],[14.6071,44.3428],[14.5902,44.3573]]],[[[14.7004,44.2825],[14.6994,44.2778],[14.7138,44.2706],[14.7173,44.2796],[14.7279,44.2756],[14.7221,44.2839],[14.7094,44.2911],[14.7001,44.289],[14.6935,44.2928],[14.6854,44.289],[14.7004,44.2825]]],[[[14.7569,44.2945],[14.7507,44.2911],[14.7607,44.2789],[14.7525,44.2777],[14.7442,44.2819],[14.7356,44.2804],[14.7384,44.2702],[14.7603,44.2568],[14.7699,44.2568],[14.7632,44.2703],[14.7838,44.2631],[14.7978,44.2677],[14.7961,44.2725],[14.7843,44.2737],[14.7832,44.2799],[14.7569,44.2945]]],[[[14.8598,44.2177],[14.8722,44.2117],[14.8671,44.2072],[14.8943,44.1976],[14.8982,44.2091],[14.9096,44.2108],[14.8962,44.2257],[14.8883,44.2241],[14.8865,44.2301],[14.88,44.2176],[14.8651,44.2313],[14.8438,44.2398],[14.8368,44.2388],[14.822,44.2481],[14.8114,44.2608],[14.8018,44.2659],[14.8007,44.2593],[14.7895,44.2619],[14.8007,44.2402],[14.8185,44.2181],[14.8277,44.2017],[14.8337,44.1988],[14.8415,44.2028],[14.8303,44.211],[14.8138,44.2361],[14.8394,44.226],[14.8473,44.2167],[14.8598,44.2177]]],[[[14.9294,44.1735],[14.94,44.1696],[14.9302,44.1816],[14.9165,44.1902],[14.9038,44.1886],[14.9294,44.1735]]],[[[15.0837,44.007],[15.074,44.0268],[15.068,44.0267],[15.0616,44.0336],[15.0659,44.0394],[15.0557,44.0397],[15.0626,44.0291],[15.0547,44.0265],[15.0768,44.0086],[15.0837,44.007]]],[[[15.1232,44.041],[15.1074,44.0578],[15.1056,44.065],[15.0755,44.083],[15.071,44.0836],[15.0751,44.0722],[15.0772,44.0522],[15.0881,44.0516],[15.1011,44.0429],[15.1178,44.0239],[15.1492,44.0042],[15.1673,43.9966],[15.1512,44.0121],[15.1552,44.0221],[15.1456,44.0219],[15.1457,44.0276],[15.1303,44.0318],[15.1232,44.041]]],[[[15.2537,44.187],[15.2301,44.1788],[15.2139,44.1671],[15.2076,44.1836],[15.2023,44.2095],[15.1884,44.2019],[15.1692,44.2019],[15.1601,44.205],[15.1562,44.1989],[15.1423,44.196],[15.1608,44.1864],[15.1611,44.1777],[15.175,44.1727],[15.211,44.1453],[15.2134,44.1391],[15.2031,44.1333],[15.2209,44.1255],[15.2324,44.1145],[15.2194,44.1176],[15.2417,44.0984],[15.2499,44.0999],[15.2612,44.0884],[15.2749,44.0858],[15.2872,44.0921],[15.293,44.0892],[15.3014,44.0946],[15.3138,44.0929],[15.3399,44.098],[15.3313,44.1103],[15.2991,44.1297],[15.2952,44.1285],[15.2812,44.1428],[15.2826,44.1572],[15.2795,44.1683],[15.2537,44.187]]]]},"properties":{"name":"Grad Zadar","osm":"relation/5404230"}},
{"type":"Feature","geometry":{"type":"Polygon","coordinates":[[[13.6337,45.1668],[13.6238,45.185],[13.5996,45.1989],[13.5936,45.196],[13.5798,45.198],[13.6034,45.1807],[13.5886,45.1759],[13.5983,45.1694],[13.614,45.1664],[13.6337,45.1668]]]},"properties":{"name":"Općina Funtana","osm":"relation/5419457"}},
{"type":"Feature","geometry":{"type":"Polygon","coordinates":[[[16.4499,45.5324],[16.4537,45.5459],[16.4521,45.5531],[16.4624,45.557],[16.4628,45.5674],[16.4676,45.5786],[16.4515,45.5866],[16.4495,45.5929],[16.4379,45.5998],[16.4293,45.5976],[16.4269,45.6047],[16.4095,45.603],[16.4053,45.6169],[16.3922,45.6219],[16.391,45.6293],[16.3694,45.627],[16.3626,45.6307],[16.3474,45.624],[16.3344,45.6214],[16.3451,45.6433],[16.3349,45.647],[16.3115,45.6412],[16.3019,45.6346],[16.3043,45.6309],[16.2895,45.6132],[16.2791,45.6186],[16.2682,45.6133],[16.2741,45.6059],[16.2785,45.5999],[16.2903,45.596],[16.2957,45.5898],[16.293,45.5842],[16.301,45.5815],[16.2974,45.5759],[16.3158,45.5664],[16.3228,45.5741],[16.3339,45.573],[16.3303,45.5647],[16.3456,45.561],[16.3386,45.5547],[16.3461,45.5468],[16.3407,45.5381],[16.342,45.5318],[16.3565,45.5259],[16.3529,45.522],[16.3611,45.513],[16.3961,45.5046],[16.4093,45.507],[16.4092,45.5024],[16.3964,45.4992],[16.3967,45.4934],[16.4124,45.4927],[16.4157,45.5092],[16.4227,45.5203],[16.4007,45.5171],[16.4019,45.5271],[16.4071,45.5306],[16.4235,45.531],[16.4291,45.5373],[16.432,45.5293],[16.4499,45.5324]]]},"properties":{"name":"Općina Martinska Ves","osm":"relation/5518519"}},
{"type":"Feature","geometry":{"type":"Polygon","coordinates":[[[16.2882,45.6723],[16.2671,45.667],[16.2483,45.6672],[16.2489,45.689],[16.2268,45.6942],[16.2266,45.7098],[16.2108,45.7198],[16.2096,45.725],[16.2221,45.7368],[16.2151,45.7407],[16.195,45.7378],[16.1904,45.7408],[16.1735,45.7231],[16.1687,45.7069],[16.1782,45.7083],[16.1863,45.6976],[16.1951,45.6806],[16.1986,45.6674],[16.2156,45.6551],[16.2204,45.6561],[16.2288,45.6432],[16.2255,45.6298],[16.2496,45.6306],[16.2543,45.6218],[16.2515,45.6166],[16.2665,45.6054],[16.2741,45.6059],[16.2682,45.6133],[16.2791,45.6186],[16.2895,45.6132],[16.3043,45.6309],[16.3019,45.6346],[16.2951,45.6376],[16.2939,45.6472],[16.2857,45.6623],[16.2882,45.6723]]]},"properties":{"name":"Općina Orle","osm":"relation/5518636"}},
{"type":"Feature","geometry":{"type":"Polygon","coordinates":[[[15.9199,45.6142],[15.9301,45.6071],[15.9396,45.6084],[15.9356,45.5972],[15.9394,45.588],[15.9292,45.575],[15.9304,45.5692],[15.9549,45.5696],[15.9772,45.5585],[15.9837,45.5684],[15.9826,45.5786],[15.995,45.6017],[16.0058,45.5983],[16.0085,45.6019],[16.0326,45.6012],[16.0464,45.607],[16.0471,45.5992],[16.0634,45.6022],[16.0679,45.6109],[16.0885,45.6181],[16.0998,45.6245],[16.1071,45.6146],[16.1257,45.6169],[16.132,45.6148],[16.1411,45.6212],[16.1549,45.6374],[16.1802,45.6396],[16.1863,45.6347],[16.1947,45.6195],[16.1986,45.6065],[16.2027,45.6098],[16.2335,45.6081],[16.2471,45.5922],[16.2509,45.6006],[16.2665,45.6054],[16.2515,45.6166],[16.2543,45.6218],[16.2496,45.6306],[16.2255,45.6298],[16.2288,45.6432],[16.2204,45.6561],[16.2156,45.6551],[16.1986,45.6674],[16.1951,45.6806],[16.1863,45.6976],[16.1782,45.7083],[16.1687,45.7069],[16.1735,45.7231],[16.1904,45.7408],[16.195,45.7378],[16.2151,45.7407],[16.2221,45.7368],[16.2292,45.7456],[16.2165,45.7455],[16.2021,45.753],[16.1991,45.7493],[16.1832,45.7473],[16.1667,45.7582],[16.1539,45.763],[16.1503,45.7697],[16.1351,45.7834],[16.1236,45.7876],[16.1069,45.7886],[16.0836,45.7788],[16.0684,45.7691],[16.0584,45.7594],[16.0523,45.758],[16.0388,45.762],[16.038,45.755],[16.0253,45.7545],[16.016,45.7434],[16.0144,45.7189],[16.0013,45.7198],[15.988,45.7162],[15.9817,45.7052],[15.9651,45.6952],[15.9676,45.6805],[15.9662,45.6709],[15.9587,45.6646],[15.9566,45.6561],[15.9485,45.6517],[15.9506,45.6375],[15.9466,45.6317],[15.9199,45.6142]]]},"properties":{"name":"Grad Velika Gorica","osm":"relation/5518651"}},
{"type":"Feature","geometry":{"type":"Polygon","coordinates":[[[16.0735,45.5067],[16.0913,45.5098],[16.1074,45.502],[16.0996,45.5107],[16.0973,45.5258],[16.1036,45.5324],[16.1009,45.5392],[16.0731,45.5536],[16.0618,45.5614],[16.0757,45.5762],[16.0962,45.5806],[16.0937,45.5937],[16.0866,45.5933],[16.0969,45.6038],[16.1098,45.6066],[16.1071,45.6146],[16.0998,45.6245],[16.0885,45.6181],[16.0679,45.6109],[16.0634,45.6022],[16.0471,45.5992],[16.0464,45.607],[16.0326,45.6012],[16.0085,45.6019],[16.0058,45.5983],[15.995,45.6017],[15.9826,45.5786],[15.9837,45.5684],[16.0012,45.5836],[16.0104,45.5741],[16.0018,45.5665],[15.9997,45.554],[16.014,45.5522],[16.0207,45.5444],[16.0365,45.5467],[16.0448,45.5404],[16.0585,45.5387],[16.0573,45.5225],[16.0691,45.5163],[16.0735,45.5067]]]},"properties":{"name":"Općina Kravarsko","osm":"relation/5518652"}},
{"type":"Feature","geometry":{"type":"Polygon","coordinates":[[[15.9024,45.5302],[15.9207,45.5132],[15.925,45.4983],[15.9166,45.487],[15.9221,45.4786],[15.9267,45.4744],[15.9486,45.47],[15.9609,45.4718],[15.974,45.4697],[15.9891,45.4718],[15.9997,45.4776],[16.0056,45.4849],[16.0183,45.4886],[16.0227,45.4853],[16.039,45.4848],[16.0587,45.4671],[16.0548,45.4794],[16.0726,45.4897],[16.0629,45.5017],[16.0735,45.5067],[16.0691,45.5163],[16.0573,45.5225],[16.0585,45.5387],[16.0448,45.5404],[16.0365,45.5467],[16.0207,45.5444],[16.014,45.5522],[15.9997,45.554],[16.0018,45.5665],[16.0104,45.5741],[16.0012,45.5836],[15.9837,45.5684],[15.9772,45.5585],[15.9549,45.5696],[15.9304,45.5692],[15.9218,45.558],[15.9074,45.5461],[15.9083,45.5379],[15.9024,45.5302]]]},"properties":{"name":"Općina Pokupsko","osm":"relation/5518653"}},
{"type":"Feature","geometry":{"type":"Polygon","coordinates":[[[16.2665,45.6054],[16.2509,45.6006],[16.2471,45.5922],[16.2335,45.6081],[16.2027,45.6098],[16.1986,45.6065],[16.1947,45.6195],[16.1863,45.6347],[16.1802,45.6396],[16.1549,45.6374],[16.1411,45.6212],[16.132,45.6148],[16.1257,45.6169],[16.1071,45.6146],[16.1098,45.6066],[16.0969,45.6038],[16.0866,45.5933],[16.0937,45.5937],[16.0962,45.5806],[16.0757,45.5762],[16.0618,45.5614],[16.0731,45.5536],[16.1009,45.5392],[16.1036,45.5324],[16.0973,45.5258],[16.0996,45.5107],[16.1074,45.502],[16.0913,45.5098],[16.0735,45.5067],[16.0629,45.5017],[16.0726,45.4897],[16.0548,45.4794],[16.0587,45.4671],[16.0653,45.4574],[16.0756,45.4495],[16.0798,45.4365],[16.0967,45.4284],[16.1055,45.4277],[16.1215,45.4353],[16.1105,45.4421],[16.1105,45.4513],[16.0984,45.4625],[16.0914,45.4655],[16.0971,45.4721],[16.1156,45.4803],[16.1376,45.4785],[16.1463,45.4738],[16.1429,45.4861],[16.156,45.4826],[16.1666,45.4845],[16.1772,45.4783],[16.1838,45.4789],[16.1928,45.4927],[16.2002,45.4954],[16.1999,45.5075],[16.2131,45.5074],[16.228,45.5014],[16.2393,45.5027],[16.2338,45.4832],[16.2363,45.4802],[16.247,45.488],[16.2494,45.495],[16.2572,45.4979],[16.2607,45.5025],[16.2445,45.5196],[16.2445,45.5313],[16.2524,45.54],[16.2668,45.5479],[16.2907,45.5526],[16.2839,45.5692],[16.2974,45.5759],[16.301,45.5815],[16.293,45.5842],[16.2957,45.5898],[16.2903,45.596],[16.2785,45.5999],[16.2741,45.6059],[16.2665,45.6054]]]},"properties":{"name":"Općina Lekenik","osm":"relation/5518675"}},
{"type":"Feature","geometry":{"type":"Polygon","coordinates":[[[16.1998,45.7964],[16.1983,45.7773],[16.1746,45.7891],[16.1597,45.7943],[16.1259,45.8016],[16.1283,45.7938],[16.1236,45.7876],[16.1351,45.7834],[16.1503,45.7697],[16.1539,45.763],[16.1667,45.7582],[16.1832,45.7473],[16.1991,45.7493],[16.2021,45.753],[16.2165,45.7455],[16.2292,45.7456],[16.2221,45.7368],[16.2096,45.725],[16.2108,45.7198],[16.2266,45.7098],[16.2268,45.6942],[16.2489,45.689],[16.2483,45.6672],[16.2671,45.667],[16.2882,45.6723],[16.3048,45.6752],[16.3042,45.6806],[16.2741,45.7103],[16.2929,45.7168],[16.2914,45.7215],[16.3025,45.7222],[16.3165,45.7319],[16.3243,45.743],[16.3285,45.7507],[16.3277,45.7652],[16.2815,45.7665],[16.2676,45.7625],[16.2678,45.7699],[16.2543,45.7687],[16.2456,45.778],[16.2129,45.7836],[16.1998,45.7964]]]},"properties":{"name":"Općina Rugvica","osm":"relation/5518845"}},
{"type":"Feature","geometry":{"type":"Polygon","coordinates":[[[15.786,45.5211],[15.7938,45.5203],[15.8029,45.525],[15.815,45.5254],[15.8215,45.537],[15.8403,45.5475],[15.8518,45.5488],[15.8661,45.5462],[15.8718,45.5422],[15.8662,45.5325],[15.8769,45.5272],[15.8885,45.5306],[15.9024,45.5302],[15.9083,45.5379],[15.9074,45.5461],[15.9218,45.558],[15.9304,45.5692],[15.9292,45.575],[15.9394,45.588],[15.9356,45.5972],[15.9396,45.6084],[15.9301,45.6071],[15.9199,45.6142],[15.8984,45.6223],[15.9083,45.6324],[15.8949,45.6357],[15.8816,45.6465],[15.8748,45.6559],[15.8648,45.6564],[15.8611,45.6618],[15.8518,45.6598],[15.8291,45.6707],[15.828,45.6501],[15.8183,45.6385],[15.8139,45.6398],[15.8034,45.6331],[15.7911,45.617],[15.776,45.6098],[15.7768,45.6008],[15.7703,45.5854],[15.7627,45.5845],[15.7611,45.5784],[15.7521,45.5751],[15.7461,45.5659],[15.7347,45.5606],[15.765,45.5494],[15.7739,45.5357],[15.7814,45.5382],[15.7903,45.5352],[15.7856,45.5319],[15.786,45.5211]]]},"properties":{"name":"Općina Pisarovina","osm":"relation/5521103"}},
{"type":"Feature","geometry":{"type":"Polygon","coordinates":[[[15.2061,44.2495],[15.2012,44.2468],[15.1765,44.2437],[15.1777,44.2496],[15.1651,44.2595],[15.1587,44.2533],[15.1609,44.2456],[15.148,44.2369],[15.165,44.2275],[15.1589,44.2164],[15.1601,44.205],[15.1692,44.2019],[15.1884,44.2019],[15.2023,44.2095],[15.2076,44.1836],[15.2139,44.1671],[15.2301,44.1788],[15.2537,44.187],[15.2745,44.1856],[15.3317,44.2177],[15.3141,44.221],[15.2906,44.2083],[15.2785,44.2101],[15.2707,44.2009],[15.2488,44.2164],[15.243,44.2298],[15.2443,44.2359],[15.2226,44.2382],[15.2061,44.2495]]]},"properties":{"name":"Grad Nin","osm":"relation/5539644"}},
{"type":"Feature","geometry":{"type":"Polygon","coordinates":[[[15.4191,44.1412],[15.4343,44.1504],[15.424,44.1576],[15.422,44.1652],[15.4289,44.1751],[15.4226,44.1836],[15.395,44.2057],[15.3711,44.2187],[15.3536,44.2103],[15.3317,44.2177],[15.2745,44.1856],[15.2537,44.187],[15.2795,44.1683],[15.2826,44.1572],[15.2812,44.1428],[15.2952,44.1285],[15.2991,44.1297],[15.326,44.1365],[15.3575,44.1619],[15.393,44.1448],[15.4191,44.1412]]]},"properties":{"name":"Općina Poličnik","osm":"relation/5539939"}},
{"type":"Feature","geometry":{"type":"Polygon","coordinates":[[[13.7334,45.1305],[13.7315,45.129],[13.7329,45.1079],[13.7241,45.0904],[13.7335,45.0871],[13.755,45.092],[13.7768,45.0907],[13.7973,45.0934],[13.8121,45.0891],[13.8234,45.09],[13.8233,45.0922],[13.8479,45.1049],[13.856,45.1074],[13.8542,45.1187],[13.8417,45.1457],[13.8442,45.1603],[13.8203,45.1578],[13.7977,45.1627],[13.7842,45.1507],[13.7568,45.1395],[13.7471,45.1383],[13.7347,45.1318],[13.7342,45.1315],[13.7334,45.1305]]]},"properties":{"name":"Općina Kanfanar","osm":"relation/6449282"}},
{"type":"Feature","geometry":{"type":"Polygon","coordinates":[[[13.5983,45.1694],[13.6091,45.1567],[13.598,45.1469],[13.5967,45.1411],[13.603,45.1322],[13.6126,45.1303],[13.6213,45.1365],[13.6369,45.1371],[13.6428,45.1345],[13.6585,45.1355],[13.6864,45.1327],[13.6907,45.1359],[13.7082,45.1382],[13.7307,45.134],[13.7342,45.1315],[13.7347,45.1318],[13.7255,45.1383],[13.7263,45.1489],[13.7117,45.167],[13.71,45.1773],[13.6991,45.1756],[13.6771,45.1739],[13.6531,45.1634],[13.6337,45.1668],[13.614,45.1664],[13.5983,45.1694]]]},"properties":{"name":"Općina Vrsar","osm":"relation/6449310"}},
{"type":"Feature","geometry":{"type":"Polygon","coordinates":[[[13.8391,45.2583],[13.8511,45.2695],[13.8769,45.2834],[13.8879,45.3024],[13.8655,45.3027],[13.8573,45.2995],[13.8388,45.3089],[13.8275,45.3172],[13.8248,45.3116],[13.8163,45.3113],[13.7967,45.324],[13.7842,45.3275],[13.7788,45.3235],[13.7835,45.3142],[13.7772,45.3081],[13.7876,45.2995],[13.7988,45.2968],[13.8006,45.2673],[13.7938,45.2579],[13.8208,45.2634],[13.8271,45.2588],[13.8391,45.2583]]]},"properties":{"name":"Općina Karojba","osm":"relation/6466223"}},
{"type":"Feature","geometry":{"type":"Polygon","coordinates":[[[13.7347,45.1318],[13.7471,45.1383],[13.7568,45.1395],[13.7842,45.1507],[13.7977,45.1627],[13.7887,45.1674],[13.7888,45.1796],[13.7803,45.1917],[13.7573,45.1931],[13.746,45.1889],[13.7415,45.1965],[13.7306,45.1977],[13.7365,45.187],[13.7214,45.1835],[13.7003,45.1852],[13.6991,45.1756],[13.71,45.1773],[13.7117,45.167],[13.7263,45.1489],[13.7255,45.1383],[13.7347,45.1318]]]},"properties":{"name":"Općina Sveti Lovreč","osm":"relation/6466224"}},
{"type":"Feature","geometry":{"type":"Polygon","coordinates":[[[13.8541,45.2142],[13.8519,45.2321],[13.8454,45.2431],[13.8315,45.2364],[13.8332,45.2487],[13.8391,45.2583],[13.8271,45.2588],[13.8208,45.2634],[13.7938,45.2579],[13.7893,45.2508],[13.7807,45.2494],[13.7823,45.2438],[13.7742,45.2355],[13.7761,45.2296],[13.77,45.225],[13.7834,45.2228],[13.7855,45.2184],[13.7873,45.2141],[13.7789,45.1991],[13.7803,45.1917],[13.7888,45.1796],[13.7887,45.1674],[13.7977,45.1627],[13.8203,45.1578],[13.8442,45.1603],[13.8496,45.1633],[13.8463,45.1759],[13.838,45.1753],[13.8435,45.1867],[13.8385,45.1986],[13.8541,45.2142]]]},"properties":{"name":"Općina Tinjan","osm":"relation/6466225"}},
{"type":"Feature","geometry":{"type":"Polygon","coordinates":[[[13.8879,45.3024],[13.8709,45.3177],[13.8623,45.3217],[13.8732,45.3301],[13.8806,45.3278],[13.8996,45.3364],[13.9171,45.3333],[13.9131,45.3376],[13.882,45.3412],[13.8598,45.3516],[13.8572,45.3619],[13.8354,45.3508],[13.8244,45.3524],[13.8146,45.349],[13.8022,45.3498],[13.7907,45.3468],[13.7886,45.3471],[13.7842,45.3275],[13.7967,45.324],[13.8163,45.3113],[13.8248,45.3116],[13.8275,45.3172],[13.8388,45.3089],[13.8573,45.2995],[13.8655,45.3027],[13.8879,45.3024]]]},"properties":{"name":"Općina Motovun","osm":"relation/6466229"}},
{"type":"Feature","geometry":{"type":"Polygon","coordinates":[[[13.7907,45.3468],[13.8022,45.3498],[13.8146,45.349],[13.8244,45.3524],[13.8354,45.3508],[13.8572,45.3619],[13.878,45.3698],[13.8903,45.3793],[13.8867,45.3917],[13.8986,45.3965],[13.8952,45.4],[13.8984,45.4094],[13.887,45.4123],[13.893,45.4172],[13.8934,45.4261],[13.8871,45.4258],[13.8609,45.4276],[13.8544,45.4256],[13.8511,45.4324],[13.8265,45.4354],[13.8148,45.4343],[13.8092,45.4323],[13.8001,45.4132],[13.8018,45.4069],[13.7892,45.3922],[13.7886,45.3802],[13.798,45.363],[13.7907,45.3468]]]},"properties":{"name":"Općina Oprtalj","osm":"relation/6466230"}},
{"type":"Feature","geometry":{"type":"Polygon","coordinates":[[[13.6043,45.2765],[13.5814,45.2771],[13.5829,45.2738],[13.573,45.2644],[13.5801,45.2657],[13.576,45.2558],[13.5918,45.2557],[13.5894,45.2491],[13.6008,45.2432],[13.5949,45.2367],[13.5982,45.2284],[13.5884,45.2135],[13.5985,45.203],[13.5858,45.2047],[13.5905,45.1987],[13.5798,45.198],[13.5936,45.196],[13.5996,45.1989],[13.6238,45.185],[13.6337,45.1668],[13.6531,45.1634],[13.6771,45.1739],[13.6991,45.1756],[13.7003,45.1852],[13.7214,45.1835],[13.7365,45.187],[13.7306,45.1977],[13.7415,45.1965],[13.746,45.1889],[13.7573,45.1931],[13.7803,45.1917],[13.7789,45.1991],[13.7873,45.2141],[13.7855,45.2184],[13.7343,45.2298],[13.7046,45.2287],[13.6991,45.2303],[13.688,45.2422],[13.6845,45.2539],[13.67,45.2624],[13.6713,45.2657],[13.6652,45.2684],[13.6541,45.267],[13.6043,45.2765]]]},"properties":{"name":"Grad Poreč","osm":"relation/6466255"}},
{"type":"Feature","geometry":{"type":"Polygon","coordinates":[[[13.7876,45.2995],[13.764,45.2963],[13.7477,45.2978],[13.7472,45.3063],[13.7059,45.303],[13.6982,45.2916],[13.7058,45.2889],[13.7,45.2831],[13.7013,45.274],[13.6936,45.2672],[13.6713,45.2657],[13.67,45.2624],[13.6845,45.2539],[13.688,45.2422],[13.6991,45.2303],[13.7046,45.2287],[13.7343,45.2298],[13.7855,45.2184],[13.7834,45.2228],[13.77,45.225],[13.7761,45.2296],[13.7742,45.2355],[13.7823,45.2438],[13.7807,45.2494],[13.7893,45.2508],[13.7938,45.2579],[13.8006,45.2673],[13.7988,45.2968],[13.7876,45.2995]]]},"properties":{"name":"Općina Višnjan","osm":"relation/6466256"}},
{"type":"Feature","geometry":{"type":"Polygon","coordinates":[[[13.7059,45.303],[13.7472,45.3063],[13.7477,45.2978],[13.764,45.2963],[13.7876,45.2995],[13.7772,45.3081],[13.7835,45.3142],[13.7788,45.3235],[13.7842,45.3275],[13.7886,45.3471],[13.7739,45.3523],[13.7625,45.3505],[13.742,45.3547],[13.7366,45.358],[13.7206,45.3527],[13.7041,45.3521],[13.6922,45.3434],[13.6863,45.3447],[13.6876,45.3383],[13.7104,45.3267],[13.7141,45.3118],[13.7059,45.303]]]},"properties":{"name":"Općina Vižinada","osm":"relation/6466257"}},
{"type":"Feature","geometry":{"type":"Polygon","coordinates":[[[13.6713,45.2657],[13.6936,45.2672],[13.7013,45.274],[13.7,45.2831],[13.7058,45.2889],[13.6982,45.2916],[13.7059,45.303],[13.7141,45.3118],[13.7104,45.3267],[13.6876,45.3383],[13.6863,45.3447],[13.6756,45.3487],[13.6689,45.3451],[13.6532,45.3356],[13.6423,45.3325],[13.6437,45.3059],[13.6476,45.2965],[13.6565,45.2918],[13.6543,45.2818],[13.6652,45.2684],[13.6713,45.2657]]]},"properties":{"name":"Općina Kaštelir-Labinci","osm":"relation/6466272"}},
{"type":"Feature","geometry":{"type":"Polygon","coordinates":[[[13.5946,45.3162],[13.6039,45.3175],[13.6058,45.3119],[13.587,45.302],[13.5902,45.2975],[13.5753,45.3005],[13.5685,45.2983],[13.5876,45.2839],[13.5974,45.2829],[13.6043,45.2765],[13.6541,45.267],[13.6652,45.2684],[13.6543,45.2818],[13.6565,45.2918],[13.6476,45.2965],[13.6437,45.3059],[13.6423,45.3325],[13.6215,45.3282],[13.5946,45.3162]]]},"properties":{"name":"Općina Tar-Vabriga","osm":"relation/6466273"}},
{"type":"Feature","geometry":{"type":"Polygon","coordinates":[[[13.5857,45.4786],[13.5811,45.4775],[13.5556,45.4907],[13.5562,45.486],[13.5816,45.4667],[13.6114,45.4577],[13.6155,45.4339],[13.5979,45.4331],[13.6084,45.4246],[13.6137,45.4075],[13.6096,45.3977],[13.593,45.3989],[13.5986,45.3882],[13.6111,45.3936],[13.6232,45.392],[13.6375,45.3857],[13.6397,45.381],[13.6524,45.3754],[13.6544,45.3676],[13.6633,45.3651],[13.66,45.3531],[13.6643,45.3624],[13.6684,45.3538],[13.6749,45.3594],[13.6818,45.3512],[13.6898,45.3536],[13.7013,45.3725],[13.7039,45.3954],[13.7086,45.4107],[13.7201,45.4155],[13.7401,45.4139],[13.7494,45.4232],[13.7515,45.4345],[13.7647,45.4396],[13.7839,45.4522],[13.7889,45.4403],[13.8031,45.4441],[13.808,45.4556],[13.798,45.4627],[13.7808,45.4666],[13.7656,45.4671],[13.7596,45.4624],[13.7244,45.459],[13.7081,45.4525],[13.7038,45.457],[13.6851,45.446],[13.6753,45.4426],[13.6705,45.4458],[13.6436,45.4589],[13.6008,45.4679],[13.5857,45.4786]]]},"properties":{"name":"Grad Buje","osm":"relation/6466285"}},
{"type":"Feature","geometry":{"type":"Polygon","coordinates":[[[13.5556,45.3567],[13.5383,45.3525],[13.5446,45.3411],[13.5401,45.3286],[13.5582,45.3242],[13.5645,45.3189],[13.5566,45.3161],[13.5816,45.3134],[13.5946,45.3162],[13.6215,45.3282],[13.6423,45.3325],[13.6532,45.3356],[13.6317,45.3359],[13.6271,45.3422],[13.6159,45.3395],[13.6096,45.3542],[13.5893,45.36],[13.5626,45.3591],[13.5556,45.3567]]]},"properties":{"name":"Grad Novigrad","osm":"relation/6466286"}},
{"type":"Feature","geometry":{"type":"Polygon","coordinates":[[[13.5986,45.3882],[13.5893,45.3838],[13.5538,45.372],[13.5453,45.3723],[13.5431,45.3609],[13.5556,45.3567],[13.5626,45.3591],[13.5893,45.36],[13.6096,45.3542],[13.6159,45.3395],[13.6271,45.3422],[13.6317,45.3359],[13.6532,45.3356],[13.6689,45.3451],[13.66,45.3531],[13.6633,45.3651],[13.6544,45.3676],[13.6524,45.3754],[13.6397,45.381],[13.6375,45.3857],[13.6232,45.392],[13.6111,45.3936],[13.5986,45.3882]]]},"properties":{"name":"Općina Brtonigla","osm":"relation/6466287"}},
{"type":"Feature","geometry":{"type":"Polygon","coordinates":[[[13.6863,45.3447],[13.6922,45.3434],[13.7041,45.3521],[13.7206,45.3527],[13.7366,45.358],[13.742,45.3547],[13.7625,45.3505],[13.7739,45.3523],[13.7886,45.3471],[13.7907,45.3468],[13.798,45.363],[13.7886,45.3802],[13.7892,45.3922],[13.8018,45.4069],[13.8001,45.4132],[13.8092,45.4323],[13.8148,45.4343],[13.8128,45.4417],[13.8031,45.4441],[13.7889,45.4403],[13.7839,45.4522],[13.7647,45.4396],[13.7515,45.4345],[13.7494,45.4232],[13.7401,45.4139],[13.7201,45.4155],[13.7086,45.4107],[13.7039,45.3954],[13.7013,45.3725],[13.6898,45.3536],[13.6818,45.3512],[13.6749,45.3594],[13.6684,45.3538],[13.6643,45.3624],[13.66,45.3531],[13.6689,45.3451],[13.6756,45.3487],[13.6863,45.3447]]]},"properties":{"name":"Općina Grožnjan","osm":"relation/6466288"}},
{"type":"Feature","geometry":{"type":"Polygon","coordinates":[[[15.1651,44.2595],[15.1453,44.278],[15.1267,44.2745],[15.1249,44.2676],[15.1114,44.2603],[15.1257,44.2549],[15.1246,44.2498],[15.1329,44.2486],[15.1341,44.2397],[15.148,44.2369],[15.1609,44.2456],[15.1587,44.2533],[15.1651,44.2595]]]},"properties":{"name":"Općina Privlaka","osm":"relation/6969059"}},
{"type":"Feature","geometry":{"type":"Polygon","coordinates":[[[15.2749,44.0858],[15.2759,44.0792],[15.2839,44.0685],[15.2815,44.0628],[15.2936,44.0527],[15.296,44.0576],[15.3063,44.0684],[15.3157,44.0712],[15.3418,44.0844],[15.3466,44.09],[15.3561,44.0907],[15.3399,44.098],[15.3138,44.0929],[15.3014,44.0946],[15.293,44.0892],[15.2872,44.0921],[15.2749,44.0858]]]},"properties":{"name":"Općina Bibinje","osm":"relation/6969309"}},
{"type":"Feature","geometry":{"type":"Polygon","coordinates":[[[15.359,44.0161],[15.3823,44.0261],[15.3923,44.0166],[15.4045,44.0221],[15.4243,44.0349],[15.4431,44.0418],[15.4555,44.0414],[15.4655,44.0495],[15.4664,44.0551],[15.451,44.0597],[15.4367,44.0595],[15.431,44.056],[15.4235,44.0605],[15.3972,44.0559],[15.389,44.052],[15.3787,44.0671],[15.3838,44.078],[15.3699,44.0801],[15.373,44.0859],[15.3824,44.0843],[15.3786,44.0891],[15.3613,44.0941],[15.3561,44.0907],[15.3466,44.09],[15.3418,44.0844],[15.3157,44.0712],[15.3063,44.0684],[15.296,44.0576],[15.3105,44.0518],[15.3076,44.0375],[15.3294,44.0366],[15.3418,44.0315],[15.359,44.0161]]]},"properties":{"name":"Općina Sukošan","osm":"relation/6969558"}},
{"type":"Feature","geometry":{"type":"Polygon","coordinates":[[[15.3992,44.0894],[15.417,44.0945],[15.4467,44.1109],[15.4518,44.1144],[15.422,44.1318],[15.4191,44.1412],[15.393,44.1448],[15.3575,44.1619],[15.326,44.1365],[15.2991,44.1297],[15.3313,44.1103],[15.3399,44.098],[15.3561,44.0907],[15.3613,44.0941],[15.3786,44.0891],[15.3824,44.0843],[15.3992,44.0894]]]},"properties":{"name":"Općina Zemunik Donji","osm":"relation/6970726"}},
{"type":"Feature","geometry":{"type":"Polygon","coordinates":[[[15.4367,44.0595],[15.4281,44.0693],[15.4182,44.0702],[15.4064,44.0773],[15.3992,44.0894],[15.3824,44.0843],[15.373,44.0859],[15.3699,44.0801],[15.3838,44.078],[15.3787,44.0671],[15.389,44.052],[15.3972,44.0559],[15.4235,44.0605],[15.431,44.056],[15.4367,44.0595]]]},"properties":{"name":"Općina Galovac","osm":"relation/6970772"}},
{"type":"Feature","geometry":{"type":"Polygon","coordinates":[[[15.451,44.0597],[15.4647,44.0628],[15.4847,44.0763],[15.4806,44.0884],[15.4718,44.0902],[15.4467,44.1109],[15.417,44.0945],[15.3992,44.0894],[15.4064,44.0773],[15.4182,44.0702],[15.4281,44.0693],[15.4367,44.0595],[15.451,44.0597]]]},"properties":{"name":"Općina Škabrnja","osm":"relation/6970773"}},
{"type":"Feature","geometry":{"type":"Polygon","coordinates":[[[15.2815,44.2485],[15.2779,44.2434],[15.2861,44.2357],[15.3021,44.2325],[15.3141,44.221],[15.3317,44.2177],[15.3536,44.2103],[15.3711,44.2187],[15.3823,44.2285],[15.3942,44.2308],[15.3995,44.2362],[15.4076,44.257],[15.4016,44.258],[15.3657,44.2778],[15.3436,44.2847],[15.3386,44.2901],[15.3282,44.2925],[15.3318,44.3007],[15.3217,44.3078],[15.2928,44.3207],[15.2755,44.3265],[15.2778,44.3311],[15.2661,44.3302],[15.2589,44.3237],[15.2606,44.3191],[15.2916,44.2971],[15.3041,44.2903],[15.3072,44.2824],[15.3009,44.2785],[15.2843,44.2815],[15.2877,44.2663],[15.3001,44.2563],[15.3004,44.2503],[15.2912,44.2453],[15.2815,44.2485]]]},"properties":{"name":"Općina Ražanac","osm":"relation/6974446"}},
{"type":"Feature","geometry":{"type":"Polygon","coordinates":[[[15.5053,44.1844],[15.4869,44.1969],[15.4702,44.2043],[15.4726,44.2103],[15.4825,44.2098],[15.5081,44.2136],[15.517,44.2204],[15.5351,44.219],[15.5254,44.2265],[15.5198,44.2416],[15.5134,44.2485],[15.4407,44.2632],[15.4278,44.2607],[15.4177,44.2546],[15.4076,44.257],[15.3995,44.2362],[15.3942,44.2308],[15.3823,44.2285],[15.3711,44.2187],[15.395,44.2057],[15.4226,44.1836],[15.4289,44.1751],[15.4477,44.1844],[15.4707,44.1682],[15.4859,44.164],[15.4931,44.1656],[15.5053,44.1844]]]},"properties":{"name":"Općina Posedarje","osm":"relation/6974557"}},
{"type":"Feature","geometry":{"type":"Polygon","coordinates":[[[15.5053,44.1844],[15.4931,44.1656],[15.4859,44.164],[15.4832,44.156],[15.5012,44.1486],[15.5043,44.1448],[15.528,44.1369],[15.5338,44.1412],[15.5738,44.1134],[15.5829,44.1124],[15.6014,44.1273],[15.6116,44.1326],[15.6001,44.145],[15.6046,44.167],[15.598,44.1694],[15.5933,44.1802],[15.5766,44.1829],[15.5689,44.1899],[15.552,44.1919],[15.525,44.1759],[15.5053,44.1844]]]},"properties":{"name":"Općina Novigrad","osm":"relation/6974617"}},
{"type":"Feature","geometry":{"type":"Polygon","coordinates":[[[15.4756,45.522],[15.477,45.5183],[15.4581,45.5127],[15.4581,45.5005],[15.4687,45.4955],[15.4758,45.4985],[15.4888,45.4906],[15.4845,45.4822],[15.4968,45.4828],[15.4982,45.4769],[15.5058,45.4785],[15.5134,45.4649],[15.5258,45.464],[15.5252,45.4445],[15.5527,45.4496],[15.5619,45.4551],[15.5652,45.4477],[15.5565,45.442],[15.5672,45.4398],[15.562,45.4295],[15.5729,45.4231],[15.5726,45.4121],[15.5815,45.4036],[15.601,45.3942],[15.6102,45.3976],[15.6078,45.3883],[15.6099,45.3741],[15.6511,45.3756],[15.6593,45.3676],[15.6775,45.376],[15.6699,45.3835],[15.6793,45.3901],[15.6595,45.4016],[15.6526,45.4083],[15.6616,45.413],[15.6711,45.4115],[15.6828,45.4165],[15.6965,45.4069],[15.7129,45.4099],[15.7217,45.4063],[15.7205,45.398],[15.7302,45.3924],[15.7379,45.3964],[15.7613,45.395],[15.7758,45.388],[15.785,45.3891],[15.7862,45.3835],[15.7947,45.3804],[15.8277,45.3893],[15.8255,45.4029],[15.816,45.4052],[15.8296,45.4097],[15.8299,45.415],[15.8434,45.4266],[15.8364,45.4316],[15.8268,45.432],[15.8177,45.4368],[15.8046,45.4376],[15.7958,45.4458],[15.7834,45.443],[15.7639,45.4567],[15.7706,45.4737],[15.7701,45.4801],[15.7604,45.4805],[15.7524,45.4911],[15.7537,45.504],[15.7628,45.5098],[15.7705,45.5098],[15.7772,45.5041],[15.7875,45.5059],[15.7952,45.5131],[15.786,45.5211],[15.7856,45.5319],[15.7903,45.5352],[15.7814,45.5382],[15.7739,45.5357],[15.765,45.5494],[15.7347,45.5606],[15.7461,45.5659],[15.7521,45.5751],[15.7499,45.6028],[15.7411,45.592],[15.7327,45.5884],[15.7391,45.5793],[15.7315,45.5692],[15.7343,45.5631],[15.7218,45.5659],[15.7152,45.5608],[15.7066,45.5675],[15.6961,45.5679],[15.6643,45.5565],[15.6371,45.552],[15.6223,45.5442],[15.6076,45.5264],[15.5997,45.5287],[15.583,45.543],[15.5683,45.5443],[15.5632,45.5661],[15.5722,45.5676],[15.5665,45.5749],[15.5683,45.589],[15.5629,45.5897],[15.5439,45.5868],[15.5386,45.5809],[15.5239,45.5809],[15.5183,45.5615],[15.5249,45.5562],[15.524,45.5493],[15.517,45.5581],[15.5081,45.56],[15.4975,45.5571],[15.4826,45.5576],[15.4679,45.5459],[15.4829,45.5376],[15.4851,45.532],[15.4775,45.529],[15.4756,45.522]]]},"properties":{"name":"Grad Karlovac","osm":"relation/7311200"}},
{"type":"Feature","geometry":{"type":"Polygon","coordinates":[[[15.8364,45.4316],[15.8478,45.454],[15.8542,45.4584],[15.8486,45.4631],[15.8309,45.4619],[15.8297,45.4936],[15.8433,45.4914],[15.8482,45.498],[15.8629,45.4988],[15.8785,45.5037],[15.8881,45.4946],[15.8998,45.4943],[15.9076,45.4824],[15.9221,45.4786],[15.9166,45.487],[15.925,45.4983],[15.9207,45.5132],[15.9024,45.5302],[15.8885,45.5306],[15.8769,45.5272],[15.8662,45.5325],[15.8718,45.5422],[15.8661,45.5462],[15.8518,45.5488],[15.8403,45.5475],[15.8215,45.537],[15.815,45.5254],[15.8029,45.525],[15.7938,45.5203],[15.786,45.5211],[15.7952,45.5131],[15.7875,45.5059],[15.7772,45.5041],[15.7705,45.5098],[15.7628,45.5098],[15.7537,45.504],[15.7524,45.4911],[15.7604,45.4805],[15.7701,45.4801],[15.7706,45.4737],[15.7639,45.4567],[15.7834,45.443],[15.7958,45.4458],[15.8046,45.4376],[15.8177,45.4368],[15.8268,45.432],[15.8364,45.4316]]]},"properties":{"name":"Općina Lasinja","osm":"relation/7314479"}},
{"type":"Feature","geometry":{"type":"Polygon","coordinates":[[[15.2061,44.2495],[15.2226,44.2382],[15.2443,44.2359],[15.243,44.2298],[15.2488,44.2164],[15.2707,44.2009],[15.2785,44.2101],[15.2906,44.2083],[15.3141,44.221],[15.3021,44.2325],[15.2861,44.2357],[15.2779,44.2434],[15.2815,44.2485],[15.2631,44.2577],[15.2443,44.27],[15.2333,44.2815],[15.2174,44.2895],[15.2064,44.2911],[15.2161,44.284],[15.2105,44.2791],[15.2013,44.286],[15.191,44.2809],[15.2035,44.2726],[15.2134,44.2566],[15.2061,44.2495]]]},"properties":{"name":"Općina Vrsi","osm":"relation/7437724"}},
{"type":"Feature","geometry":{"type":"Polygon","coordinates":[[[15.2183,44.0464],[15.2293,44.0379],[15.2309,44.0264],[15.2438,44.0237],[15.2377,44.0169],[15.2424,44.0097],[15.251,44.0145],[15.2501,44.0195],[15.2601,44.0222],[15.2437,44.0459],[15.2361,44.0463],[15.2261,44.0556],[15.2183,44.0464]]]},"properties":{"name":"Općina Kukljica","osm":"relation/7437725"}},
{"type":"Feature","geometry":{"type":"Polygon","coordinates":[[[15.1717,44.0545],[15.1929,44.036],[15.2053,44.0362],[15.2008,44.0473],[15.2149,44.0379],[15.212,44.049],[15.2183,44.0464],[15.2261,44.0556],[15.2028,44.0651],[15.1952,44.0734],[15.1972,44.0698],[15.1717,44.0545]]]},"properties":{"name":"Općina Kali","osm":"relation/7437726"}},
{"type":"Feature","geometry":{"type":"MultiPolygon","coordinates":[[[[14.9832,44.151],[15.0072,44.1347],[15.015,44.1369],[15.0252,44.125],[15.0305,44.1255],[15.0345,44.1382],[15.0249,44.1472],[15.0189,44.1475],[15.0041,44.1617],[14.9947,44.1602],[14.9776,44.1781],[14.9487,44.2012],[14.9418,44.1961],[14.9461,44.1865],[14.9713,44.1654],[14.9721,44.1582],[14.9796,44.1574],[14.9832,44.151]]],[[[15.0529,44.141],[15.0533,44.1539],[15.045,44.1546],[15.0244,44.1708],[15.0196,44.1649],[15.0344,44.1495],[15.0529,44.141]]],[[[15.1952,44.0734],[15.193,44.0793],[15.1832,44.0844],[15.187,44.0921],[15.177,44.0987],[15.1719,44.0941],[15.1664,44.102],[15.1537,44.1077],[15.1529,44.1025],[15.1446,44.1125],[15.1357,44.115],[15.128,44.125],[15.1208,44.1235],[15.1047,44.1292],[15.105,44.1357],[15.0816,44.1465],[15.0672,44.1577],[15.0604,44.153],[15.0727,44.1391],[15.065,44.1355],[15.09,44.1195],[15.0987,44.1087],[15.1199,44.1014],[15.1304,44.0861],[15.1625,44.0596],[15.1717,44.0545],[15.1972,44.0698],[15.1952,44.0734]]]]},"properties":{"name":"Općina Preko","osm":"relation/7437727"}},
{"type":"Feature","geometry":{"type":"MultiPolygon","coordinates":[[[[14.7486,44.8751],[14.7356,44.8754],[14.746,44.8599],[14.755,44.8567],[14.7757,44.8545],[14.7812,44.857],[14.772,44.8713],[14.7476,44.885],[14.7486,44.8751]]],[[[14.8391,44.8469],[14.8268,44.85],[14.8153,44.8482],[14.8007,44.8511],[14.8046,44.8389],[14.8168,44.8345],[14.8229,44.827],[14.8279,44.8377],[14.8397,44.8384],[14.8391,44.8469]]],[[[14.7438,44.8142],[14.7372,44.8201],[14.7453,44.8247],[14.7575,44.8263],[14.7542,44.8303],[14.7597,44.8428],[14.7527,44.8396],[14.7464,44.8457],[14.752,44.8509],[14.7344,44.8455],[14.7198,44.8501],[14.7215,44.8324],[14.7099,44.8405],[14.6891,44.846],[14.6787,44.8423],[14.6992,44.8224],[14.7103,44.8205],[14.7159,44.8123],[14.7312,44.815],[14.74,44.8087],[14.7438,44.8142]]]]},"properties":{"name":"Općina Lopar","osm":"relation/7465817"}},
{"type":"Feature","geometry":{"type":"MultiPolygon","coordinates":[[[[14.8428,44.6912],[14.825,44.7089],[14.7911,44.7329],[14.7715,44.7422],[14.8,44.7214],[14.8238,44.6972],[14.828,44.6904],[14.8411,44.6854],[14.8428,44.6912]]],[[[14.7159,44.8123],[14.7274,44.8022],[14.7252,44.7981],[14.7132,44.8015],[14.6989,44.8091],[14.7008,44.7935],[14.7076,44.7852],[14.694,44.7904],[14.6829,44.7979],[14.6761,44.796],[14.665,44.8009],[14.6551,44.7896],[14.6779,44.7673],[14.6923,44.7624],[14.695,44.7579],[14.7025,44.7619],[14.7044,44.7551],[14.7104,44.7632],[14.7212,44.7562],[14.739,44.7593],[14.7513,44.7519],[14.7337,44.7674],[14.7421,44.768],[14.7633,44.7533],[14.778,44.7473],[14.7839,44.7486],[14.7989,44.7348],[14.825,44.7152],[14.8414,44.7001],[14.8551,44.7002],[14.8604,44.7078],[14.8682,44.704],[14.8661,44.7211],[14.8625,44.7158],[14.8549,44.731],[14.8472,44.7347],[14.8273,44.7579],[14.8243,44.7576],[14.7702,44.795],[14.7438,44.8142],[14.74,44.8087],[14.7312,44.815],[14.7159,44.8123]]]]},"properties":{"name":"Grad Rab","osm":"relation/7465896"}},
{"type":"Feature","geometry":{"type":"Polygon","coordinates":[[[14.8966,44.5281],[14.9149,44.5151],[14.9211,44.5006],[14.9182,44.4972],[14.8999,44.497],[14.9073,44.4839],[14.9315,44.4681],[14.9463,44.4772],[14.954,44.4738],[14.9843,44.4889],[14.97,44.4999],[14.9767,44.5031],[14.9622,44.5133],[14.9477,44.519],[14.9418,44.5286],[14.9289,44.5371],[14.9155,44.5384],[14.8966,44.5281]]]},"properties":{"name":"Općina Kolan","osm":"relation/7466116"}},
{"type":"Feature","geometry":{"type":"MultiPolygon","coordinates":[[[[14.9621,44.4006],[14.9681,44.4052],[14.9487,44.4191],[14.9375,44.4224],[14.933,44.4277],[14.9213,44.4315],[14.9096,44.4479],[14.8982,44.4554],[14.8848,44.4547],[14.895,44.4399],[14.9097,44.4316],[14.9315,44.4133],[14.943,44.4077],[14.9534,44.4089],[14.9621,44.4006]]],[[[14.9315,44.4681],[14.9509,44.4645],[14.9594,44.4678],[14.9935,44.4473],[15.0082,44.4331],[15.0234,44.424],[15.0398,44.4038],[15.0367,44.394],[15.0499,44.3893],[15.0566,44.3917],[15.0675,44.3885],[15.069,44.3992],[15.0833,44.3969],[15.1162,44.3786],[15.1134,44.3694],[15.118,44.3662],[15.1429,44.3605],[15.1626,44.3641],[15.1701,44.3618],[15.1866,44.3591],[15.2317,44.3346],[15.2465,44.3276],[15.2576,44.3254],[15.2593,44.3331],[15.2511,44.3389],[15.2468,44.3497],[15.2242,44.3621],[15.2021,44.3781],[15.1859,44.376],[15.1707,44.3998],[15.1411,44.4111],[15.1415,44.4151],[15.1143,44.4423],[15.1014,44.4443],[15.0828,44.4555],[15.0766,44.4621],[15.0675,44.4643],[15.0526,44.4773],[15.043,44.4795],[15.0462,44.4631],[15.0532,44.4508],[15.053,44.4428],[15.0457,44.4415],[15.0277,44.4597],[15.0055,44.4778],[14.9976,44.4821],[14.9893,44.4934],[14.9767,44.5031],[14.97,44.4999],[14.9843,44.4889],[14.954,44.4738],[14.9463,44.4772],[14.9315,44.4681]]],[[[15.1724,44.3208],[15.1833,44.3163],[15.1892,44.3186],[15.1971,44.314],[15.2156,44.3093],[15.2188,44.3038],[15.2265,44.3064],[15.2162,44.3115],[15.2111,44.3189],[15.2362,44.3188],[15.2171,44.3344],[15.201,44.345],[15.1724,44.3208]]]]},"properties":{"name":"Grad Pag","osm":"relation/7466187"}},
{"type":"Feature","geometry":{"type":"Polygon","coordinates":[[[15.1134,44.3694],[15.0956,44.3704],[15.0884,44.3599],[15.1059,44.3478],[15.1069,44.3411],[15.0937,44.3373],[15.1019,44.3254],[15.158,44.2941],[15.1764,44.2891],[15.1812,44.2918],[15.1626,44.3046],[15.1586,44.3047],[15.1421,44.3188],[15.1328,44.3242],[15.1357,44.3321],[15.1454,44.3312],[15.1532,44.3262],[15.1724,44.3208],[15.201,44.345],[15.1921,44.3523],[15.1701,44.3618],[15.1626,44.3641],[15.1429,44.3605],[15.118,44.3662],[15.1134,44.3694]]]},"properties":{"name":"Općina Povljana","osm":"relation/7466197"}},
{"type":"Feature","geometry":{"type":"MultiPolygon","coordinates":[[[[15.507,43.8456],[15.5175,43.85],[15.5016,43.8572],[15.486,43.8606],[15.4922,43.851],[15.507,43.8456]]],[[[15.6372,43.8484],[15.6273,43.8542],[15.6427,43.8595],[15.6303,43.8724],[15.6188,43.8767],[15.6074,43.8848],[15.5833,43.9026],[15.5738,43.917],[15.5898,43.9305],[15.6113,43.9333],[15.6006,43.9369],[15.5995,43.9558],[15.5712,43.9754],[15.5746,43.9791],[15.5448,43.9818],[15.525,43.9778],[15.5096,43.981],[15.5123,43.9762],[15.5077,43.9407],[15.5019,43.9342],[15.5082,43.9283],[15.4916,43.9276],[15.4821,43.9137],[15.4885,43.915],[15.497,43.9076],[15.5156,43.9041],[15.5356,43.8884],[15.5287,43.8866],[15.5343,43.881],[15.5537,43.8715],[15.5589,43.8719],[15.5744,43.8857],[15.5927,43.8758],[15.6019,43.8649],[15.6316,43.8487],[15.6372,43.8484]]]]},"properties":{"name":"Općina Pakoštane","osm":"relation/7480946"}},
{"type":"Feature","geometry":{"type":"Polygon","coordinates":[[[15.5096,43.981],[15.4781,43.9982],[15.476,43.9996],[15.4561,43.9878],[15.4627,43.9796],[15.4551,43.9754],[15.4446,43.9571],[15.435,43.9539],[15.444,43.9473],[15.4436,43.933],[15.4694,43.9148],[15.4776,43.9187],[15.4821,43.9137],[15.4916,43.9276],[15.5082,43.9283],[15.5019,43.9342],[15.5077,43.9407],[15.5123,43.9762],[15.5096,43.981]]]},"properties":{"name":"Grad Biograd na Moru","osm":"relation/7480948"}},
{"type":"Feature","geometry":{"type":"MultiPolygon","coordinates":[[[[15.4075,43.9512],[15.4113,43.9549],[15.3968,43.9605],[15.3945,43.957],[15.4075,43.9512]]],[[[15.4555,44.0414],[15.4431,44.0418],[15.4243,44.0349],[15.4045,44.0221],[15.3923,44.0166],[15.3823,44.0261],[15.359,44.0161],[15.368,43.9999],[15.3859,43.9915],[15.394,43.9779],[15.4094,43.9658],[15.4219,43.9624],[15.435,43.9539],[15.4446,43.9571],[15.4551,43.9754],[15.4627,43.9796],[15.4561,43.9878],[15.476,43.9996],[15.446,44.0165],[15.4511,44.0286],[15.4582,44.0356],[15.4555,44.0414]]]]},"properties":{"name":"Općina Sveti Filip i Jakov","osm":"relation/7480949"}},
{"type":"Feature","geometry":{"type":"MultiPolygon","coordinates":[[[[15.4467,43.8596],[15.44,43.8679],[15.4308,43.8715],[15.432,43.8653],[15.4467,43.8596]]],[[[15.4259,43.8757],[15.4329,43.8819],[15.4304,43.8861],[15.4168,43.8851],[15.4259,43.8757]]],[[[15.3863,43.9139],[15.4032,43.9043],[15.4125,43.8966],[15.4274,43.8894],[15.434,43.8894],[15.4415,43.8959],[15.4505,43.8869],[15.4562,43.8965],[15.4297,43.9159],[15.4095,43.9284],[15.4009,43.9316],[15.3863,43.9139]]]]},"properties":{"name":"Općina Tkon","osm":"relation/7480950"}},
{"type":"Feature","geometry":{"type":"Polygon","coordinates":[[[15.4009,43.9316],[15.3944,43.9334],[15.3872,43.9444],[15.3898,43.9547],[15.3756,43.9675],[15.3647,43.9688],[15.3624,43.9647],[15.3531,43.9735],[15.3296,43.9878],[15.3242,43.9943],[15.2958,44.0015],[15.2875,44.0094],[15.2713,44.0136],[15.2664,44.0209],[15.2636,44.0155],[15.2519,44.015],[15.2576,44.0059],[15.2668,44.006],[15.2686,43.9951],[15.3001,43.9709],[15.3079,43.9545],[15.3284,43.9472],[15.3385,43.9347],[15.3492,43.9347],[15.3647,43.9241],[15.3576,43.9259],[15.3557,43.9202],[15.3627,43.9101],[15.3736,43.9072],[15.3753,43.9147],[15.3863,43.9139],[15.4009,43.9316]]]},"properties":{"name":"Općina Pašman","osm":"relation/7480951"}},
{"type":"Feature","geometry":{"type":"MultiPolygon","coordinates":[[[[15.2264,43.9209],[15.2134,43.9364],[15.2028,43.9446],[15.1935,43.9456],[15.202,43.9329],[15.2157,43.9227],[15.2264,43.9209]]],[[[15.208,43.8761],[15.2185,43.8758],[15.2268,43.8852],[15.2143,43.8882],[15.2171,43.8835],[15.208,43.8761]]],[[[14.9633,44.0954],[14.9536,44.0991],[14.9458,44.109],[14.94,44.1094],[14.9464,44.1169],[14.9244,44.1226],[14.9057,44.1399],[14.9116,44.1423],[14.8894,44.1567],[14.8729,44.1634],[14.8723,44.1677],[14.8539,44.1731],[14.867,44.1532],[14.8805,44.1396],[14.8679,44.1435],[14.8557,44.1517],[14.846,44.1522],[14.8523,44.1433],[14.8629,44.1408],[14.8565,44.1354],[14.8514,44.1425],[14.8331,44.1476],[14.8259,44.1536],[14.8248,44.1623],[14.8186,44.1556],[14.824,44.1459],[14.8442,44.1361],[14.8581,44.132],[14.8748,44.1237],[14.8735,44.1345],[14.888,44.1283],[14.9244,44.1016],[14.936,44.0869],[14.9589,44.0758],[14.9804,44.0587],[15.0023,44.0439],[15.0203,44.0248],[15.0271,44.0101],[15.0369,44.003],[15.0497,43.984],[15.0657,43.968],[15.073,43.9559],[15.0783,43.9563],[15.0913,43.9388],[15.1027,43.9272],[15.1612,43.8857],[15.1854,43.8749],[15.1857,43.8711],[15.1988,43.865],[15.195,43.8711],[15.2008,43.8737],[15.1955,43.8807],[15.1896,43.8785],[15.1738,43.8868],[15.1698,43.8962],[15.159,43.8911],[15.1489,43.8996],[15.1458,43.9149],[15.133,43.9146],[15.1303,43.9197],[15.1377,43.9287],[15.1651,43.9089],[15.1618,43.9048],[15.1892,43.9019],[15.1937,43.8951],[15.21,43.8876],[15.2192,43.8907],[15.2136,43.899],[15.2258,43.896],[15.2235,43.9046],[15.2094,43.9135],[15.1933,43.917],[15.1769,43.9271],[15.1476,43.9502],[15.1451,43.9554],[15.128,43.9597],[15.1257,43.9652],[15.1161,43.9703],[15.1193,43.9802],[15.1024,43.986],[15.0958,43.9786],[15.0694,43.9999],[15.0597,44.0022],[15.0482,44.0114],[15.0454,44.0196],[15.0291,44.0363],[15.028,44.0483],[15.0096,44.0824],[14.9951,44.0878],[14.9982,44.0784],[14.9705,44.0893],[14.9633,44.0954]]],[[[14.9476,44.1451],[14.9333,44.1587],[14.9137,44.1692],[14.8915,44.1758],[14.8909,44.1706],[14.9074,44.1611],[14.9149,44.1616],[14.9183,44.154],[14.9311,44.1538],[14.9437,44.1444],[14.9476,44.1451]]]]},"properties":{"name":"Općina Sali","osm":"relation/7480952"}},
{"type":"Feature","geometry":{"type":"Polygon","coordinates":[[[15.0301,44.3285],[15.02,44.326],[15.0177,44.3196],[15.0228,44.3071],[15.0457,44.2862],[15.0562,44.2843],[15.0781,44.2871],[15.0759,44.2938],[15.0837,44.2976],[15.1032,44.2967],[15.1189,44.2912],[15.1198,44.2804],[15.1322,44.2854],[15.134,44.2918],[15.125,44.2916],[15.1178,44.301],[15.1024,44.3067],[15.0837,44.3096],[15.0719,44.3195],[15.0556,44.3171],[15.0479,44.3257],[15.0362,44.3237],[15.0301,44.3285]]]},"properties":{"name":"Općina Vir","osm":"relation/7480956"}},
{"type":"Feature","geometry":{"type":"Polygon","coordinates":[[[15.5683,45.589],[15.5665,45.5749],[15.5722,45.5676],[15.5632,45.5661],[15.5683,45.5443],[15.583,45.543],[15.5997,45.5287],[15.6076,45.5264],[15.6223,45.5442],[15.6371,45.552],[15.6643,45.5565],[15.6961,45.5679],[15.7066,45.5675],[15.7152,45.5608],[15.7218,45.5659],[15.7343,45.5631],[15.7315,45.5692],[15.7266,45.5718],[15.7268,45.5839],[15.6952,45.6031],[15.6829,45.5978],[15.6773,45.6014],[15.665,45.5968],[15.6423,45.6105],[15.6239,45.6143],[15.6153,45.6203],[15.6051,45.6191],[15.6053,45.6124],[15.5925,45.6127],[15.5802,45.6046],[15.5683,45.589]]]},"properties":{"name":"Općina Draganić","osm":"relation/7609758"}},
{"type":"Feature","geometry":{"type":"Polygon","coordinates":[[[16.5902,43.4769],[16.5812,43.4879],[16.5722,43.4932],[16.5547,43.5104],[16.5434,43.5189],[16.5308,43.5049],[16.537,43.4927],[16.5575,43.4808],[16.5796,43.4656],[16.5891,43.4716],[16.5902,43.4769]]]},"properties":{"name":"Općina Podstrana","osm":"relation/7727966"}},
{"type":"Feature","geometry":{"type":"Polygon","coordinates":[[[15.9267,45.4744],[15.9248,45.4643],[15.9283,45.4545],[15.9362,45.4452],[15.9459,45.4418],[15.9462,45.4363],[15.9593,45.4317],[15.9628,45.427],[15.9744,45.4237],[15.9936,45.414],[15.9824,45.4112],[15.978,45.401],[15.9794,45.3829],[15.9831,45.377],[15.9798,45.3629],[15.9847,45.3596],[15.99,45.3452],[15.9965,45.3366],[15.995,45.3298],[16.012,45.327],[16.0371,45.339],[16.0481,45.3336],[16.0402,45.3307],[16.0442,45.3242],[16.0308,45.3154],[16.029,45.3022],[16.0165,45.2956],[16.0144,45.2849],[16.0203,45.2792],[16.009,45.2765],[16.016,45.2711],[16.0047,45.2627],[16.0003,45.2552],[16.0051,45.2529],[15.9999,45.2448],[15.9921,45.2463],[15.9772,45.2302],[16.0043,45.2173],[16.0147,45.218],[16.0228,45.2011],[16.0304,45.2011],[16.0157,45.1799],[16.0301,45.1811],[16.0465,45.1792],[16.0485,45.1847],[16.0609,45.187],[16.0794,45.1832],[16.0879,45.1943],[16.0865,45.18],[16.0919,45.1758],[16.0862,45.1714],[16.0988,45.1576],[16.1048,45.1612],[16.1358,45.1592],[16.1501,45.1681],[16.1643,45.1646],[16.1747,45.1778],[16.1736,45.1806],[16.2001,45.1817],[16.2184,45.1929],[16.2343,45.2084],[16.2387,45.2061],[16.2467,45.2147],[16.2561,45.2158],[16.267,45.2115],[16.2748,45.2222],[16.2735,45.236],[16.279,45.2493],[16.2865,45.2579],[16.2843,45.2675],[16.2853,45.291],[16.2755,45.2976],[16.2507,45.3082],[16.2393,45.3018],[16.2256,45.3174],[16.2268,45.3225],[16.2115,45.3282],[16.2093,45.337],[16.1954,45.3566],[16.2036,45.358],[16.1915,45.3726],[16.1968,45.3721],[16.199,45.3802],[16.1858,45.3825],[16.1882,45.3759],[16.1674,45.3759],[16.1528,45.3799],[16.1529,45.3971],[16.1432,45.3965],[16.1378,45.4012],[16.1312,45.3983],[16.1316,45.4067],[16.1266,45.4115],[16.1366,45.4202],[16.1354,45.4249],[16.1234,45.4275],[16.1285,45.4331],[16.1215,45.4353],[16.1055,45.4277],[16.0967,45.4284],[16.0798,45.4365],[16.0756,45.4495],[16.0653,45.4574],[16.0587,45.4671],[16.039,45.4848],[16.0227,45.4853],[16.0183,45.4886],[16.0056,45.4849],[15.9997,45.4776],[15.9891,45.4718],[15.974,45.4697],[15.9609,45.4718],[15.9486,45.47],[15.9267,45.4744]]]},"properties":{"name":"Grad Glina","osm":"relation/7896726"}},
{"type":"Feature","geometry":{"type":"Polygon","coordinates":[[[15.8057,45.3142],[15.8079,45.3111],[15.7901,45.2996],[15.7796,45.2779],[15.7806,45.268],[15.7927,45.261],[15.7991,45.2461],[15.8144,45.247],[15.8342,45.238],[15.8334,45.2309],[15.84,45.2244],[15.8475,45.2244],[15.8584,45.2171],[15.8722,45.2207],[15.8938,45.2166],[15.8885,45.2242],[15.8918,45.2292],[15.9151,45.2254],[15.9214,45.2306],[15.9264,45.2238],[15.9211,45.2125],[15.9446,45.2133],[15.9572,45.2208],[15.966,45.2218],[15.9772,45.2302],[15.9921,45.2463],[15.9999,45.2448],[16.0051,45.2529],[16.0003,45.2552],[16.0047,45.2627],[16.016,45.2711],[16.009,45.2765],[16.0203,45.2792],[16.0144,45.2849],[16.0165,45.2956],[16.029,45.3022],[16.0308,45.3154],[16.0442,45.3242],[16.0402,45.3307],[16.0481,45.3336],[16.0371,45.339],[16.012,45.327],[15.995,45.3298],[15.9965,45.3366],[15.99,45.3452],[15.9847,45.3596],[15.9798,45.3629],[15.9831,45.377],[15.9794,45.3829],[15.9713,45.3809],[15.9637,45.3734],[15.9473,45.3718],[15.9348,45.3743],[15.9293,45.3686],[15.92,45.3699],[15.9193,45.3638],[15.9259,45.3538],[15.9316,45.3575],[15.9362,45.3495],[15.9467,45.3469],[15.9576,45.3486],[15.9642,45.3418],[15.9637,45.3355],[15.9387,45.3345],[15.9313,45.3399],[15.9025,45.3451],[15.8981,45.3328],[15.9071,45.334],[15.9162,45.3276],[15.9116,45.3223],[15.9254,45.3166],[15.9205,45.3081],[15.8979,45.2986],[15.8909,45.2911],[15.8707,45.2987],[15.8618,45.3046],[15.8559,45.3022],[15.8395,45.3133],[15.8192,45.3198],[15.8057,45.3142]]]},"properties":{"name":"Općina Topusko","osm":"relation/7902049"}},
{"type":"Feature","geometry":{"type":"Polygon","coordinates":[[[15.7758,45.388],[15.7731,45.373],[15.7662,45.368],[15.7675,45.3562],[15.7775,45.3566],[15.7792,45.3495],[15.7896,45.3433],[15.7872,45.3387],[15.794,45.3313],[15.7949,45.32],[15.8057,45.3142],[15.8192,45.3198],[15.8395,45.3133],[15.8559,45.3022],[15.8618,45.3046],[15.8707,45.2987],[15.8909,45.2911],[15.8979,45.2986],[15.9205,45.3081],[15.9254,45.3166],[15.9116,45.3223],[15.9162,45.3276],[15.9071,45.334],[15.8981,45.3328],[15.9025,45.3451],[15.9313,45.3399],[15.9387,45.3345],[15.9637,45.3355],[15.9642,45.3418],[15.9576,45.3486],[15.9467,45.3469],[15.9362,45.3495],[15.9316,45.3575],[15.9259,45.3538],[15.9193,45.3638],[15.92,45.3699],[15.9293,45.3686],[15.9348,45.3743],[15.9473,45.3718],[15.9637,45.3734],[15.9713,45.3809],[15.9794,45.3829],[15.978,45.401],[15.9824,45.4112],[15.9936,45.414],[15.9744,45.4237],[15.9628,45.427],[15.9593,45.4317],[15.9462,45.4363],[15.9459,45.4418],[15.9362,45.4452],[15.9283,45.4545],[15.9248,45.4643],[15.9267,45.4744],[15.9221,45.4786],[15.9076,45.4824],[15.8998,45.4943],[15.8881,45.4946],[15.8785,45.5037],[15.8629,45.4988],[15.8482,45.498],[15.8433,45.4914],[15.8297,45.4936],[15.8309,45.4619],[15.8486,45.4631],[15.8542,45.4584],[15.8478,45.454],[15.8364,45.4316],[15.8434,45.4266],[15.8299,45.415],[15.8296,45.4097],[15.816,45.4052],[15.8255,45.4029],[15.8277,45.3893],[15.7947,45.3804],[15.7862,45.3835],[15.785,45.3891],[15.7758,45.388]]]},"properties":{"name":"Općina Gvozd","osm":"relation/7902050"}},
{"type":"Feature","geometry":{"type":"Polygon","coordinates":[[[16.2536,46.2526],[16.2405,46.2466],[16.232,46.2476],[16.224,46.2583],[16.2284,46.2647],[16.2182,46.2577],[16.2114,46.2617],[16.2077,46.2551],[16.1934,46.2505],[16.1895,46.2461],[16.1808,46.248],[16.1693,46.241],[16.161,46.2454],[16.1468,46.246],[16.141,46.2431],[16.1262,46.2579],[16.1191,46.2626],[16.1105,46.2616],[16.1068,46.2557],[16.1108,46.2442],[16.0939,46.2484],[16.0824,46.244],[16.0725,46.2491],[16.073,46.257],[16.0568,46.2577],[16.0486,46.2485],[16.0504,46.2344],[16.0581,46.2249],[16.0736,46.2239],[16.0765,46.228],[16.0872,46.2111],[16.0801,46.2062],[16.0768,46.1971],[16.0955,46.1945],[16.1027,46.1967],[16.1084,46.1833],[16.113,46.1799],[16.1261,46.1822],[16.1477,46.1793],[16.1538,46.1889],[16.1626,46.1897],[16.1644,46.2008],[16.185,46.2055],[16.1985,46.2119],[16.206,46.1997],[16.1964,46.1971],[16.1974,46.1924],[16.214,46.1883],[16.2484,46.1904],[16.2536,46.2046],[16.2456,46.2055],[16.2543,46.2239],[16.2686,46.2247],[16.2765,46.2319],[16.2596,46.2529],[16.2536,46.2526]]]},"properties":{"name":"Grad Ivanec","osm":"relation/7930975"}},
{"type":"Feature","geometry":{"type":"Polygon","coordinates":[[[16.267,45.2115],[16.2619,45.1931],[16.2705,45.1948],[16.295,45.2145],[16.3014,45.224],[16.3092,45.2133],[16.3198,45.2135],[16.3303,45.222],[16.3264,45.229],[16.332,45.2388],[16.3384,45.2498],[16.3396,45.2662],[16.3532,45.2814],[16.3701,45.2891],[16.376,45.2979],[16.3734,45.3133],[16.3799,45.3315],[16.3885,45.3374],[16.3876,45.345],[16.3944,45.3477],[16.3858,45.3587],[16.3754,45.3669],[16.3874,45.3729],[16.383,45.38],[16.3957,45.3939],[16.3858,45.3992],[16.3784,45.391],[16.3744,45.3956],[16.3654,45.3939],[16.3663,45.409],[16.3612,45.4187],[16.3665,45.4335],[16.3648,45.4468],[16.3541,45.445],[16.344,45.4546],[16.336,45.4578],[16.3288,45.4727],[16.31,45.4638],[16.3023,45.4655],[16.2729,45.462],[16.2707,45.4671],[16.2732,45.4816],[16.2662,45.4944],[16.2572,45.4979],[16.2494,45.495],[16.247,45.488],[16.2363,45.4802],[16.2338,45.4832],[16.2393,45.5027],[16.228,45.5014],[16.2131,45.5074],[16.1999,45.5075],[16.2002,45.4954],[16.1928,45.4927],[16.1838,45.4789],[16.1772,45.4783],[16.1666,45.4845],[16.156,45.4826],[16.1429,45.4861],[16.1463,45.4738],[16.1376,45.4785],[16.1156,45.4803],[16.0971,45.4721],[16.0914,45.4655],[16.0984,45.4625],[16.1105,45.4513],[16.1105,45.4421],[16.1215,45.4353],[16.1285,45.4331],[16.1234,45.4275],[16.1354,45.4249],[16.1366,45.4202],[16.1266,45.4115],[16.1316,45.4067],[16.1312,45.3983],[16.1378,45.4012],[16.1432,45.3965],[16.1529,45.3971],[16.1528,45.3799],[16.1674,45.3759],[16.1882,45.3759],[16.1858,45.3825],[16.199,45.3802],[16.1968,45.3721],[16.1915,45.3726],[16.2036,45.358],[16.1954,45.3566],[16.2093,45.337],[16.2115,45.3282],[16.2268,45.3225],[16.2256,45.3174],[16.2393,45.3018],[16.2507,45.3082],[16.2755,45.2976],[16.2853,45.291],[16.2843,45.2675],[16.2865,45.2579],[16.279,45.2493],[16.2735,45.236],[16.2748,45.2222],[16.267,45.2115]]]},"properties":{"name":"Grad Petrinja","osm":"relation/8076890"}},
{"type":"Feature","geometry":{"type":"Polygon","coordinates":[[[15.7671,45.8874],[15.7538,45.8877],[15.7397,45.8995],[15.7255,45.9004],[15.7035,45.8921],[15.6923,45.8948],[15.6986,45.9044],[15.706,45.9056],[15.692,45.9123],[15.6795,45.9045],[15.6834,45.8888],[15.6914,45.8856],[15.6896,45.8803],[15.6775,45.8689],[15.6832,45.8637],[15.6986,45.8581],[15.7093,45.8465],[15.7263,45.8514],[15.7423,45.8485],[15.746,45.8372],[15.756,45.8452],[15.7749,45.8514],[15.7717,45.8679],[15.7789,45.8868],[15.7671,45.8874]]]},"properties":{"name":"Općina Brdovec","osm":"relation/8269691"}},
{"type":"Feature","geometry":{"type":"Polygon","coordinates":[[[15.8255,45.7751],[15.8217,45.7785],[15.8427,45.7895],[15.8362,45.7923],[15.8336,45.8106],[15.8235,45.8268],[15.8007,45.835],[15.7836,45.8344],[15.7796,45.8234],[15.7556,45.7955],[15.7577,45.7818],[15.7675,45.7757],[15.7685,45.7625],[15.7806,45.7601],[15.8068,45.7489],[15.8144,45.7547],[15.8121,45.7645],[15.8191,45.7649],[15.8255,45.7751]]]},"properties":{"name":"Grad Sveta Nedelja","osm":"relation/8281993"}},
{"type":"Feature","geometry":{"type":"Polygon","coordinates":[[[15.8025,45.7363],[15.8157,45.7259],[15.8233,45.7233],[15.8354,45.7285],[15.8536,45.7173],[15.8714,45.7312],[15.8663,45.7336],[15.8769,45.7381],[15.885,45.7509],[15.8796,45.7556],[15.8667,45.7572],[15.8655,45.7651],[15.8408,45.7657],[15.8417,45.7704],[15.8255,45.7751],[15.8191,45.7649],[15.8121,45.7645],[15.8144,45.7547],[15.8068,45.7489],[15.8025,45.7363]]]},"properties":{"name":"Općina Stupnik","osm":"relation/8296545"}},
{"type":"Feature","geometry":{"type":"Polygon","coordinates":[[[15.8025,45.7363],[15.8068,45.7489],[15.7806,45.7601],[15.7685,45.7625],[15.7675,45.7757],[15.7577,45.7818],[15.7556,45.7955],[15.7796,45.8234],[15.7836,45.8344],[15.7859,45.8392],[15.7737,45.8408],[15.7749,45.8514],[15.756,45.8452],[15.746,45.8372],[15.7423,45.8485],[15.7263,45.8514],[15.7093,45.8465],[15.6963,45.8494],[15.695,45.8443],[15.663,45.8385],[15.6509,45.831],[15.6419,45.8204],[15.6338,45.8301],[15.6161,45.8358],[15.6089,45.8406],[15.5833,45.8471],[15.5726,45.8535],[15.5629,45.8439],[15.5594,45.8343],[15.551,45.8455],[15.5386,45.8476],[15.5363,45.8297],[15.5208,45.8212],[15.5013,45.822],[15.5029,45.8285],[15.4927,45.832],[15.4789,45.8275],[15.4788,45.82],[15.4659,45.8184],[15.4759,45.7981],[15.4626,45.7935],[15.4559,45.7947],[15.461,45.7843],[15.4553,45.7765],[15.4633,45.7753],[15.4613,45.7695],[15.4731,45.7657],[15.477,45.7703],[15.4701,45.7791],[15.4801,45.7849],[15.5031,45.7852],[15.5055,45.7767],[15.4969,45.7668],[15.4971,45.7618],[15.5252,45.7554],[15.5422,45.7421],[15.5449,45.7499],[15.5599,45.7483],[15.5701,45.7516],[15.5679,45.7558],[15.5793,45.7583],[15.5998,45.7555],[15.6091,45.7514],[15.6158,45.7439],[15.6274,45.7444],[15.63,45.75],[15.6377,45.7345],[15.6504,45.7391],[15.6556,45.7366],[15.6684,45.7447],[15.6724,45.7438],[15.6904,45.7502],[15.7139,45.746],[15.7262,45.7407],[15.7349,45.7312],[15.7381,45.7216],[15.7338,45.7075],[15.7413,45.7029],[15.7488,45.7044],[15.7517,45.698],[15.7608,45.6972],[15.7583,45.6907],[15.7599,45.6766],[15.7677,45.6779],[15.7771,45.69],[15.7732,45.7081],[15.7781,45.713],[15.785,45.7287],[15.8025,45.7363]]]},"properties":{"name":"Grad Samobor","osm":"relation/8308716"}},
{"type":"Feature","geometry":{"type":"Polygon","coordinates":[[[15.7466,45.929],[15.7415,45.9211],[15.7526,45.9218],[15.7504,45.9157],[15.7582,45.9035],[15.7667,45.8963],[15.7671,45.8874],[15.7789,45.8868],[15.7883,45.8844],[15.7883,45.898],[15.7967,45.9083],[15.7955,45.9214],[15.7836,45.9335],[15.7938,45.9372],[15.7763,45.9424],[15.7729,45.9503],[15.7646,45.9444],[15.7605,45.935],[15.7466,45.929]]]},"properties":{"name":"Općina Pušća","osm":"relation/8308870"}},
{"type":"Feature","geometry":{"type":"Polygon","coordinates":[[[15.7092,45.9314],[15.705,45.9304],[15.7059,45.9199],[15.692,45.9123],[15.706,45.9056],[15.6986,45.9044],[15.6923,45.8948],[15.7035,45.8921],[15.7255,45.9004],[15.7397,45.8995],[15.7538,45.8877],[15.7671,45.8874],[15.7667,45.8963],[15.7582,45.9035],[15.7504,45.9157],[15.7526,45.9218],[15.7415,45.9211],[15.7466,45.929],[15.7288,45.9303],[15.721,45.9364],[15.7092,45.9314]]]},"properties":{"name":"Općina Marija Gorica","osm":"relation/8308956"}},
{"type":"Feature","geometry":{"type":"Polygon","coordinates":[[[15.7729,45.9503],[15.7763,45.9424],[15.7938,45.9372],[15.7836,45.9335],[15.7955,45.9214],[15.7967,45.9083],[15.7883,45.898],[15.7883,45.8844],[15.7789,45.8868],[15.7717,45.8679],[15.7749,45.8514],[15.7737,45.8408],[15.7859,45.8392],[15.7836,45.8344],[15.8007,45.835],[15.8235,45.8268],[15.8217,45.8383],[15.8294,45.8421],[15.8403,45.8396],[15.8548,45.854],[15.8641,45.8525],[15.874,45.8556],[15.8774,45.8653],[15.87,45.8762],[15.8576,45.8837],[15.8391,45.8832],[15.8185,45.8784],[15.8216,45.889],[15.8109,45.9089],[15.8227,45.9253],[15.817,45.9336],[15.8203,45.9393],[15.8119,45.9423],[15.809,45.9524],[15.7984,45.9586],[15.784,45.9619],[15.7729,45.955],[15.7729,45.9503]]]},"properties":{"name":"Grad Zaprešić","osm":"relation/8309000"}},
{"type":"Feature","geometry":{"type":"Polygon","coordinates":[[[15.3297,45.7625],[15.3358,45.7535],[15.328,45.7431],[15.3346,45.7341],[15.3475,45.7351],[15.3711,45.7211],[15.3723,45.7124],[15.3813,45.7114],[15.3966,45.7035],[15.4058,45.7036],[15.4046,45.6924],[15.4189,45.6873],[15.4201,45.6954],[15.4461,45.6867],[15.4489,45.6925],[15.4571,45.6908],[15.4795,45.6997],[15.4964,45.6954],[15.4989,45.7018],[15.491,45.7138],[15.4946,45.7216],[15.4942,45.7348],[15.4852,45.7429],[15.4882,45.7513],[15.4971,45.7618],[15.4969,45.7668],[15.5055,45.7767],[15.5031,45.7852],[15.4801,45.7849],[15.4701,45.7791],[15.477,45.7703],[15.4731,45.7657],[15.4613,45.7695],[15.4633,45.7753],[15.4553,45.7765],[15.461,45.7843],[15.4559,45.7947],[15.445,45.7958],[15.4132,45.7951],[15.3995,45.7921],[15.3813,45.779],[15.3745,45.7808],[15.3684,45.7761],[15.3517,45.7729],[15.3297,45.7625]]]},"properties":{"name":"Općina Žumberak","osm":"relation/8309099"}},
{"type":"Feature","geometry":{"type":"Polygon","coordinates":[[[15.5422,45.7421],[15.5353,45.7408],[15.5127,45.7242],[15.5281,45.7193],[15.529,45.7073],[15.5242,45.702],[15.5414,45.691],[15.5421,45.6805],[15.5497,45.6772],[15.5538,45.6677],[15.5528,45.6418],[15.5443,45.6382],[15.5519,45.6287],[15.5608,45.6256],[15.5463,45.6145],[15.5541,45.6109],[15.5536,45.5996],[15.5629,45.5897],[15.5683,45.589],[15.5802,45.6046],[15.5925,45.6127],[15.6053,45.6124],[15.6051,45.6191],[15.6153,45.6203],[15.6239,45.6143],[15.6423,45.6105],[15.665,45.5968],[15.6773,45.6014],[15.6829,45.5978],[15.6952,45.6031],[15.7268,45.5839],[15.7266,45.5718],[15.7315,45.5692],[15.7391,45.5793],[15.7327,45.5884],[15.7411,45.592],[15.7499,45.6028],[15.7521,45.5751],[15.7611,45.5784],[15.7627,45.5845],[15.7703,45.5854],[15.7768,45.6008],[15.776,45.6098],[15.762,45.5981],[15.7386,45.6158],[15.7441,45.6203],[15.7425,45.6323],[15.7352,45.6352],[15.7238,45.6234],[15.7137,45.624],[15.7166,45.6434],[15.7215,45.6469],[15.7266,45.6623],[15.7118,45.6964],[15.715,45.7006],[15.7072,45.7188],[15.6905,45.7376],[15.6744,45.7365],[15.6724,45.7438],[15.6684,45.7447],[15.6556,45.7366],[15.6504,45.7391],[15.6377,45.7345],[15.63,45.75],[15.6274,45.7444],[15.6158,45.7439],[15.6091,45.7514],[15.5998,45.7555],[15.5793,45.7583],[15.5679,45.7558],[15.5701,45.7516],[15.5599,45.7483],[15.5449,45.7499],[15.5422,45.7421]]]},"properties":{"name":"Grad Jastrebarsko","osm":"relation/8309186"}},
{"type":"Feature","geometry":{"type":"Polygon","coordinates":[[[15.5536,45.5996],[15.5541,45.6109],[15.5463,45.6145],[15.5608,45.6256],[15.5519,45.6287],[15.5443,45.6382],[15.5528,45.6418],[15.5538,45.6677],[15.5497,45.6772],[15.5421,45.6805],[15.5414,45.691],[15.5242,45.702],[15.529,45.7073],[15.5281,45.7193],[15.5127,45.7242],[15.5353,45.7408],[15.5422,45.7421],[15.5252,45.7554],[15.4971,45.7618],[15.4882,45.7513],[15.4852,45.7429],[15.4942,45.7348],[15.4946,45.7216],[15.491,45.7138],[15.4989,45.7018],[15.4964,45.6954],[15.4795,45.6997],[15.4571,45.6908],[15.4489,45.6925],[15.4461,45.6867],[15.4558,45.6801],[15.4431,45.6751],[15.4589,45.6706],[15.4637,45.6611],[15.4743,45.6526],[15.4891,45.6495],[15.4992,45.6433],[15.5118,45.6411],[15.5174,45.635],[15.5126,45.6308],[15.5131,45.62],[15.5049,45.6151],[15.5179,45.6078],[15.5265,45.611],[15.5536,45.5996]]]},"properties":{"name":"Općina Krašić","osm":"relation/8309200"}},
{"type":"Feature","geometry":{"type":"Polygon","coordinates":[[[15.7092,45.9314],[15.721,45.9364],[15.7288,45.9303],[15.7466,45.929],[15.7605,45.935],[15.7646,45.9444],[15.7729,45.9503],[15.7729,45.955],[15.7748,45.9623],[15.7679,45.9724],[15.7501,45.9752],[15.7381,45.9699],[15.7155,45.9702],[15.713,45.9767],[15.7066,45.9753],[15.71,45.962],[15.7078,45.9388],[15.7092,45.9314]]]},"properties":{"name":"Općina Dubravica","osm":"relation/8309471"}},
{"type":"Feature","geometry":{"type":"Polygon","coordinates":[[[15.8463,45.9755],[15.8433,45.9644],[15.8273,45.9581],[15.8203,45.9393],[15.817,45.9336],[15.8227,45.9253],[15.8396,45.9231],[15.8582,45.9233],[15.871,45.9287],[15.9165,45.9299],[15.9231,45.9259],[15.9478,45.9325],[15.9555,45.9239],[15.9604,45.9258],[15.9485,45.9336],[15.939,45.9355],[15.9223,45.9476],[15.9295,45.9499],[15.9221,45.9552],[15.8986,45.9595],[15.8891,45.967],[15.8737,45.9685],[15.8707,45.974],[15.8463,45.9755]]]},"properties":{"name":"Općina Jakovlje","osm":"relation/8309487"}},
{"type":"Feature","geometry":{"type":"Polygon","coordinates":[[[15.8774,45.8653],[15.8826,45.8621],[15.89,45.8757],[15.9036,45.8854],[15.9351,45.8899],[15.9492,45.9009],[15.9568,45.9016],[15.9541,45.9037],[15.9555,45.9239],[15.9478,45.9325],[15.9231,45.9259],[15.9165,45.9299],[15.871,45.9287],[15.8582,45.9233],[15.8396,45.9231],[15.8227,45.9253],[15.8109,45.9089],[15.8216,45.889],[15.8185,45.8784],[15.8391,45.8832],[15.8576,45.8837],[15.87,45.8762],[15.8774,45.8653]]]},"properties":{"name":"Općina Bistra","osm":"relation/8309513"}},
{"type":"Feature","geometry":{"type":"Polygon","coordinates":[[[18.8483,45.4817],[18.8315,45.4789],[18.8261,45.4812],[18.7984,45.5049],[18.818,45.514],[18.8403,45.519],[18.8489,45.5163],[18.8631,45.5311],[18.8637,45.5403],[18.8588,45.5511],[18.8388,45.5495],[18.8351,45.5589],[18.8207,45.5503],[18.813,45.5517],[18.7879,45.5451],[18.7691,45.5424],[18.7601,45.5462],[18.754,45.5555],[18.7346,45.5632],[18.7374,45.5676],[18.7258,45.5698],[18.7272,45.5757],[18.7077,45.5739],[18.6969,45.5737],[18.6978,45.5794],[18.6852,45.5805],[18.6661,45.5745],[18.6569,45.5771],[18.6484,45.5736],[18.6243,45.5826],[18.6076,45.5964],[18.6017,45.5866],[18.5827,45.5857],[18.5755,45.5963],[18.5568,45.5853],[18.5627,45.5847],[18.5567,45.5643],[18.5622,45.5513],[18.5711,45.553],[18.5757,45.5449],[18.5956,45.5439],[18.5981,45.5381],[18.619,45.5356],[18.6217,45.5097],[18.6442,45.5107],[18.697,45.5213],[18.7257,45.4937],[18.7153,45.4884],[18.7608,45.4448],[18.7863,45.4466],[18.7947,45.4566],[18.8026,45.4641],[18.8165,45.4579],[18.8354,45.4683],[18.8429,45.4643],[18.8519,45.4756],[18.8483,45.4817]]]},"properties":{"name":"Grad Osijek","osm":"relation/8309777"}},
{"type":"Feature","geometry":{"type":"Polygon","coordinates":[[[15.7729,45.955],[15.784,45.9619],[15.7984,45.9586],[15.809,45.9524],[15.8119,45.9423],[15.8203,45.9393],[15.8273,45.9581],[15.8433,45.9644],[15.8463,45.9755],[15.8378,45.9817],[15.8318,45.9782],[15.821,45.9896],[15.8008,45.9918],[15.7999,45.9866],[15.7902,45.986],[15.7798,45.9759],[15.7748,45.9623],[15.7729,45.955]]]},"properties":{"name":"Općina Luka","osm":"relation/8323376"}},
{"type":"Feature","geometry":{"type":"Polygon","coordinates":[[[16.4712,45.5756],[16.4367,45.6292],[16.4514,45.6584],[16.461,45.6738],[16.4676,45.6715],[16.4839,45.6766],[16.4915,45.6857],[16.4847,45.6934],[16.4856,45.7044],[16.5028,45.7052],[16.5262,45.6992],[16.5292,45.7055],[16.545,45.7042],[16.5474,45.7076],[16.5334,45.7097],[16.5257,45.715],[16.5283,45.7198],[16.5211,45.7251],[16.5089,45.7225],[16.5008,45.7254],[16.4886,45.7236],[16.4948,45.7317],[16.4734,45.7415],[16.4718,45.7331],[16.4604,45.7318],[16.4522,45.7191],[16.4402,45.7163],[16.4263,45.7244],[16.4086,45.72],[16.3992,45.7259],[16.3806,45.7227],[16.3777,45.7304],[16.3677,45.7388],[16.3684,45.7428],[16.3595,45.7375],[16.3327,45.7388],[16.3243,45.743],[16.3165,45.7319],[16.3025,45.7222],[16.2914,45.7215],[16.2929,45.7168],[16.2741,45.7103],[16.3042,45.6806],[16.3048,45.6752],[16.2882,45.6723],[16.2857,45.6623],[16.2939,45.6472],[16.2951,45.6376],[16.3019,45.6346],[16.3115,45.6412],[16.3349,45.647],[16.3451,45.6433],[16.3344,45.6214],[16.3474,45.624],[16.3626,45.6307],[16.3694,45.627],[16.391,45.6293],[16.3922,45.6219],[16.4053,45.6169],[16.4095,45.603],[16.4269,45.6047],[16.4293,45.5976],[16.4379,45.5998],[16.4495,45.5929],[16.4515,45.5866],[16.4676,45.5786],[16.4628,45.5674],[16.4712,45.5756]]]},"properties":{"name":"Grad Ivanić-Grad","osm":"relation/8325171"}},
{"type":"Feature","geometry":{"type":"Polygon","coordinates":[[[16.6099,45.6704],[16.6108,45.6751],[16.5972,45.6858],[16.5906,45.6763],[16.5848,45.6898],[16.5852,45.6995],[16.5776,45.6991],[16.5667,45.7143],[16.5474,45.7076],[16.545,45.7042],[16.5292,45.7055],[16.5262,45.6992],[16.5028,45.7052],[16.4856,45.7044],[16.4847,45.6934],[16.4915,45.6857],[16.4839,45.6766],[16.4676,45.6715],[16.461,45.6738],[16.4514,45.6584],[16.4367,45.6292],[16.4712,45.5756],[16.4808,45.5699],[16.4815,45.582],[16.4932,45.586],[16.5004,45.6014],[16.5166,45.6083],[16.5339,45.6097],[16.5471,45.6241],[16.5583,45.6266],[16.5639,45.6221],[16.574,45.6219],[16.594,45.6332],[16.59,45.6391],[16.5923,45.6477],[16.6069,45.6503],[16.6099,45.6704]]]},"properties":{"name":"Općina Križ","osm":"relation/8325172"}},
{"type":"Feature","geometry":{"type":"Polygon","coordinates":[[[15.6724,45.7438],[15.6744,45.7365],[15.6905,45.7376],[15.7072,45.7188],[15.715,45.7006],[15.7118,45.6964],[15.7266,45.6623],[15.7215,45.6469],[15.7166,45.6434],[15.7137,45.624],[15.7238,45.6234],[15.7352,45.6352],[15.7425,45.6323],[15.7441,45.6203],[15.7386,45.6158],[15.762,45.5981],[15.776,45.6098],[15.7911,45.617],[15.8034,45.6331],[15.8139,45.6398],[15.8183,45.6385],[15.828,45.6501],[15.8291,45.6707],[15.8168,45.6706],[15.8124,45.6789],[15.792,45.6832],[15.7771,45.69],[15.7677,45.6779],[15.7599,45.6766],[15.7583,45.6907],[15.7608,45.6972],[15.7517,45.698],[15.7488,45.7044],[15.7413,45.7029],[15.7338,45.7075],[15.7381,45.7216],[15.7349,45.7312],[15.7262,45.7407],[15.7139,45.746],[15.6904,45.7502],[15.6724,45.7438]]]},"properties":{"name":"Općina Klinča Sela","osm":"relation/8341166"}},
{"type":"Feature","geometry":{"type":"Polygon","coordinates":[[[15.951,45.9854],[15.9392,45.9844],[15.9291,45.979],[15.9085,45.9776],[15.8939,45.9723],[15.8986,45.9595],[15.9221,45.9552],[15.9295,45.9499],[15.9223,45.9476],[15.939,45.9355],[15.9485,45.9336],[15.9604,45.9258],[15.9555,45.9239],[15.9541,45.9037],[15.9568,45.9016],[15.9706,45.9082],[15.9749,45.9149],[16.0062,45.9288],[16.0013,45.9447],[15.9867,45.9491],[15.9841,45.9429],[15.9605,45.9432],[15.9556,45.9548],[15.9447,45.9668],[15.9437,45.9746],[15.951,45.9854]]]},"properties":{"name":"Općina Stubičke Toplice","osm":"relation/8382470"}},
{"type":"Feature","geometry":{"type":"Polygon","coordinates":[[[15.9518,46.0449],[15.9492,46.051],[15.9371,46.0516],[15.9345,46.0611],[15.9465,46.0675],[15.9465,46.0785],[15.9553,46.079],[15.9469,46.0915],[15.9482,46.0966],[15.9409,46.1027],[15.9415,46.112],[15.9274,46.1124],[15.9072,46.1082],[15.9021,46.1176],[15.8909,46.1134],[15.8924,46.1083],[15.8734,46.1116],[15.8664,46.1029],[15.8643,46.0978],[15.8734,46.0875],[15.8681,46.0776],[15.8762,46.065],[15.8864,46.0652],[15.8829,46.0477],[15.885,46.0418],[15.8989,46.053],[15.9064,46.0462],[15.9147,46.0481],[15.9207,46.0385],[15.9296,46.0458],[15.9379,46.0467],[15.9445,46.0353],[15.9518,46.0449]]]},"properties":{"name":"Općina Sveti Križ Začretje","osm":"relation/8382489"}},
{"type":"Feature","geometry":{"type":"Polygon","coordinates":[[[15.8762,46.065],[15.8717,46.0605],[15.8736,46.0505],[15.8643,46.0427],[15.8551,46.0455],[15.8512,46.0296],[15.8557,46.026],[15.8567,46.0037],[15.8595,45.9971],[15.8716,46.0058],[15.8853,46.0115],[15.9024,46.0109],[15.9101,46.0151],[15.9282,46.0185],[15.9345,46.0123],[15.9519,46.0121],[15.9726,46.0236],[15.9742,46.0272],[15.9609,46.0432],[15.9518,46.0449],[15.9445,46.0353],[15.9379,46.0467],[15.9296,46.0458],[15.9207,46.0385],[15.9147,46.0481],[15.9064,46.0462],[15.8989,46.053],[15.885,46.0418],[15.8829,46.0477],[15.8864,46.0652],[15.8762,46.065]]]},"properties":{"name":"Grad Zabok","osm":"relation/8382622"}},
{"type":"Feature","geometry":{"type":"Polygon","coordinates":[[[15.7938,46.0725],[15.8105,46.0675],[15.8309,46.0509],[15.8427,46.054],[15.8561,46.051],[15.8551,46.0455],[15.8643,46.0427],[15.8736,46.0505],[15.8717,46.0605],[15.8762,46.065],[15.8681,46.0776],[15.8734,46.0875],[15.8643,46.0978],[15.8664,46.1029],[15.8595,46.1051],[15.8435,46.1218],[15.8143,46.1326],[15.8121,46.1326],[15.8153,46.1256],[15.8042,46.1253],[15.7969,46.1197],[15.7789,46.1144],[15.7692,46.1088],[15.7734,46.1003],[15.7725,46.0874],[15.7838,46.0747],[15.7938,46.0725]]]},"properties":{"name":"Općina Krapinske Toplice","osm":"relation/8382634"}},
{"type":"Feature","geometry":{"type":"Polygon","coordinates":[[[15.9376,46.137],[15.9293,46.1379],[15.9269,46.1319],[15.9133,46.1228],[15.9001,46.1332],[15.9003,46.1387],[15.8895,46.1455],[15.8959,46.1711],[15.8877,46.1785],[15.8934,46.1861],[15.8835,46.1965],[15.8829,46.2045],[15.8702,46.2054],[15.8638,46.1946],[15.8542,46.1897],[15.8405,46.1876],[15.8533,46.1636],[15.8524,46.1515],[15.8389,46.1491],[15.8293,46.1409],[15.8143,46.1326],[15.8435,46.1218],[15.8595,46.1051],[15.8664,46.1029],[15.8734,46.1116],[15.8924,46.1083],[15.8909,46.1134],[15.9021,46.1176],[15.9072,46.1082],[15.9274,46.1124],[15.9415,46.112],[15.9421,46.1121],[15.9471,46.1178],[15.9414,46.121],[15.9499,46.1291],[15.9376,46.137]]]},"properties":{"name":"Grad Krapina","osm":"relation/8382636"}},
{"type":"Feature","geometry":{"type":"Polygon","coordinates":[[[16.0033,46.1118],[15.9946,46.1151],[15.9861,46.113],[15.9421,46.1121],[15.9415,46.112],[15.9409,46.1027],[15.9482,46.0966],[15.9469,46.0915],[15.9553,46.079],[15.9465,46.0785],[15.9465,46.0675],[15.9345,46.0611],[15.9371,46.0516],[15.9492,46.051],[15.9518,46.0449],[15.9609,46.0432],[15.9742,46.0272],[15.9726,46.0236],[15.9799,46.0274],[15.9945,46.0291],[16.0075,46.0371],[16.0253,46.0423],[16.0476,46.0474],[16.0522,46.0537],[16.0505,46.0639],[16.0424,46.0647],[16.0262,46.0722],[16.0182,46.0638],[16.0099,46.0756],[16.0174,46.0787],[16.01,46.0842],[16.0102,46.092],[15.9984,46.1027],[16.0033,46.1118]]]},"properties":{"name":"Općina Bedekovčina","osm":"relation/8382644"}},
{"type":"Feature","geometry":{"type":"Polygon","coordinates":[[[16.0062,45.9288],[16.0208,45.9311],[16.04,45.9392],[16.0519,45.9375],[16.0521,45.9431],[16.0432,45.9436],[16.0326,45.9503],[16.0124,45.9577],[16.0147,45.9635],[16.0002,45.9759],[15.9943,45.9882],[15.9935,46.0012],[16.0102,46.001],[16.0047,46.0098],[16.016,46.0145],[16.0154,46.025],[16.0075,46.0371],[15.9945,46.0291],[15.9799,46.0274],[15.9726,46.0236],[15.9519,46.0121],[15.9525,46.0062],[15.9651,45.994],[15.951,45.9854],[15.9437,45.9746],[15.9447,45.9668],[15.9556,45.9548],[15.9605,45.9432],[15.9841,45.9429],[15.9867,45.9491],[16.0013,45.9447],[16.0062,45.9288]]]},"properties":{"name":"Grad Donja Stubica","osm":"relation/8382655"}},
{"type":"Feature","geometry":{"type":"Polygon","coordinates":[[[16.0253,46.0423],[16.0075,46.0371],[16.0154,46.025],[16.016,46.0145],[16.0047,46.0098],[16.0102,46.001],[15.9935,46.0012],[15.9943,45.9882],[16.0002,45.9759],[16.0147,45.9635],[16.0124,45.9577],[16.0326,45.9503],[16.0432,45.9436],[16.0521,45.9431],[16.0626,45.9464],[16.0767,45.9559],[16.0897,45.9585],[16.0859,45.9696],[16.0794,45.9742],[16.0807,45.9824],[16.0877,45.9869],[16.0776,45.9926],[16.0746,46.0077],[16.0588,46.0195],[16.0296,46.0311],[16.0264,46.0423],[16.0253,46.0423]]]},"properties":{"name":"Općina Gornja Stubica","osm":"relation/8382666"}},
{"type":"Feature","geometry":{"type":"Polygon","coordinates":[[[16.1339,46.0827],[16.123,46.0916],[16.0998,46.0897],[16.1073,46.0828],[16.1026,46.0681],[16.0951,46.0607],[16.0837,46.0601],[16.0588,46.0707],[16.0505,46.0639],[16.0522,46.0537],[16.0476,46.0474],[16.0253,46.0423],[16.0264,46.0423],[16.0311,46.0393],[16.0491,46.04],[16.0633,46.044],[16.0783,46.0433],[16.091,46.0394],[16.1013,46.043],[16.124,46.041],[16.1393,46.0448],[16.1357,46.0478],[16.1418,46.0584],[16.1366,46.0648],[16.1373,46.077],[16.1339,46.0827]]]},"properties":{"name":"Općina Zlatar Bistrica","osm":"relation/8383502"}},
{"type":"Feature","geometry":{"type":"Polygon","coordinates":[[[16.0588,46.0707],[16.0837,46.0601],[16.0951,46.0607],[16.1026,46.0681],[16.1073,46.0828],[16.0998,46.0897],[16.123,46.0916],[16.1339,46.0827],[16.1439,46.0848],[16.1405,46.0907],[16.1479,46.0907],[16.1539,46.0999],[16.167,46.1037],[16.1576,46.1157],[16.1723,46.1223],[16.1726,46.1353],[16.1679,46.139],[16.1637,46.1584],[16.1449,46.1693],[16.1528,46.1732],[16.1477,46.1793],[16.1261,46.1822],[16.113,46.1799],[16.1084,46.1833],[16.1029,46.1786],[16.0849,46.1713],[16.0823,46.1618],[16.0852,46.1533],[16.079,46.1377],[16.0806,46.1247],[16.0772,46.1151],[16.0577,46.1137],[16.0556,46.1111],[16.054,46.1004],[16.0635,46.0962],[16.0636,46.0835],[16.0588,46.0707]]]},"properties":{"name":"Grad Zlatar","osm":"relation/8383531"}},
{"type":"Feature","geometry":{"type":"Polygon","coordinates":[[[16.0151,46.1369],[16.0089,46.1324],[16.0142,46.1151],[16.0033,46.1118],[15.9984,46.1027],[16.0102,46.092],[16.01,46.0842],[16.0174,46.0787],[16.0099,46.0756],[16.0182,46.0638],[16.0262,46.0722],[16.0424,46.0647],[16.0505,46.0639],[16.0588,46.0707],[16.0636,46.0835],[16.0635,46.0962],[16.054,46.1004],[16.0556,46.1111],[16.0492,46.1056],[16.0392,46.1052],[16.0478,46.1352],[16.0322,46.1442],[16.0209,46.1433],[16.0151,46.1369]]]},"properties":{"name":"Općina Mače","osm":"relation/8383541"}},
{"type":"Feature","geometry":{"type":"Polygon","coordinates":[[[16.1393,46.0448],[16.124,46.041],[16.1013,46.043],[16.091,46.0394],[16.0783,46.0433],[16.0633,46.044],[16.0491,46.04],[16.0311,46.0393],[16.0264,46.0423],[16.0296,46.0311],[16.0588,46.0195],[16.0746,46.0077],[16.0776,45.9926],[16.0877,45.9869],[16.0807,45.9824],[16.0794,45.9742],[16.0859,45.9696],[16.0897,45.9585],[16.0966,45.9534],[16.1078,45.9559],[16.114,45.9685],[16.1296,45.965],[16.1548,45.9688],[16.156,45.9797],[16.1618,45.9913],[16.1572,45.995],[16.1751,46.0006],[16.19,45.9966],[16.205,45.9955],[16.1809,46.011],[16.1768,46.0205],[16.176,46.0285],[16.1679,46.0337],[16.1533,46.0278],[16.1579,46.0333],[16.1393,46.0448]]]},"properties":{"name":"Općina Marija Bistrica","osm":"relation/8383574"}},
{"type":"Feature","geometry":{"type":"Polygon","coordinates":[[[16.1768,46.0205],[16.1968,46.0202],[16.2143,46.0244],[16.2218,46.0222],[16.2216,46.0277],[16.2091,46.0352],[16.2078,46.042],[16.2242,46.0594],[16.2328,46.0614],[16.2234,46.0649],[16.217,46.0622],[16.2063,46.0672],[16.1938,46.0655],[16.206,46.0794],[16.2005,46.1052],[16.1914,46.102],[16.1789,46.1032],[16.1754,46.0993],[16.167,46.1037],[16.1539,46.0999],[16.1479,46.0907],[16.1405,46.0907],[16.1439,46.0848],[16.1339,46.0827],[16.1373,46.077],[16.1366,46.0648],[16.1418,46.0584],[16.1357,46.0478],[16.1393,46.0448],[16.1579,46.0333],[16.1533,46.0278],[16.1679,46.0337],[16.176,46.0285],[16.1768,46.0205]]]},"properties":{"name":"Općina Konjščina","osm":"relation/8383580"}},
{"type":"Feature","geometry":{"type":"Polygon","coordinates":[[[18.8588,45.5511],[18.8637,45.5403],[18.8631,45.5311],[18.8489,45.5163],[18.8403,45.519],[18.818,45.514],[18.7984,45.5049],[18.8261,45.4812],[18.8315,45.4789],[18.8483,45.4817],[18.8862,45.4857],[18.9075,45.4739],[18.9167,45.4723],[18.9141,45.4655],[18.9244,45.4619],[18.9187,45.4566],[18.9367,45.4514],[18.9446,45.4422],[18.946,45.4324],[18.9508,45.4307],[18.9647,45.4346],[18.979,45.4353],[18.9841,45.4324],[19.0018,45.4321],[19.0048,45.435],[18.9944,45.4416],[18.9888,45.4554],[18.9916,45.4615],[18.9918,45.4796],[18.9986,45.4922],[19.006,45.4972],[19.0267,45.4892],[19.0497,45.4849],[19.0825,45.4878],[19.0988,45.4999],[19.1015,45.5097],[19.0958,45.5192],[19.0664,45.5309],[19.0373,45.5333],[19.0319,45.5358],[19.0266,45.5525],[19.0113,45.5572],[18.9984,45.5438],[18.9901,45.5387],[18.9618,45.5328],[18.9515,45.5329],[18.9271,45.5438],[18.8932,45.5465],[18.8774,45.5519],[18.8588,45.5511]]]},"properties":{"name":"Općina Erdut","osm":"relation/8384254"}},
{"type":"Feature","geometry":{"type":"Polygon","coordinates":[[[15.7809,46.0149],[15.7791,46.0293],[15.7851,46.0295],[15.7918,46.046],[15.7759,46.0544],[15.7722,46.0598],[15.7591,46.052],[15.7442,46.0606],[15.7356,46.0627],[15.7331,46.0583],[15.7146,46.0596],[15.7325,46.0445],[15.7161,46.035],[15.7156,46.0204],[15.7288,46.0158],[15.7313,46.007],[15.7429,46.0059],[15.7475,46.0003],[15.7556,46.0095],[15.7679,46.016],[15.7809,46.0149]]]},"properties":{"name":"Grad Klanjec","osm":"relation/8391752"}},
{"type":"Feature","geometry":{"type":"Polygon","coordinates":[[[15.7748,45.9623],[15.7798,45.9759],[15.7902,45.986],[15.7776,46.0002],[15.7809,46.0149],[15.7679,46.016],[15.7556,46.0095],[15.7475,46.0003],[15.7429,46.0059],[15.7313,46.007],[15.7288,46.0158],[15.7156,46.0204],[15.7064,46.0137],[15.7156,46.0097],[15.7007,45.9952],[15.7,45.9892],[15.7066,45.9753],[15.713,45.9767],[15.7155,45.9702],[15.7381,45.9699],[15.7501,45.9752],[15.7679,45.9724],[15.7748,45.9623]]]},"properties":{"name":"Općina Kraljevec na Sutli","osm":"relation/8391753"}},
{"type":"Feature","geometry":{"type":"Polygon","coordinates":[[[15.7146,46.0596],[15.7331,46.0583],[15.7356,46.0627],[15.727,46.0673],[15.7063,46.0905],[15.6908,46.0904],[15.6983,46.0973],[15.6901,46.0984],[15.683,46.1064],[15.668,46.1009],[15.6659,46.0932],[15.6485,46.0872],[15.659,46.0801],[15.6573,46.0723],[15.6683,46.074],[15.6803,46.0715],[15.6873,46.0643],[15.7102,46.0583],[15.7146,46.0596]]]},"properties":{"name":"Općina Kumrovec","osm":"relation/8395241"}},
{"type":"Feature","geometry":{"type":"Polygon","coordinates":[[[15.6485,46.0872],[15.6659,46.0932],[15.668,46.1009],[15.6597,46.1057],[15.6544,46.114],[15.6577,46.1197],[15.647,46.1427],[15.6351,46.1423],[15.6306,46.1373],[15.6206,46.1438],[15.6195,46.1524],[15.6241,46.1677],[15.6175,46.1715],[15.6042,46.1612],[15.6141,46.153],[15.5962,46.1463],[15.6136,46.1334],[15.6086,46.1085],[15.6144,46.1071],[15.6155,46.0993],[15.6253,46.0999],[15.6189,46.0917],[15.6327,46.0835],[15.6485,46.0872]]]},"properties":{"name":"Općina Zagorska Sela","osm":"relation/8399214"}},
{"type":"Feature","geometry":{"type":"Polygon","coordinates":[[[15.7461,46.1072],[15.7208,46.1221],[15.7191,46.1294],[15.7124,46.1258],[15.7091,46.1318],[15.7094,46.1469],[15.6991,46.1526],[15.6887,46.1638],[15.6745,46.1653],[15.6745,46.1752],[15.6615,46.1785],[15.6461,46.1719],[15.6241,46.1677],[15.6195,46.1524],[15.6206,46.1438],[15.6306,46.1373],[15.6351,46.1423],[15.647,46.1427],[15.6577,46.1197],[15.6544,46.114],[15.6597,46.1057],[15.668,46.1009],[15.683,46.1064],[15.6901,46.0984],[15.6983,46.0973],[15.7234,46.0953],[15.7352,46.1002],[15.7438,46.0959],[15.7461,46.1072]]]},"properties":{"name":"Općina Desinić","osm":"relation/8399265"}},
{"type":"Feature","geometry":{"type":"Polygon","coordinates":[[[15.6175,46.1715],[15.6241,46.1677],[15.6461,46.1719],[15.6615,46.1785],[15.689,46.1832],[15.7114,46.1839],[15.7228,46.177],[15.7226,46.1915],[15.73,46.1993],[15.74,46.2014],[15.7665,46.1999],[15.7736,46.2027],[15.775,46.2113],[15.7566,46.2071],[15.7509,46.2091],[15.7529,46.22],[15.741,46.2217],[15.73,46.2162],[15.7286,46.2227],[15.7018,46.2224],[15.6809,46.227],[15.6729,46.2263],[15.6629,46.2197],[15.6467,46.2167],[15.6412,46.2073],[15.648,46.2048],[15.6491,46.1918],[15.627,46.1735],[15.6175,46.1715]]]},"properties":{"name":"Općina Hum na Sutli","osm":"relation/8399292"}},
{"type":"Feature","geometry":{"type":"Polygon","coordinates":[[[15.7692,46.1088],[15.7461,46.1072],[15.7438,46.0959],[15.7352,46.1002],[15.7234,46.0953],[15.6983,46.0973],[15.6908,46.0904],[15.7063,46.0905],[15.727,46.0673],[15.7356,46.0627],[15.7442,46.0606],[15.7591,46.052],[15.7722,46.0598],[15.7792,46.0644],[15.7947,46.0657],[15.7938,46.0725],[15.7838,46.0747],[15.7725,46.0874],[15.7734,46.1003],[15.7692,46.1088]]]},"properties":{"name":"Općina Tuhelj","osm":"relation/8403016"}},
{"type":"Feature","geometry":{"type":"Polygon","coordinates":[[[15.7692,46.1088],[15.7789,46.1144],[15.7969,46.1197],[15.8042,46.1253],[15.8153,46.1256],[15.8121,46.1326],[15.8104,46.1388],[15.7992,46.1431],[15.7976,46.1529],[15.7893,46.1596],[15.7873,46.1672],[15.7955,46.1731],[15.7825,46.179],[15.7839,46.1964],[15.7665,46.1999],[15.74,46.2014],[15.73,46.1993],[15.7226,46.1915],[15.7228,46.177],[15.7114,46.1839],[15.689,46.1832],[15.6615,46.1785],[15.6745,46.1752],[15.6745,46.1653],[15.6887,46.1638],[15.6991,46.1526],[15.7094,46.1469],[15.7091,46.1318],[15.7124,46.1258],[15.7191,46.1294],[15.7208,46.1221],[15.7461,46.1072],[15.7692,46.1088]]]},"properties":{"name":"Grad Pregrada","osm":"relation/8403059"}},
{"type":"Feature","geometry":{"type":"Polygon","coordinates":[[[15.8595,45.9971],[15.8567,46.0037],[15.8557,46.026],[15.8512,46.0296],[15.8551,46.0455],[15.8561,46.051],[15.8427,46.054],[15.8309,46.0509],[15.8105,46.0675],[15.7938,46.0725],[15.7947,46.0657],[15.7792,46.0644],[15.7722,46.0598],[15.7759,46.0544],[15.7918,46.046],[15.7851,46.0295],[15.7791,46.0293],[15.7809,46.0149],[15.7776,46.0002],[15.7902,45.986],[15.7999,45.9866],[15.8008,45.9918],[15.821,45.9896],[15.8318,45.9782],[15.8378,45.9817],[15.8463,45.9755],[15.8478,45.9876],[15.8595,45.9971]]]},"properties":{"name":"Općina Veliko Trgovišće","osm":"relation/8403096"}},
{"type":"Feature","geometry":{"type":"Polygon","coordinates":[[[15.775,46.2113],[15.7736,46.2027],[15.7665,46.1999],[15.7839,46.1964],[15.7825,46.179],[15.7955,46.1731],[15.817,46.1784],[15.8199,46.188],[15.8318,46.1911],[15.8405,46.1876],[15.8542,46.1897],[15.8638,46.1946],[15.8702,46.2054],[15.8715,46.2106],[15.8603,46.2224],[15.8555,46.2313],[15.8683,46.2378],[15.8723,46.2331],[15.8824,46.235],[15.8788,46.2438],[15.8837,46.2579],[15.8785,46.2626],[15.8782,46.2749],[15.8743,46.2793],[15.8665,46.2755],[15.8633,46.2676],[15.8397,46.2659],[15.8223,46.2613],[15.8091,46.2619],[15.7914,46.2592],[15.8016,46.2426],[15.7938,46.2365],[15.7941,46.2277],[15.7857,46.2163],[15.775,46.2113]]]},"properties":{"name":"Općina Đurmanec","osm":"relation/8403120"}},
{"type":"Feature","geometry":{"type":"Polygon","coordinates":[[[15.8143,46.1326],[15.8293,46.1409],[15.8389,46.1491],[15.8524,46.1515],[15.8533,46.1636],[15.8405,46.1876],[15.8318,46.1911],[15.8199,46.188],[15.817,46.1784],[15.7955,46.1731],[15.7873,46.1672],[15.7893,46.1596],[15.7976,46.1529],[15.7992,46.1431],[15.8104,46.1388],[15.8121,46.1326],[15.8143,46.1326]]]},"properties":{"name":"Općina Petrovsko","osm":"relation/8403137"}},
{"type":"Feature","geometry":{"type":"Polygon","coordinates":[[[15.8934,46.1861],[15.8877,46.1785],[15.8959,46.1711],[15.8895,46.1455],[15.9003,46.1387],[15.9001,46.1332],[15.9133,46.1228],[15.9269,46.1319],[15.9293,46.1379],[15.9376,46.137],[15.9488,46.1412],[15.9528,46.1501],[15.9527,46.1625],[15.9647,46.1707],[15.9669,46.18],[15.9628,46.1878],[15.9491,46.1898],[15.9371,46.1949],[15.9158,46.1976],[15.8934,46.1861]]]},"properties":{"name":"Općina Radoboj","osm":"relation/8426584"}},
{"type":"Feature","geometry":{"type":"Polygon","coordinates":[[[15.8702,46.2054],[15.8829,46.2045],[15.8835,46.1965],[15.8934,46.1861],[15.9158,46.1976],[15.9371,46.1949],[15.9491,46.1898],[15.9628,46.1878],[15.9749,46.2003],[15.9508,46.2007],[15.9401,46.2056],[15.9461,46.2147],[15.9363,46.2168],[15.925,46.2263],[15.9039,46.2276],[15.8925,46.2343],[15.8824,46.235],[15.8723,46.2331],[15.8683,46.2378],[15.8555,46.2313],[15.8603,46.2224],[15.8715,46.2106],[15.8702,46.2054]]]},"properties":{"name":"Općina Jesenje","osm":"relation/8426585"}},
{"type":"Feature","geometry":{"type":"Polygon","coordinates":[[[16.2444,46.1453],[16.2531,46.1541],[16.2398,46.1644],[16.2347,46.1793],[16.2484,46.1835],[16.2484,46.1904],[16.214,46.1883],[16.1974,46.1924],[16.1964,46.1971],[16.206,46.1997],[16.1985,46.2119],[16.185,46.2055],[16.1644,46.2008],[16.1626,46.1897],[16.1538,46.1889],[16.1477,46.1793],[16.1528,46.1732],[16.1449,46.1693],[16.1637,46.1584],[16.1679,46.139],[16.1726,46.1353],[16.1723,46.1223],[16.1576,46.1157],[16.167,46.1037],[16.1754,46.0993],[16.1789,46.1032],[16.1914,46.102],[16.2005,46.1052],[16.2002,46.1136],[16.2097,46.129],[16.2318,46.1419],[16.2444,46.1453]]]},"properties":{"name":"Općina Budinšćina","osm":"relation/8426635"}},
{"type":"Feature","geometry":{"type":"Polygon","coordinates":[[[16.0768,46.1971],[16.0578,46.1923],[16.0536,46.1944],[16.0289,46.186],[16.0245,46.1893],[16.011,46.1869],[16.0161,46.1763],[16.0096,46.1707],[16.0096,46.1604],[16.0151,46.1369],[16.0209,46.1433],[16.0322,46.1442],[16.0478,46.1352],[16.0392,46.1052],[16.0492,46.1056],[16.0556,46.1111],[16.0577,46.1137],[16.0772,46.1151],[16.0806,46.1247],[16.079,46.1377],[16.0852,46.1533],[16.0823,46.1618],[16.0849,46.1713],[16.1029,46.1786],[16.1084,46.1833],[16.1027,46.1967],[16.0955,46.1945],[16.0768,46.1971]]]},"properties":{"name":"Općina Lobor","osm":"relation/8426636"}},
{"type":"Feature","geometry":{"type":"Polygon","coordinates":[[[15.9669,46.18],[15.9724,46.178],[15.9762,46.1684],[15.9686,46.1623],[15.972,46.1568],[15.9826,46.1614],[16.0068,46.1616],[16.008,46.1543],[15.9979,46.1453],[16.0089,46.1324],[16.0151,46.1369],[16.0096,46.1604],[16.0096,46.1707],[16.0161,46.1763],[16.011,46.1869],[15.9963,46.1858],[15.983,46.1951],[15.9818,46.1993],[15.9749,46.2003],[15.9628,46.1878],[15.9669,46.18]]]},"properties":{"name":"Općina Novi Golubovec","osm":"relation/8426637"}},
{"type":"Feature","geometry":{"type":"Polygon","coordinates":[[[16.0033,46.1118],[16.0142,46.1151],[16.0089,46.1324],[15.9979,46.1453],[16.008,46.1543],[16.0068,46.1616],[15.9826,46.1614],[15.972,46.1568],[15.9686,46.1623],[15.9762,46.1684],[15.9724,46.178],[15.9669,46.18],[15.9647,46.1707],[15.9527,46.1625],[15.9528,46.1501],[15.9488,46.1412],[15.9376,46.137],[15.9499,46.1291],[15.9414,46.121],[15.9471,46.1178],[15.9421,46.1121],[15.9861,46.113],[15.9946,46.1151],[16.0033,46.1118]]]},"properties":{"name":"Općina Mihovljan","osm":"relation/8426638"}},
{"type":"Feature","geometry":{"type":"Polygon","coordinates":[[[16.2444,46.1453],[16.2318,46.1419],[16.2097,46.129],[16.2002,46.1136],[16.2005,46.1052],[16.206,46.0794],[16.1938,46.0655],[16.2063,46.0672],[16.217,46.0622],[16.2234,46.0649],[16.2328,46.0614],[16.2485,46.0662],[16.2513,46.0717],[16.2533,46.0867],[16.2449,46.086],[16.239,46.0973],[16.251,46.1086],[16.2391,46.1195],[16.2456,46.1374],[16.2569,46.1424],[16.2444,46.1453]]]},"properties":{"name":"Općina Hraščina","osm":"relation/8426670"}},
{"type":"Feature","geometry":{"type":"Polygon","coordinates":[[[16.2401,46.3085],[16.2227,46.311],[16.2186,46.3069],[16.2096,46.3084],[16.194,46.32],[16.1597,46.3074],[16.1485,46.2956],[16.1341,46.2947],[16.1344,46.2819],[16.1274,46.2711],[16.1207,46.2692],[16.1262,46.2579],[16.141,46.2431],[16.1468,46.246],[16.161,46.2454],[16.1693,46.241],[16.1808,46.248],[16.1895,46.2461],[16.1934,46.2505],[16.2077,46.2551],[16.2114,46.2617],[16.2182,46.2577],[16.2284,46.2647],[16.23,46.271],[16.2259,46.2866],[16.2277,46.3004],[16.2401,46.3085]]]},"properties":{"name":"Općina Maruševec","osm":"relation/8427839"}},
{"type":"Feature","geometry":{"type":"Polygon","coordinates":[[[16.3016,46.3784],[16.2691,46.3773],[16.2791,46.3667],[16.2716,46.3548],[16.2621,46.3471],[16.2505,46.3233],[16.2648,46.3211],[16.2724,46.3134],[16.2903,46.3117],[16.2854,46.3164],[16.2905,46.3294],[16.3171,46.332],[16.3098,46.3471],[16.3035,46.3518],[16.3167,46.3517],[16.3284,46.3574],[16.3197,46.3662],[16.3006,46.376],[16.3016,46.3784]]]},"properties":{"name":"Općina Sračinec","osm":"relation/8427840"}},
{"type":"Feature","geometry":{"type":"Polygon","coordinates":[[[16.1799,46.3851],[16.1654,46.3686],[16.1673,46.3657],[16.1739,46.3651],[16.1711,46.3566],[16.1947,46.3525],[16.1975,46.3422],[16.1828,46.3277],[16.194,46.32],[16.2096,46.3084],[16.2186,46.3069],[16.2227,46.311],[16.2401,46.3085],[16.2488,46.3156],[16.2724,46.3134],[16.2648,46.3211],[16.2505,46.3233],[16.2621,46.3471],[16.2716,46.3548],[16.2791,46.3667],[16.2691,46.3773],[16.2482,46.3801],[16.2388,46.3787],[16.2346,46.386],[16.2254,46.3866],[16.2198,46.3786],[16.2154,46.3852],[16.189,46.3779],[16.19,46.3863],[16.1799,46.3851]]]},"properties":{"name":"Općina Petrijanec","osm":"relation/8427841"}},
{"type":"Feature","geometry":{"type":"Polygon","coordinates":[[[16.3444,46.2609],[16.3291,46.2619],[16.321,46.258],[16.3166,46.2519],[16.317,46.2378],[16.3109,46.2352],[16.301,46.2401],[16.2847,46.2352],[16.2846,46.2303],[16.2968,46.2277],[16.2954,46.2135],[16.3104,46.2107],[16.3294,46.2156],[16.3345,46.2247],[16.3407,46.2182],[16.3451,46.223],[16.3493,46.2396],[16.3584,46.2503],[16.3547,46.2595],[16.3444,46.2609]]]},"properties":{"name":"Općina Sveti Ilija","osm":"relation/8427889"}},
{"type":"Feature","geometry":{"type":"Polygon","coordinates":[[[16.2536,46.2526],[16.2596,46.2529],[16.2765,46.2319],[16.2846,46.2303],[16.2847,46.2352],[16.301,46.2401],[16.3109,46.2352],[16.317,46.2378],[16.3166,46.2519],[16.321,46.258],[16.311,46.2649],[16.2942,46.2572],[16.2851,46.2671],[16.2758,46.2659],[16.2549,46.258],[16.2536,46.2526]]]},"properties":{"name":"Općina Beretinec","osm":"relation/8427890"}},
{"type":"Feature","geometry":{"type":"Polygon","coordinates":[[[16.2851,46.2671],[16.289,46.2731],[16.302,46.2715],[16.2963,46.2819],[16.3005,46.2935],[16.2996,46.3106],[16.2903,46.3117],[16.2724,46.3134],[16.2488,46.3156],[16.2401,46.3085],[16.2277,46.3004],[16.2259,46.2866],[16.23,46.271],[16.2284,46.2647],[16.224,46.2583],[16.232,46.2476],[16.2405,46.2466],[16.2536,46.2526],[16.2549,46.258],[16.2758,46.2659],[16.2851,46.2671]]]},"properties":{"name":"Općina Vidovec","osm":"relation/8427891"}},
{"type":"Feature","geometry":{"type":"Polygon","coordinates":[[[16.4442,46.2812],[16.433,46.2843],[16.4217,46.2817],[16.4043,46.2821],[16.3854,46.2914],[16.3767,46.3054],[16.377,46.3118],[16.3946,46.3105],[16.3933,46.317],[16.3829,46.314],[16.3674,46.3145],[16.3536,46.3252],[16.3495,46.3397],[16.3356,46.3482],[16.3284,46.3574],[16.3167,46.3517],[16.3035,46.3518],[16.3098,46.3471],[16.3171,46.332],[16.2905,46.3294],[16.2854,46.3164],[16.2903,46.3117],[16.2996,46.3106],[16.3005,46.2935],[16.2963,46.2819],[16.302,46.2715],[16.289,46.2731],[16.2851,46.2671],[16.2942,46.2572],[16.311,46.2649],[16.321,46.258],[16.3291,46.2619],[16.3444,46.2609],[16.3537,46.2631],[16.3559,46.2692],[16.3748,46.2709],[16.3937,46.2694],[16.4054,46.2726],[16.4189,46.2717],[16.4261,46.277],[16.4393,46.2773],[16.4442,46.2812]]]},"properties":{"name":"Grad Varaždin","osm":"relation/8427892"}},
{"type":"Feature","geometry":{"type":"Polygon","coordinates":[[[16.3429,45.9673],[16.3404,45.9598],[16.3514,45.9463],[16.3625,45.9487],[16.3791,45.9396],[16.3826,45.9322],[16.3896,45.93],[16.3995,45.9375],[16.4002,45.9453],[16.4145,45.9475],[16.4274,45.9463],[16.4151,45.9518],[16.4124,45.9581],[16.4008,45.9644],[16.4016,45.9695],[16.4131,45.9674],[16.4194,45.9706],[16.4265,45.9635],[16.4363,45.9699],[16.4366,45.9847],[16.4347,45.9994],[16.4231,46.0057],[16.4086,45.9991],[16.4018,46.004],[16.3928,46.0055],[16.3709,46.0223],[16.356,46.0216],[16.3518,46.0173],[16.3607,45.9949],[16.3515,45.9961],[16.3451,45.9839],[16.3469,45.9753],[16.3429,45.9673]]]},"properties":{"name":"Općina Preseka","osm":"relation/8428000"}},
{"type":"Feature","geometry":{"type":"Polygon","coordinates":[[[16.2894,45.8897],[16.2904,45.8983],[16.3104,45.9034],[16.3311,45.8941],[16.3368,45.8992],[16.3423,45.9131],[16.3488,45.9183],[16.3826,45.9322],[16.3791,45.9396],[16.3625,45.9487],[16.3514,45.9463],[16.3404,45.9598],[16.3429,45.9673],[16.329,45.9685],[16.3242,45.9628],[16.3143,45.9606],[16.3082,45.9462],[16.3018,45.9392],[16.2918,45.9354],[16.2873,45.9265],[16.276,45.9268],[16.2824,45.9226],[16.28,45.9085],[16.2847,45.9025],[16.2848,45.8903],[16.2894,45.8897]]]},"properties":{"name":"Općina Rakovec","osm":"relation/8428001"}},
{"type":"Feature","geometry":{"type":"Polygon","coordinates":[[[16.2748,46.0228],[16.2654,46.0154],[16.2571,46.0182],[16.2534,46.0075],[16.2295,46.0219],[16.2218,46.0222],[16.2143,46.0244],[16.1968,46.0202],[16.1768,46.0205],[16.1809,46.011],[16.205,45.9955],[16.19,45.9966],[16.1751,46.0006],[16.1572,45.995],[16.1618,45.9913],[16.156,45.9797],[16.1548,45.9688],[16.1563,45.9605],[16.1658,45.9555],[16.1673,45.9447],[16.1722,45.9422],[16.1744,45.9164],[16.1845,45.9082],[16.1838,45.8988],[16.1784,45.8923],[16.191,45.8904],[16.1969,45.8938],[16.2056,45.8805],[16.2276,45.8583],[16.2202,45.8537],[16.2288,45.8464],[16.2279,45.8415],[16.2396,45.8374],[16.2364,45.8428],[16.2591,45.8469],[16.2804,45.8741],[16.292,45.8778],[16.2894,45.8897],[16.2848,45.8903],[16.2847,45.9025],[16.28,45.9085],[16.2824,45.9226],[16.276,45.9268],[16.2873,45.9265],[16.2918,45.9354],[16.3018,45.9392],[16.3082,45.9462],[16.3143,45.9606],[16.3242,45.9628],[16.329,45.9685],[16.3429,45.9673],[16.3469,45.9753],[16.3451,45.9839],[16.3515,45.9961],[16.3607,45.9949],[16.3518,46.0173],[16.3415,46.0275],[16.322,46.0287],[16.3052,46.0119],[16.294,46.013],[16.2748,46.0228]]]},"properties":{"name":"Grad Sveti Ivan Zelina","osm":"relation/8428002"}},
{"type":"Feature","geometry":{"type":"Polygon","coordinates":[[[16.3455,46.059],[16.328,46.0555],[16.3194,46.0594],[16.3126,46.0552],[16.2935,46.0558],[16.2976,46.0661],[16.2941,46.0754],[16.2864,46.0814],[16.2809,46.0925],[16.2752,46.0884],[16.2615,46.0909],[16.2607,46.0839],[16.2533,46.0867],[16.2513,46.0717],[16.2604,46.0589],[16.2607,46.047],[16.2772,46.0447],[16.2748,46.0228],[16.294,46.013],[16.3052,46.0119],[16.322,46.0287],[16.3415,46.0275],[16.3485,46.0323],[16.3497,46.0448],[16.3462,46.0463],[16.3455,46.059]]]},"properties":{"name":"Općina Breznica","osm":"relation/8428003"}},
{"type":"Feature","geometry":{"type":"Polygon","coordinates":[[[16.3184,46.1082],[16.3042,46.0957],[16.298,46.0868],[16.2916,46.088],[16.2864,46.0814],[16.2941,46.0754],[16.2976,46.0661],[16.2935,46.0558],[16.3126,46.0552],[16.3194,46.0594],[16.328,46.0555],[16.3455,46.059],[16.3517,46.0665],[16.3464,46.072],[16.348,46.0849],[16.357,46.0846],[16.3622,46.0938],[16.3535,46.0951],[16.3413,46.1199],[16.3184,46.1082]]]},"properties":{"name":"Općina Visoko","osm":"relation/8428004"}},
{"type":"Feature","geometry":{"type":"Polygon","coordinates":[[[16.2864,46.0814],[16.2916,46.088],[16.298,46.0868],[16.3042,46.0957],[16.3184,46.1082],[16.3089,46.1146],[16.2948,46.119],[16.2865,46.1247],[16.29,46.1351],[16.2799,46.1415],[16.2569,46.1424],[16.2456,46.1374],[16.2391,46.1195],[16.251,46.1086],[16.239,46.0973],[16.2449,46.086],[16.2533,46.0867],[16.2607,46.0839],[16.2615,46.0909],[16.2752,46.0884],[16.2809,46.0925],[16.2864,46.0814]]]},"properties":{"name":"Općina Breznički Hum","osm":"relation/8428005"}},
{"type":"Feature","geometry":{"type":"Polygon","coordinates":[[[16.3978,46.1371],[16.384,46.1319],[16.3713,46.1363],[16.3806,46.1452],[16.3694,46.1549],[16.3729,46.1765],[16.3835,46.1817],[16.379,46.1916],[16.3824,46.2101],[16.3784,46.2185],[16.3695,46.2123],[16.3484,46.2105],[16.3407,46.2182],[16.3345,46.2247],[16.3294,46.2156],[16.3104,46.2107],[16.2954,46.2135],[16.2968,46.2277],[16.2846,46.2303],[16.2765,46.2319],[16.2686,46.2247],[16.2543,46.2239],[16.2456,46.2055],[16.2536,46.2046],[16.2484,46.1904],[16.2484,46.1835],[16.2347,46.1793],[16.2398,46.1644],[16.2531,46.1541],[16.2444,46.1453],[16.2569,46.1424],[16.2799,46.1415],[16.29,46.1351],[16.2865,46.1247],[16.2948,46.119],[16.3089,46.1146],[16.3184,46.1082],[16.3413,46.1199],[16.3535,46.0951],[16.3622,46.0938],[16.3644,46.0998],[16.3723,46.101],[16.3811,46.1091],[16.3764,46.126],[16.399,46.13],[16.3978,46.1371]]]},"properties":{"name":"Grad Novi Marof","osm":"relation/8428063"}},
{"type":"Feature","geometry":{"type":"Polygon","coordinates":[[[16.3243,45.743],[16.3327,45.7388],[16.3595,45.7375],[16.3684,45.7428],[16.3763,45.753],[16.3743,45.768],[16.3878,45.7904],[16.388,45.8067],[16.3761,45.8131],[16.3679,45.8217],[16.3363,45.8225],[16.3249,45.8447],[16.3139,45.8478],[16.3158,45.8514],[16.3089,45.8617],[16.2951,45.8692],[16.292,45.8778],[16.2804,45.8741],[16.2591,45.8469],[16.2364,45.8428],[16.2396,45.8374],[16.2395,45.837],[16.2577,45.8318],[16.276,45.8297],[16.2844,45.8202],[16.2793,45.82],[16.2831,45.8092],[16.2941,45.8121],[16.3122,45.8077],[16.3207,45.7972],[16.317,45.783],[16.3277,45.7652],[16.3285,45.7507],[16.3243,45.743]]]},"properties":{"name":"Općina Brckovljani","osm":"relation/8428064"}},
{"type":"Feature","geometry":{"type":"Polygon","coordinates":[[[16.4745,45.864],[16.4682,45.8711],[16.4548,45.8786],[16.4563,45.8936],[16.4516,45.896],[16.4565,45.9033],[16.4538,45.9107],[16.4544,45.9267],[16.4505,45.9291],[16.456,45.9456],[16.4639,45.9471],[16.4678,45.9621],[16.4664,45.972],[16.4572,45.981],[16.4366,45.9847],[16.4363,45.9699],[16.4265,45.9635],[16.4194,45.9706],[16.4131,45.9674],[16.4016,45.9695],[16.4008,45.9644],[16.4124,45.9581],[16.4151,45.9518],[16.4274,45.9463],[16.4145,45.9475],[16.4002,45.9453],[16.3995,45.9375],[16.3896,45.93],[16.3826,45.9322],[16.3488,45.9183],[16.3423,45.9131],[16.3368,45.8992],[16.3311,45.8941],[16.3104,45.9034],[16.2904,45.8983],[16.2894,45.8897],[16.292,45.8778],[16.2951,45.8692],[16.3089,45.8617],[16.3158,45.8514],[16.3139,45.8478],[16.3249,45.8447],[16.3363,45.8225],[16.3679,45.8217],[16.3761,45.8131],[16.388,45.8067],[16.4043,45.8023],[16.4237,45.7999],[16.4353,45.813],[16.457,45.823],[16.4646,45.8389],[16.4657,45.849],[16.47,45.849],[16.4745,45.864]]]},"properties":{"name":"Grad Vrbovec","osm":"relation/8428065"}},
{"type":"Feature","geometry":{"type":"Polygon","coordinates":[[[16.3835,46.1817],[16.3909,46.1808],[16.4104,46.188],[16.4166,46.1754],[16.4323,46.1735],[16.4381,46.1657],[16.4699,46.1676],[16.4847,46.1623],[16.5033,46.1692],[16.5375,46.1696],[16.5485,46.1657],[16.5513,46.1715],[16.5438,46.1784],[16.5332,46.1847],[16.5395,46.1988],[16.5334,46.2141],[16.5229,46.2178],[16.5162,46.233],[16.5027,46.2334],[16.4953,46.2394],[16.4854,46.2348],[16.4752,46.2417],[16.469,46.2293],[16.4431,46.2302],[16.4403,46.226],[16.4189,46.2385],[16.4142,46.2321],[16.4043,46.2339],[16.398,46.2253],[16.3784,46.2185],[16.3824,46.2101],[16.379,46.1916],[16.3835,46.1817]]]},"properties":{"name":"Grad Varaždinske Toplice","osm":"relation/8428248"}},
{"type":"Feature","geometry":{"type":"Polygon","coordinates":[[[16.3937,46.2694],[16.3748,46.2709],[16.3559,46.2692],[16.3537,46.2631],[16.3444,46.2609],[16.3547,46.2595],[16.3584,46.2503],[16.3493,46.2396],[16.3451,46.223],[16.3407,46.2182],[16.3484,46.2105],[16.3695,46.2123],[16.3784,46.2185],[16.398,46.2253],[16.4043,46.2339],[16.4016,46.2495],[16.3959,46.2534],[16.3937,46.2694]]]},"properties":{"name":"Općina Gornji Kneginec","osm":"relation/8428249"}},
{"type":"Feature","geometry":{"type":"Polygon","coordinates":[[[16.5073,46.2747],[16.5105,46.2855],[16.5033,46.2927],[16.5035,46.2989],[16.5115,46.3101],[16.4832,46.3155],[16.481,46.3188],[16.4682,46.3176],[16.4664,46.3248],[16.4553,46.3238],[16.4529,46.3146],[16.4281,46.3119],[16.4298,46.3158],[16.4085,46.3214],[16.3933,46.317],[16.3946,46.3105],[16.377,46.3118],[16.3767,46.3054],[16.3854,46.2914],[16.4043,46.2821],[16.4217,46.2817],[16.433,46.2843],[16.4442,46.2812],[16.4492,46.2822],[16.4728,46.2727],[16.4896,46.2703],[16.4946,46.2774],[16.5073,46.2747]]]},"properties":{"name":"Općina Trnovec Bartolovečki","osm":"relation/8432942"}},
{"type":"Feature","geometry":{"type":"Polygon","coordinates":[[[16.3937,46.2694],[16.3959,46.2534],[16.4016,46.2495],[16.4043,46.2339],[16.4142,46.2321],[16.4189,46.2385],[16.4403,46.226],[16.4431,46.2302],[16.469,46.2293],[16.4752,46.2417],[16.4854,46.2348],[16.4953,46.2394],[16.5103,46.2646],[16.5073,46.2747],[16.4946,46.2774],[16.4896,46.2703],[16.4728,46.2727],[16.4492,46.2822],[16.4442,46.2812],[16.4393,46.2773],[16.4261,46.277],[16.4189,46.2717],[16.4054,46.2726],[16.3937,46.2694]]]},"properties":{"name":"Općina Jalžabet","osm":"relation/8432943"}},
{"type":"Feature","geometry":{"type":"Polygon","coordinates":[[[16.5073,46.2747],[16.5103,46.2646],[16.4953,46.2394],[16.5027,46.2334],[16.5162,46.233],[16.5229,46.2178],[16.5334,46.2141],[16.5395,46.1988],[16.5332,46.1847],[16.5519,46.184],[16.562,46.1937],[16.5577,46.2007],[16.5644,46.2051],[16.5648,46.2164],[16.5744,46.2219],[16.5657,46.2275],[16.5639,46.2347],[16.5668,46.2505],[16.5629,46.2502],[16.5652,46.2667],[16.5573,46.2696],[16.5563,46.2759],[16.5488,46.2776],[16.556,46.2838],[16.5506,46.3025],[16.5412,46.3127],[16.5198,46.3086],[16.5115,46.3101],[16.5035,46.2989],[16.5033,46.2927],[16.5105,46.2855],[16.5073,46.2747]]]},"properties":{"name":"Općina Martijanec","osm":"relation/8432955"}},
{"type":"Feature","geometry":{"type":"Polygon","coordinates":[[[16.6793,46.2698],[16.6791,46.2634],[16.6871,46.2625],[16.7091,46.2671],[16.7111,46.2768],[16.7355,46.282],[16.7217,46.2856],[16.7325,46.2907],[16.7411,46.2998],[16.7337,46.3062],[16.7266,46.3054],[16.7237,46.3155],[16.7266,46.3202],[16.7125,46.3212],[16.7123,46.3174],[16.7181,46.3063],[16.6914,46.323],[16.6782,46.3215],[16.6707,46.3107],[16.6672,46.2992],[16.679,46.2932],[16.6731,46.2852],[16.6807,46.274],[16.6793,46.2698]]]},"properties":{"name":"Općina Veliki Bukovec","osm":"relation/8434148"}},
{"type":"Feature","geometry":{"type":"Polygon","coordinates":[[[16.5488,46.2776],[16.5774,46.2814],[16.5838,46.2767],[16.5825,46.2702],[16.5903,46.2656],[16.5955,46.2739],[16.6087,46.2715],[16.628,46.2767],[16.6331,46.2727],[16.6529,46.2756],[16.6561,46.2702],[16.6793,46.2698],[16.6807,46.274],[16.6731,46.2852],[16.679,46.2932],[16.6672,46.2992],[16.6707,46.3107],[16.6782,46.3215],[16.6653,46.32],[16.6669,46.3138],[16.6534,46.3116],[16.6495,46.3197],[16.6436,46.319],[16.643,46.3086],[16.6235,46.3121],[16.6103,46.3085],[16.6028,46.3109],[16.5989,46.3185],[16.5851,46.3184],[16.5673,46.3284],[16.5528,46.3269],[16.5412,46.3127],[16.5506,46.3025],[16.556,46.2838],[16.5488,46.2776]]]},"properties":{"name":"Općina Sveti Đurđ","osm":"relation/8434149"}},
{"type":"Feature","geometry":{"type":"Polygon","coordinates":[[[16.7047,46.2239],[16.7212,46.2289],[16.7311,46.2383],[16.7344,46.248],[16.7502,46.2499],[16.759,46.2601],[16.7608,46.2686],[16.7571,46.2757],[16.7705,46.2791],[16.7646,46.285],[16.7662,46.3049],[16.7736,46.3048],[16.7647,46.3148],[16.7645,46.3075],[16.7546,46.3046],[16.7386,46.3096],[16.7449,46.3207],[16.7382,46.3237],[16.7336,46.3145],[16.7237,46.3155],[16.7266,46.3054],[16.7337,46.3062],[16.7411,46.2998],[16.7325,46.2907],[16.7217,46.2856],[16.7355,46.282],[16.7111,46.2768],[16.7091,46.2671],[16.6871,46.2625],[16.6791,46.2634],[16.6786,46.2545],[16.6662,46.241],[16.6731,46.2328],[16.6962,46.2287],[16.7047,46.2239]]]},"properties":{"name":"Općina Mali Bukovec","osm":"relation/8434151"}},
{"type":"Feature","geometry":{"type":"Polygon","coordinates":[[[16.5488,46.2776],[16.5563,46.2759],[16.5573,46.2696],[16.5652,46.2667],[16.5629,46.2502],[16.5668,46.2505],[16.5639,46.2347],[16.5657,46.2275],[16.5744,46.2219],[16.5648,46.2164],[16.5644,46.2051],[16.5577,46.2007],[16.562,46.1937],[16.5683,46.1939],[16.593,46.2074],[16.6006,46.207],[16.6014,46.2006],[16.6196,46.2007],[16.6281,46.1979],[16.6466,46.1987],[16.6601,46.2042],[16.678,46.2028],[16.6996,46.2157],[16.7047,46.2239],[16.6962,46.2287],[16.6731,46.2328],[16.6662,46.241],[16.6786,46.2545],[16.6791,46.2634],[16.6793,46.2698],[16.6561,46.2702],[16.6529,46.2756],[16.6331,46.2727],[16.628,46.2767],[16.6087,46.2715],[16.5955,46.2739],[16.5903,46.2656],[16.5825,46.2702],[16.5838,46.2767],[16.5774,46.2814],[16.5488,46.2776]]]},"properties":{"name":"Grad Ludbreg","osm":"relation/8434152"}},
{"type":"Feature","geometry":{"type":"Polygon","coordinates":[[[17.0508,46.1546],[17.0396,46.16],[17.0301,46.1751],[17.0204,46.1752],[17.0212,46.1707],[17.0109,46.1631],[16.9862,46.1742],[16.9735,46.1681],[16.9583,46.1665],[16.9429,46.1579],[16.9317,46.1602],[16.9337,46.1546],[16.9259,46.1448],[16.9325,46.1396],[16.9479,46.1345],[16.9544,46.1365],[16.9597,46.1408],[16.9923,46.1334],[16.9996,46.1363],[17.0463,46.1371],[17.0525,46.1416],[17.0508,46.1546]]]},"properties":{"name":"Općina Hlebine","osm":"relation/8447840"}},
{"type":"Feature","geometry":{"type":"Polygon","coordinates":[[[16.8668,46.0839],[16.8723,46.0949],[16.8945,46.1256],[16.9072,46.1132],[16.9165,46.1095],[16.9234,46.1157],[16.9325,46.1095],[16.9398,46.1182],[16.9555,46.1241],[16.9544,46.1365],[16.9479,46.1345],[16.9325,46.1396],[16.9259,46.1448],[16.9337,46.1546],[16.9317,46.1602],[16.9106,46.1596],[16.8971,46.1553],[16.8812,46.1489],[16.8645,46.1516],[16.8516,46.1479],[16.8552,46.1379],[16.878,46.1325],[16.8869,46.1278],[16.8772,46.1206],[16.8698,46.126],[16.8668,46.1174],[16.855,46.1148],[16.8464,46.1027],[16.8452,46.0868],[16.8461,46.0843],[16.8668,46.0839]]]},"properties":{"name":"Općina Koprivnički Bregi","osm":"relation/8447841"}},
{"type":"Feature","geometry":{"type":"Polygon","coordinates":[[[16.9337,45.8376],[16.9586,45.8551],[16.9504,45.8601],[16.9637,45.8736],[16.9641,45.8867],[16.9535,45.8897],[16.9499,45.8829],[16.9434,45.8885],[16.9509,45.9026],[16.9399,45.8994],[16.9389,45.9066],[16.9149,45.9147],[16.8995,45.906],[16.8822,45.9057],[16.8952,45.9152],[16.9139,45.9347],[16.9051,45.938],[16.8976,45.9522],[16.9043,45.9528],[16.9009,45.963],[16.8921,45.963],[16.88,45.9598],[16.8694,45.9535],[16.8541,45.9517],[16.8455,45.9433],[16.8322,45.9397],[16.8195,45.9415],[16.8127,45.9262],[16.8061,45.9225],[16.8136,45.913],[16.8112,45.9087],[16.8021,45.9122],[16.7879,45.9247],[16.7641,45.9196],[16.7593,45.9087],[16.7504,45.9153],[16.7456,45.8962],[16.7243,45.8934],[16.7345,45.902],[16.7283,45.9035],[16.7298,45.915],[16.7208,45.9161],[16.7184,45.9083],[16.6995,45.9009],[16.7012,45.8915],[16.6955,45.8881],[16.7006,45.871],[16.7072,45.8698],[16.7141,45.8546],[16.7079,45.846],[16.6923,45.842],[16.7132,45.8371],[16.7336,45.8475],[16.7412,45.8473],[16.7425,45.8545],[16.761,45.856],[16.7709,45.8413],[16.7885,45.8388],[16.8026,45.8415],[16.8092,45.8394],[16.8184,45.8445],[16.8295,45.842],[16.835,45.8338],[16.8563,45.8199],[16.886,45.8186],[16.9068,45.8379],[16.9163,45.8402],[16.9337,45.8376]]]},"properties":{"name":"Grad Bjelovar","osm":"relation/8447842"}},
{"type":"Feature","geometry":{"type":"Polygon","coordinates":[[[16.5491,45.9634],[16.5447,45.9577],[16.554,45.9451],[16.562,45.9468],[16.583,45.9394],[16.5831,45.9265],[16.604,45.9198],[16.6105,45.9295],[16.6184,45.9278],[16.6155,45.9196],[16.6378,45.9208],[16.6474,45.9242],[16.6603,45.9211],[16.6668,45.93],[16.6927,45.9266],[16.6941,45.9213],[16.7022,45.9231],[16.7,45.9341],[16.7031,45.9543],[16.698,45.9618],[16.7068,45.9808],[16.7153,46.0042],[16.7058,46.0017],[16.705,46.0076],[16.6943,46.0152],[16.6724,46.0188],[16.6664,46.0286],[16.6604,46.0309],[16.6653,46.0421],[16.6498,46.0419],[16.6512,46.0329],[16.644,46.0311],[16.6475,46.0397],[16.6373,46.0402],[16.6288,46.0324],[16.6374,46.0352],[16.636,46.0235],[16.641,46.0205],[16.6214,46.0185],[16.6234,46.0115],[16.6164,46.0101],[16.615,46.0166],[16.6071,46.0164],[16.6025,46.0226],[16.6049,46.0315],[16.5954,46.0249],[16.6,46.0207],[16.6044,46.0063],[16.5906,45.9982],[16.5927,45.9892],[16.579,45.9692],[16.5715,45.9658],[16.5491,45.9634]]]},"properties":{"name":"Općina Sveti Ivan Žabno","osm":"relation/8447843"}},
{"type":"Feature","geometry":{"type":"Polygon","coordinates":[[[16.4919,46.147],[16.4749,46.1408],[16.4693,46.136],[16.4428,46.1301],[16.4317,46.138],[16.4277,46.1503],[16.4227,46.1447],[16.4146,46.1445],[16.4233,46.1352],[16.4081,46.1301],[16.4122,46.1215],[16.4217,46.1165],[16.4332,46.1171],[16.4283,46.1067],[16.4324,46.1001],[16.4345,46.1084],[16.4425,46.1104],[16.4586,46.1028],[16.4668,46.1067],[16.4697,46.1014],[16.4811,46.1025],[16.486,46.0978],[16.4942,46.1023],[16.494,46.1134],[16.5132,46.1119],[16.5127,46.1377],[16.4919,46.147]]]},"properties":{"name":"Općina Kalnik","osm":"relation/8447844"}},
{"type":"Feature","geometry":{"type":"Polygon","coordinates":[[[16.784,46.0457],[16.7773,46.041],[16.7984,46.0325],[16.8092,46.0246],[16.7999,46.0141],[16.7917,46.0197],[16.7797,46.0091],[16.7797,46.0033],[16.7824,45.9906],[16.7935,45.9987],[16.8002,45.9945],[16.7959,45.9886],[16.8102,45.9739],[16.8087,45.9642],[16.7966,45.9574],[16.7895,45.9597],[16.786,45.9519],[16.7978,45.9516],[16.8185,45.9473],[16.8195,45.9415],[16.8322,45.9397],[16.8455,45.9433],[16.8541,45.9517],[16.8694,45.9535],[16.88,45.9598],[16.8921,45.963],[16.8984,45.9889],[16.8999,45.9982],[16.9094,46.0051],[16.9099,46.0121],[16.904,46.0196],[16.9054,46.0317],[16.9145,46.028],[16.9088,46.0374],[16.9034,46.0356],[16.8892,46.043],[16.8924,46.0449],[16.8836,46.0458],[16.8863,46.0557],[16.8811,46.0613],[16.8697,46.0592],[16.8703,46.0696],[16.8774,46.0786],[16.8668,46.0839],[16.8461,46.0843],[16.8452,46.0868],[16.8361,46.0878],[16.8313,46.0859],[16.8341,46.0689],[16.8295,46.0622],[16.8153,46.0547],[16.8106,46.0563],[16.7988,46.0461],[16.784,46.0457]]]},"properties":{"name":"Općina Kapela","osm":"relation/8448015"}},
{"type":"Feature","geometry":{"type":"Polygon","coordinates":[[[16.7797,46.0033],[16.7677,46.0074],[16.7577,45.9997],[16.762,45.994],[16.7579,45.9837],[16.7529,45.996],[16.7401,45.9968],[16.7289,46.0013],[16.72,46.0088],[16.7153,46.0042],[16.7068,45.9808],[16.698,45.9618],[16.7031,45.9543],[16.7,45.9341],[16.7022,45.9231],[16.6987,45.9145],[16.6995,45.9009],[16.7184,45.9083],[16.7208,45.9161],[16.7298,45.915],[16.7283,45.9035],[16.7345,45.902],[16.7243,45.8934],[16.7456,45.8962],[16.7504,45.9153],[16.7593,45.9087],[16.7641,45.9196],[16.7879,45.9247],[16.8021,45.9122],[16.8112,45.9087],[16.8136,45.913],[16.8061,45.9225],[16.8127,45.9262],[16.8195,45.9415],[16.8185,45.9473],[16.7978,45.9516],[16.786,45.9519],[16.7895,45.9597],[16.7966,45.9574],[16.8087,45.9642],[16.8102,45.9739],[16.7959,45.9886],[16.8002,45.9945],[16.7935,45.9987],[16.7824,45.9906],[16.7797,46.0033]]]},"properties":{"name":"Općina Rovišće","osm":"relation/8448016"}},
{"type":"Feature","geometry":{"type":"Polygon","coordinates":[[[17.0841,45.9022],[17.0752,45.9036],[17.0602,45.9162],[17.0634,45.9261],[17.0515,45.9398],[17.037,45.9363],[17.0278,45.9289],[17.0075,45.9343],[16.9861,45.9319],[16.9894,45.9135],[17.0008,45.9075],[17.0035,45.8983],[16.9986,45.8898],[16.989,45.8905],[16.9946,45.8786],[16.9893,45.879],[16.9913,45.8642],[16.9967,45.855],[16.9929,45.849],[16.9975,45.8441],[17.0177,45.8328],[17.0368,45.843],[17.0427,45.8493],[17.0654,45.8507],[17.0754,45.8456],[17.0845,45.8532],[17.0815,45.8666],[17.0669,45.8699],[17.0787,45.8821],[17.0754,45.887],[17.0841,45.9022]]]},"properties":{"name":"Općina Šandrovac","osm":"relation/8448017"}},
{"type":"Feature","geometry":{"type":"Polygon","coordinates":[[[16.9861,45.9319],[16.9922,45.9436],[16.995,45.9713],[16.9726,45.9778],[16.9698,45.9836],[16.955,45.9895],[16.939,45.9923],[16.9257,45.9855],[16.9183,45.9913],[16.913,45.9876],[16.8984,45.9889],[16.8921,45.963],[16.9009,45.963],[16.9043,45.9528],[16.8976,45.9522],[16.9051,45.938],[16.9139,45.9347],[16.8952,45.9152],[16.8822,45.9057],[16.8995,45.906],[16.9149,45.9147],[16.9389,45.9066],[16.9399,45.8994],[16.9509,45.9026],[16.9434,45.8885],[16.9499,45.8829],[16.9535,45.8897],[16.9641,45.8867],[16.979,45.8986],[16.9769,45.9078],[16.9894,45.9135],[16.9861,45.9319]]]},"properties":{"name":"Općina Veliko Trojstvo","osm":"relation/8448018"}},
{"type":"Feature","geometry":{"type":"Polygon","coordinates":[[[16.9337,45.8376],[16.9515,45.82],[16.9592,45.818],[16.9708,45.8305],[16.9882,45.837],[16.9975,45.8441],[16.9929,45.849],[16.9967,45.855],[16.9913,45.8642],[16.9893,45.879],[16.9946,45.8786],[16.989,45.8905],[16.9986,45.8898],[17.0035,45.8983],[17.0008,45.9075],[16.9894,45.9135],[16.9769,45.9078],[16.979,45.8986],[16.9641,45.8867],[16.9637,45.8736],[16.9504,45.8601],[16.9586,45.8551],[16.9337,45.8376]]]},"properties":{"name":"Općina Severin","osm":"relation/8448019"}},
{"type":"Feature","geometry":{"type":"Polygon","coordinates":[[[16.9496,45.7324],[16.9763,45.7379],[16.9841,45.7538],[17.0053,45.7606],[17.0089,45.7678],[16.9989,45.7715],[16.9922,45.7647],[16.986,45.7654],[16.978,45.777],[16.9586,45.7671],[16.956,45.7816],[16.9747,45.7881],[16.9822,45.7863],[17.0028,45.7918],[17.0098,45.7977],[17.0026,45.8054],[17.0071,45.8205],[17.0219,45.8249],[17.0395,45.838],[17.0486,45.8359],[17.0599,45.8403],[17.064,45.833],[17.0778,45.8378],[17.0984,45.853],[17.0845,45.8532],[17.0754,45.8456],[17.0654,45.8507],[17.0427,45.8493],[17.0368,45.843],[17.0177,45.8328],[16.9975,45.8441],[16.9882,45.837],[16.9708,45.8305],[16.9592,45.818],[16.9515,45.82],[16.9337,45.8376],[16.9163,45.8402],[16.9068,45.8379],[16.886,45.8186],[16.8563,45.8199],[16.8694,45.8094],[16.8758,45.7905],[16.8843,45.7789],[16.895,45.7752],[16.91,45.7513],[16.9322,45.7417],[16.9347,45.7343],[16.9496,45.7324]]]},"properties":{"name":"Općina Nova Rača","osm":"relation/8448020"}},
{"type":"Feature","geometry":{"type":"Polygon","coordinates":[[[17.1322,45.9979],[17.1211,46],[17.1057,45.9957],[17.0911,45.9972],[17.097,46.0033],[17.0862,46.009],[17.0958,46.0125],[17.1032,46.0294],[17.103,46.042],[17.1115,46.0396],[17.1143,46.0452],[17.1398,46.0526],[17.1452,46.0515],[17.1582,46.0563],[17.1543,46.0625],[17.1576,46.074],[17.1452,46.0809],[17.1199,46.0806],[17.1077,46.0902],[17.0997,46.0848],[17.0857,46.094],[17.0727,46.0798],[17.0578,46.076],[17.0369,46.0825],[17.0441,46.0715],[17.0332,46.0664],[17.0344,46.0604],[17.0191,46.0473],[17.0316,46.0405],[17.0224,46.027],[17.0111,46.0212],[17.0036,46.0057],[16.9921,46.0069],[16.979,46.0136],[16.9791,46.0197],[16.9606,46.0111],[16.9652,46.0059],[16.955,45.9895],[16.9698,45.9836],[16.9726,45.9778],[16.995,45.9713],[16.9922,45.9436],[16.9861,45.9319],[17.0075,45.9343],[17.0278,45.9289],[17.037,45.9363],[17.0515,45.9398],[17.0634,45.9261],[17.0602,45.9162],[17.0752,45.9036],[17.0841,45.9022],[17.0909,45.9044],[17.0997,45.9157],[17.1011,45.9335],[17.1097,45.9352],[17.1166,45.9439],[17.1029,45.9554],[17.1,45.9661],[17.112,45.9837],[17.1263,45.9867],[17.1322,45.9979]]]},"properties":{"name":"Grad Đurđevac","osm":"relation/8448021"}},
{"type":"Feature","geometry":{"type":"Polygon","coordinates":[[[17.0369,46.0825],[17.0162,46.0921],[17.0236,46.0976],[17.0153,46.1009],[17.0113,46.1149],[16.9776,46.0993],[16.9672,46.08],[16.9697,46.0674],[16.9593,46.055],[16.9531,46.0558],[16.9408,46.0475],[16.9307,46.0601],[16.9252,46.0568],[16.9127,46.0412],[16.8924,46.0449],[16.8892,46.043],[16.9034,46.0356],[16.9088,46.0374],[16.9145,46.028],[16.9054,46.0317],[16.904,46.0196],[16.9099,46.0121],[16.9094,46.0051],[16.8999,45.9982],[16.8984,45.9889],[16.913,45.9876],[16.9183,45.9913],[16.9257,45.9855],[16.939,45.9923],[16.955,45.9895],[16.9652,46.0059],[16.9606,46.0111],[16.9791,46.0197],[16.979,46.0136],[16.9921,46.0069],[17.0036,46.0057],[17.0111,46.0212],[17.0224,46.027],[17.0316,46.0405],[17.0191,46.0473],[17.0344,46.0604],[17.0332,46.0664],[17.0441,46.0715],[17.0369,46.0825]]]},"properties":{"name":"Općina Virje","osm":"relation/8448022"}},
{"type":"Feature","geometry":{"type":"Polygon","coordinates":[[[16.8668,46.0839],[16.8774,46.0786],[16.8703,46.0696],[16.8697,46.0592],[16.8811,46.0613],[16.8863,46.0557],[16.8836,46.0458],[16.8924,46.0449],[16.9127,46.0412],[16.9252,46.0568],[16.9307,46.0601],[16.9408,46.0475],[16.9531,46.0558],[16.9593,46.055],[16.9697,46.0674],[16.9672,46.08],[16.9776,46.0993],[17.0113,46.1149],[17.0127,46.1235],[17.0058,46.1304],[16.9923,46.1334],[16.9597,46.1408],[16.9544,46.1365],[16.9555,46.1241],[16.9398,46.1182],[16.9325,46.1095],[16.9234,46.1157],[16.9165,46.1095],[16.9072,46.1132],[16.8945,46.1256],[16.8723,46.0949],[16.8668,46.0839]]]},"properties":{"name":"Općina Novigrad Podravski","osm":"relation/8448023"}},
{"type":"Feature","geometry":{"type":"Polygon","coordinates":[[[17.0113,46.1149],[17.0153,46.1009],[17.0236,46.0976],[17.0162,46.0921],[17.0369,46.0825],[17.0578,46.076],[17.0727,46.0798],[17.0674,46.0889],[17.0735,46.0987],[17.0895,46.1006],[17.093,46.104],[17.0856,46.11],[17.1003,46.1072],[17.1071,46.1185],[17.114,46.1134],[17.1309,46.1087],[17.138,46.1155],[17.1392,46.1257],[17.1298,46.1311],[17.1262,46.1251],[17.1116,46.1307],[17.0975,46.1295],[17.0966,46.1428],[17.0873,46.1373],[17.0836,46.1533],[17.075,46.1585],[17.0631,46.1532],[17.0566,46.1591],[17.0508,46.1546],[17.0525,46.1416],[17.0463,46.1371],[16.9996,46.1363],[16.9923,46.1334],[17.0058,46.1304],[17.0127,46.1235],[17.0113,46.1149]]]},"properties":{"name":"Općina Molve","osm":"relation/8448024"}},
{"type":"Feature","geometry":{"type":"Polygon","coordinates":[[[17.1761,46.112],[17.1819,46.1191],[17.1749,46.1298],[17.1861,46.1328],[17.1773,46.1453],[17.1807,46.1506],[17.1711,46.1559],[17.1625,46.1549],[17.1559,46.1592],[17.158,46.1702],[17.1399,46.1725],[17.1341,46.1679],[17.1253,46.1685],[17.123,46.1789],[17.111,46.1761],[17.1014,46.1865],[17.0899,46.1895],[17.085,46.1857],[17.0754,46.1888],[17.0656,46.198],[17.0663,46.2021],[17.0519,46.2031],[17.0059,46.2228],[16.9964,46.2202],[16.9899,46.2248],[16.9833,46.2222],[16.9731,46.2248],[16.9737,46.2367],[16.9456,46.2327],[16.946,46.2272],[16.963,46.2176],[16.9672,46.2072],[16.9792,46.2104],[16.9872,46.2026],[16.9874,46.1916],[17.0057,46.1855],[17.0204,46.1752],[17.0301,46.1751],[17.0396,46.16],[17.0508,46.1546],[17.0566,46.1591],[17.0631,46.1532],[17.075,46.1585],[17.0836,46.1533],[17.0873,46.1373],[17.0966,46.1428],[17.0975,46.1295],[17.1116,46.1307],[17.1262,46.1251],[17.1298,46.1311],[17.1392,46.1257],[17.1673,46.1192],[17.1721,46.123],[17.1761,46.112]]]},"properties":{"name":"Općina Gola","osm":"relation/8448025"}},
{"type":"Feature","geometry":{"type":"Polygon","coordinates":[[[16.9672,46.2072],[16.9551,46.2019],[16.943,46.2099],[16.9313,46.1957],[16.917,46.1914],[16.9021,46.2056],[16.8815,46.21],[16.8763,46.218],[16.8682,46.221],[16.8587,46.2141],[16.8475,46.2206],[16.849,46.2065],[16.847,46.1967],[16.8654,46.1809],[16.8918,46.1795],[16.8899,46.1757],[16.8793,46.178],[16.8647,46.169],[16.8837,46.1625],[16.8971,46.1553],[16.9106,46.1596],[16.9317,46.1602],[16.9429,46.1579],[16.9583,46.1665],[16.9735,46.1681],[16.9862,46.1742],[17.0109,46.1631],[17.0212,46.1707],[17.0204,46.1752],[17.0057,46.1855],[16.9874,46.1916],[16.9872,46.2026],[16.9792,46.2104],[16.9672,46.2072]]]},"properties":{"name":"Općina Peteranec","osm":"relation/8448026"}},
{"type":"Feature","geometry":{"type":"Polygon","coordinates":[[[16.847,46.1967],[16.8318,46.1944],[16.8313,46.1903],[16.8142,46.1888],[16.8016,46.1949],[16.8012,46.1888],[16.7919,46.1848],[16.7722,46.1886],[16.7539,46.1948],[16.7486,46.1748],[16.7435,46.1722],[16.7656,46.1619],[16.7671,46.1543],[16.7574,46.1604],[16.7591,46.154],[16.748,46.1416],[16.75,46.1267],[16.7551,46.1202],[16.7506,46.1063],[16.7634,46.1074],[16.7685,46.1038],[16.767,46.0946],[16.7717,46.0904],[16.7855,46.1036],[16.785,46.1264],[16.7896,46.1293],[16.8,46.1127],[16.7954,46.0957],[16.8063,46.0873],[16.8127,46.0898],[16.8274,46.0855],[16.8361,46.0878],[16.8452,46.0868],[16.8464,46.1027],[16.855,46.1148],[16.8668,46.1174],[16.8698,46.126],[16.8772,46.1206],[16.8869,46.1278],[16.878,46.1325],[16.8552,46.1379],[16.8516,46.1479],[16.8645,46.1516],[16.8812,46.1489],[16.8971,46.1553],[16.8837,46.1625],[16.8647,46.169],[16.8793,46.178],[16.8899,46.1757],[16.8918,46.1795],[16.8654,46.1809],[16.847,46.1967]]]},"properties":{"name":"Grad Koprivnica","osm":"relation/8448027"}},
{"type":"Feature","geometry":{"type":"Polygon","coordinates":[[[16.7539,46.1948],[16.7722,46.1886],[16.7919,46.1848],[16.8012,46.1888],[16.8016,46.1949],[16.8142,46.1888],[16.8313,46.1903],[16.8318,46.1944],[16.847,46.1967],[16.849,46.2065],[16.8475,46.2206],[16.8508,46.2341],[16.8226,46.2355],[16.8166,46.2402],[16.7992,46.2332],[16.7717,46.2283],[16.7634,46.2239],[16.7572,46.2141],[16.7539,46.1948]]]},"properties":{"name":"Općina Koprivnički Ivanec","osm":"relation/8448028"}},
{"type":"Feature","geometry":{"type":"Polygon","coordinates":[[[16.7435,46.1722],[16.725,46.17],[16.7178,46.172],[16.7077,46.1604],[16.7015,46.1642],[16.6881,46.1533],[16.6707,46.1451],[16.6664,46.1514],[16.6627,46.1451],[16.6503,46.1418],[16.6421,46.1431],[16.6283,46.1348],[16.6161,46.1353],[16.605,46.1396],[16.6003,46.1484],[16.5923,46.1494],[16.6009,46.1397],[16.598,46.1328],[16.5884,46.1301],[16.5897,46.1203],[16.5858,46.1141],[16.5988,46.1166],[16.6046,46.1104],[16.62,46.1083],[16.6219,46.1046],[16.6632,46.0961],[16.6599,46.0917],[16.6706,46.0912],[16.6714,46.0797],[16.677,46.0694],[16.6918,46.0557],[16.7031,46.0523],[16.7198,46.0353],[16.7217,46.0403],[16.7324,46.0404],[16.7838,46.0637],[16.7855,46.0562],[16.7914,46.0557],[16.784,46.0457],[16.7988,46.0461],[16.8106,46.0563],[16.8153,46.0547],[16.8295,46.0622],[16.8341,46.0689],[16.8313,46.0859],[16.8361,46.0878],[16.8274,46.0855],[16.8127,46.0898],[16.8063,46.0873],[16.7954,46.0957],[16.8,46.1127],[16.7896,46.1293],[16.785,46.1264],[16.7855,46.1036],[16.7717,46.0904],[16.767,46.0946],[16.7685,46.1038],[16.7634,46.1074],[16.7506,46.1063],[16.7551,46.1202],[16.75,46.1267],[16.748,46.1416],[16.7591,46.154],[16.7574,46.1604],[16.7671,46.1543],[16.7656,46.1619],[16.7435,46.1722]]]},"properties":{"name":"Općina Sokolovac","osm":"relation/8448029"}},
{"type":"Feature","geometry":{"type":"Polygon","coordinates":[[[16.5923,46.1494],[16.5932,46.1571],[16.582,46.1668],[16.5686,46.1691],[16.5493,46.1805],[16.5438,46.1784],[16.5513,46.1715],[16.5485,46.1657],[16.5375,46.1696],[16.5033,46.1692],[16.4847,46.1623],[16.4896,46.1581],[16.4919,46.147],[16.5127,46.1377],[16.5132,46.1119],[16.5094,46.098],[16.5204,46.0967],[16.524,46.0849],[16.5195,46.0707],[16.5078,46.0699],[16.5054,46.0552],[16.4955,46.0435],[16.4698,46.0478],[16.4635,46.0374],[16.4576,46.0184],[16.4169,46.015],[16.4109,46.0073],[16.4018,46.004],[16.4086,45.9991],[16.4231,46.0057],[16.4347,45.9994],[16.4366,45.9847],[16.4572,45.981],[16.4664,45.972],[16.4678,45.9621],[16.4639,45.9471],[16.4816,45.9517],[16.4816,45.9558],[16.494,45.9614],[16.5009,45.969],[16.5131,45.9696],[16.516,45.957],[16.5214,45.9618],[16.5361,45.9589],[16.5491,45.9634],[16.5715,45.9658],[16.579,45.9692],[16.5927,45.9892],[16.5906,45.9982],[16.6044,46.0063],[16.6,46.0207],[16.5954,46.0249],[16.6049,46.0315],[16.6025,46.0226],[16.6071,46.0164],[16.615,46.0166],[16.6164,46.0101],[16.6234,46.0115],[16.6214,46.0185],[16.641,46.0205],[16.636,46.0235],[16.6374,46.0352],[16.6288,46.0324],[16.6373,46.0402],[16.6475,46.0397],[16.644,46.0311],[16.6512,46.0329],[16.6498,46.0419],[16.6653,46.0421],[16.6604,46.0309],[16.6664,46.0286],[16.6724,46.0188],[16.6943,46.0152],[16.705,46.0076],[16.7058,46.0017],[16.7153,46.0042],[16.72,46.0088],[16.7246,46.0177],[16.7198,46.0353],[16.7031,46.0523],[16.6918,46.0557],[16.677,46.0694],[16.6714,46.0797],[16.6706,46.0912],[16.6599,46.0917],[16.6632,46.0961],[16.6219,46.1046],[16.62,46.1083],[16.6046,46.1104],[16.5988,46.1166],[16.5858,46.1141],[16.5897,46.1203],[16.5884,46.1301],[16.598,46.1328],[16.6009,46.1397],[16.5923,46.1494]]]},"properties":{"name":"Grad Križevci","osm":"relation/8448030"}},
{"type":"Feature","geometry":{"type":"Polygon","coordinates":[[[16.3415,46.0275],[16.3518,46.0173],[16.356,46.0216],[16.3709,46.0223],[16.3928,46.0055],[16.4018,46.004],[16.4109,46.0073],[16.4169,46.015],[16.4576,46.0184],[16.4635,46.0374],[16.4698,46.0478],[16.4955,46.0435],[16.5054,46.0552],[16.5078,46.0699],[16.5195,46.0707],[16.524,46.0849],[16.5204,46.0967],[16.5094,46.098],[16.5132,46.1119],[16.494,46.1134],[16.4942,46.1023],[16.486,46.0978],[16.4811,46.1025],[16.4697,46.1014],[16.4668,46.1067],[16.4586,46.1028],[16.4425,46.1104],[16.4345,46.1084],[16.4324,46.1001],[16.4283,46.1067],[16.4332,46.1171],[16.4217,46.1165],[16.4122,46.1215],[16.4106,46.114],[16.4171,46.11],[16.4143,46.1032],[16.4193,46.0917],[16.4138,46.0857],[16.4241,46.0739],[16.3939,46.0687],[16.3818,46.0571],[16.3694,46.059],[16.3591,46.0479],[16.3497,46.0448],[16.3485,46.0323],[16.3415,46.0275]]]},"properties":{"name":"Općina Sveti Petar Orehovec","osm":"relation/8448031"}},
{"type":"Feature","geometry":{"type":"Polygon","coordinates":[[[16.3622,46.0938],[16.357,46.0846],[16.348,46.0849],[16.3464,46.072],[16.3517,46.0665],[16.3455,46.059],[16.3462,46.0463],[16.3497,46.0448],[16.3591,46.0479],[16.3694,46.059],[16.3818,46.0571],[16.3939,46.0687],[16.4241,46.0739],[16.4138,46.0857],[16.4193,46.0917],[16.4143,46.1032],[16.4171,46.11],[16.4106,46.114],[16.4122,46.1215],[16.4081,46.1301],[16.4233,46.1352],[16.4146,46.1445],[16.3978,46.1371],[16.399,46.13],[16.3764,46.126],[16.3811,46.1091],[16.3723,46.101],[16.3644,46.0998],[16.3622,46.0938]]]},"properties":{"name":"Općina Gornja Rijeka","osm":"relation/8448032"}},
{"type":"Feature","geometry":{"type":"Polygon","coordinates":[[[16.7611,45.7469],[16.7675,45.7576],[16.7691,45.7816],[16.7754,45.7849],[16.7728,45.7959],[16.781,45.8049],[16.7868,45.8058],[16.789,45.8189],[16.7841,45.8196],[16.79,45.8277],[16.8075,45.8298],[16.8214,45.8353],[16.835,45.8338],[16.8295,45.842],[16.8184,45.8445],[16.8092,45.8394],[16.8026,45.8415],[16.7885,45.8388],[16.7709,45.8413],[16.761,45.856],[16.7425,45.8545],[16.7412,45.8473],[16.7336,45.8475],[16.7132,45.8371],[16.6923,45.842],[16.681,45.8391],[16.682,45.8209],[16.6909,45.8132],[16.69,45.8032],[16.6819,45.7962],[16.705,45.7775],[16.7118,45.7842],[16.7178,45.7758],[16.7298,45.7784],[16.7245,45.7581],[16.7471,45.7446],[16.7515,45.7513],[16.7621,45.7511],[16.7611,45.7469]]]},"properties":{"name":"Općina Štefanje","osm":"relation/8448037"}},
{"type":"Feature","geometry":{"type":"Polygon","coordinates":[[[16.4353,45.813],[16.4237,45.7999],[16.4043,45.8023],[16.388,45.8067],[16.3878,45.7904],[16.3743,45.768],[16.3763,45.753],[16.3684,45.7428],[16.3677,45.7388],[16.3777,45.7304],[16.3806,45.7227],[16.3992,45.7259],[16.4086,45.72],[16.4263,45.7244],[16.4402,45.7163],[16.4522,45.7191],[16.4604,45.7318],[16.4718,45.7331],[16.4734,45.7415],[16.4948,45.7317],[16.5068,45.7428],[16.5014,45.7476],[16.5251,45.7597],[16.5118,45.764],[16.4954,45.7738],[16.4889,45.7789],[16.448,45.8016],[16.4503,45.8139],[16.4353,45.813]]]},"properties":{"name":"Općina Kloštar Ivanić","osm":"relation/8462071"}},
{"type":"Feature","geometry":{"type":"Polygon","coordinates":[[[16.4745,45.864],[16.4884,45.8728],[16.4975,45.8698],[16.5338,45.8721],[16.5459,45.8907],[16.5586,45.8951],[16.5831,45.8872],[16.5916,45.8888],[16.5896,45.9028],[16.5999,45.903],[16.604,45.9198],[16.5831,45.9265],[16.583,45.9394],[16.562,45.9468],[16.554,45.9451],[16.5447,45.9577],[16.5491,45.9634],[16.5361,45.9589],[16.5214,45.9618],[16.516,45.957],[16.5131,45.9696],[16.5009,45.969],[16.494,45.9614],[16.4816,45.9558],[16.4816,45.9517],[16.4639,45.9471],[16.456,45.9456],[16.4505,45.9291],[16.4544,45.9267],[16.4538,45.9107],[16.4565,45.9033],[16.4516,45.896],[16.4563,45.8936],[16.4548,45.8786],[16.4682,45.8711],[16.4745,45.864]]]},"properties":{"name":"Općina Gradec","osm":"relation/8463464"}},
{"type":"Feature","geometry":{"type":"Polygon","coordinates":[[[16.6031,45.8183],[16.6113,45.8361],[16.6236,45.8478],[16.6194,45.8524],[16.5985,45.8594],[16.6002,45.8688],[16.6058,45.8744],[16.6014,45.878],[16.6231,45.8909],[16.6176,45.8916],[16.6092,45.9022],[16.5999,45.903],[16.5896,45.9028],[16.5916,45.8888],[16.5831,45.8872],[16.5586,45.8951],[16.5459,45.8907],[16.5338,45.8721],[16.4975,45.8698],[16.4884,45.8728],[16.4745,45.864],[16.47,45.849],[16.4657,45.849],[16.4646,45.8389],[16.457,45.823],[16.4353,45.813],[16.4503,45.8139],[16.448,45.8016],[16.4889,45.7789],[16.4954,45.7738],[16.4979,45.7768],[16.5171,45.7784],[16.5071,45.7863],[16.5117,45.7998],[16.5237,45.792],[16.5415,45.7974],[16.5496,45.8064],[16.5624,45.8034],[16.5621,45.8],[16.5744,45.7994],[16.576,45.7936],[16.5952,45.7872],[16.6089,45.7923],[16.6009,45.8015],[16.6048,45.8081],[16.6031,45.8183]]]},"properties":{"name":"Općina Dubrava","osm":"relation/8463465"}},
{"type":"Feature","geometry":{"type":"Polygon","coordinates":[[[14.3396,45.3854],[14.3281,45.3995],[14.3216,45.3974],[14.3141,45.4083],[14.3199,45.4148],[14.3101,45.4247],[14.3034,45.4252],[14.3134,45.4358],[14.3202,45.4333],[14.326,45.457],[14.3334,45.4595],[14.3228,45.4704],[14.3166,45.483],[14.306,45.4802],[14.2792,45.4903],[14.2679,45.4823],[14.245,45.5054],[14.2306,45.5047],[14.2233,45.5014],[14.22,45.4934],[14.2143,45.4925],[14.2063,45.4821],[14.2076,45.4693],[14.181,45.4779],[14.154,45.481],[14.1432,45.475],[14.1335,45.4754],[14.1114,45.4823],[14.1152,45.471],[14.1072,45.4598],[14.1189,45.4508],[14.1209,45.4432],[14.1351,45.4323],[14.1665,45.4153],[14.2048,45.4042],[14.2064,45.4008],[14.1884,45.3926],[14.2059,45.391],[14.2133,45.3814],[14.2631,45.3659],[14.2814,45.3568],[14.2816,45.3488],[14.2926,45.339],[14.2981,45.3383],[14.3085,45.3469],[14.3082,45.3575],[14.3199,45.3565],[14.3274,45.3607],[14.3358,45.3565],[14.3365,45.3609],[14.3441,45.3669],[14.3253,45.3689],[14.3278,45.3769],[14.3396,45.3854]]]},"properties":{"name":"Općina Matulji","osm":"relation/8476954"}},
{"type":"Feature","geometry":{"type":"Polygon","coordinates":[[[16.4264,46.3395],[16.4372,46.3454],[16.4502,46.3482],[16.4435,46.3532],[16.4324,46.3508],[16.4253,46.3602],[16.4208,46.3766],[16.4231,46.3789],[16.4035,46.3802],[16.4007,46.3894],[16.3984,46.3847],[16.4076,46.3638],[16.4014,46.3545],[16.4054,46.345],[16.4212,46.3437],[16.4264,46.3395]]]},"properties":{"name":"Općina Strahoninec","osm":"relation/8593766"}},
{"type":"Feature","geometry":{"type":"Polygon","coordinates":[[[16.3505,46.4111],[16.3557,46.4179],[16.3462,46.4273],[16.3454,46.4435],[16.336,46.4435],[16.3372,46.4571],[16.3432,46.4609],[16.3361,46.4679],[16.3251,46.4652],[16.3091,46.4664],[16.2803,46.4603],[16.2804,46.4482],[16.2852,46.4433],[16.2716,46.4312],[16.2749,46.4145],[16.2824,46.415],[16.3004,46.4035],[16.3154,46.4041],[16.3226,46.41],[16.3292,46.4066],[16.3362,46.4112],[16.3505,46.4111]]]},"properties":{"name":"Općina Gornji Mihaljevec","osm":"relation/8593771"}},
{"type":"Feature","geometry":{"type":"Polygon","coordinates":[[[16.3886,46.4042],[16.3769,46.4152],[16.3661,46.42],[16.361,46.4181],[16.3588,46.4074],[16.3505,46.4111],[16.3362,46.4112],[16.3292,46.4066],[16.3226,46.41],[16.3154,46.4041],[16.3004,46.4035],[16.307,46.398],[16.3016,46.3784],[16.3006,46.376],[16.3197,46.3662],[16.3284,46.3574],[16.3356,46.3482],[16.3495,46.3397],[16.3536,46.3252],[16.3674,46.3145],[16.3829,46.314],[16.3933,46.317],[16.3907,46.3222],[16.3802,46.3239],[16.3887,46.3436],[16.3946,46.345],[16.3988,46.3383],[16.4195,46.3336],[16.4264,46.3395],[16.4212,46.3437],[16.4054,46.345],[16.4014,46.3545],[16.4076,46.3638],[16.3984,46.3847],[16.4007,46.3894],[16.4014,46.3951],[16.3917,46.3969],[16.3886,46.4042]]]},"properties":{"name":"Općina Nedelišće","osm":"relation/8593780"}},
{"type":"Feature","geometry":{"type":"Polygon","coordinates":[[[16.4356,46.4627],[16.4303,46.4579],[16.4244,46.4483],[16.4166,46.4442],[16.4283,46.4442],[16.4241,46.432],[16.4258,46.4062],[16.4334,46.4019],[16.4079,46.3941],[16.4014,46.3951],[16.4007,46.3894],[16.4035,46.3802],[16.4231,46.3789],[16.4208,46.3766],[16.4253,46.3602],[16.4324,46.3508],[16.4435,46.3532],[16.4502,46.3482],[16.4372,46.3454],[16.4264,46.3395],[16.4195,46.3336],[16.3988,46.3383],[16.3946,46.345],[16.3887,46.3436],[16.3802,46.3239],[16.3907,46.3222],[16.3933,46.317],[16.4085,46.3214],[16.4298,46.3158],[16.4281,46.3119],[16.4529,46.3146],[16.4553,46.3238],[16.4664,46.3248],[16.4636,46.3291],[16.4708,46.3394],[16.4978,46.3454],[16.512,46.3509],[16.5168,46.3594],[16.5043,46.3643],[16.5076,46.3729],[16.5012,46.3804],[16.4861,46.3815],[16.4868,46.3759],[16.4755,46.3761],[16.4734,46.3832],[16.4596,46.3918],[16.4627,46.4132],[16.4705,46.4184],[16.4722,46.4123],[16.4903,46.413],[16.4936,46.4311],[16.4976,46.4352],[16.493,46.4438],[16.4633,46.4448],[16.4675,46.4527],[16.4489,46.4604],[16.4356,46.4627]]]},"properties":{"name":"Grad Čakovec","osm":"relation/8593806"}},
{"type":"Feature","geometry":{"type":"Polygon","coordinates":[[[16.4014,46.3951],[16.4079,46.3941],[16.4334,46.4019],[16.4258,46.4062],[16.4241,46.432],[16.4283,46.4442],[16.4166,46.4442],[16.4109,46.4398],[16.4086,46.422],[16.4023,46.405],[16.3886,46.4042],[16.3917,46.3969],[16.4014,46.3951]]]},"properties":{"name":"Općina Šenkovec","osm":"relation/8593807"}},
{"type":"Feature","geometry":{"type":"Polygon","coordinates":[[[16.3886,46.4042],[16.4023,46.405],[16.4086,46.422],[16.4109,46.4398],[16.4166,46.4442],[16.4244,46.4483],[16.4303,46.4579],[16.4302,46.4581],[16.4148,46.461],[16.4107,46.457],[16.3884,46.4639],[16.3792,46.4633],[16.354,46.4663],[16.3476,46.4645],[16.3432,46.4609],[16.3372,46.4571],[16.336,46.4435],[16.3454,46.4435],[16.3462,46.4273],[16.3557,46.4179],[16.3505,46.4111],[16.3588,46.4074],[16.361,46.4181],[16.3661,46.42],[16.3769,46.4152],[16.3886,46.4042]]]},"properties":{"name":"Općina Sveti Juraj na Bregu","osm":"relation/8593808"}},
{"type":"Feature","geometry":{"type":"Polygon","coordinates":[[[15.629,45.2209],[15.6548,45.212],[15.6643,45.2049],[15.6871,45.207],[15.701,45.2033],[15.7095,45.2094],[15.7068,45.2146],[15.7214,45.2097],[15.7354,45.2132],[15.7401,45.2074],[15.7445,45.2149],[15.7536,45.207],[15.7606,45.2118],[15.7731,45.2071],[15.7939,45.2029],[15.7962,45.1954],[15.817,45.2098],[15.8234,45.2063],[15.832,45.2127],[15.8268,45.2173],[15.84,45.2244],[15.8334,45.2309],[15.8342,45.238],[15.8144,45.247],[15.7991,45.2461],[15.7927,45.261],[15.7806,45.268],[15.7796,45.2779],[15.7901,45.2996],[15.8079,45.3111],[15.8057,45.3142],[15.7949,45.32],[15.794,45.3313],[15.7872,45.3387],[15.7896,45.3433],[15.7792,45.3495],[15.7775,45.3566],[15.7675,45.3562],[15.7662,45.368],[15.7731,45.373],[15.7758,45.388],[15.7613,45.395],[15.7379,45.3964],[15.7302,45.3924],[15.7205,45.398],[15.7217,45.4063],[15.7129,45.4099],[15.6965,45.4069],[15.6828,45.4165],[15.6711,45.4115],[15.6616,45.413],[15.6526,45.4083],[15.6595,45.4016],[15.6793,45.3901],[15.6699,45.3835],[15.6775,45.376],[15.6593,45.3676],[15.6625,45.3575],[15.6699,45.3504],[15.6723,45.3422],[15.6638,45.3429],[15.6503,45.3305],[15.6574,45.3238],[15.658,45.3133],[15.6513,45.3053],[15.6619,45.2986],[15.6525,45.2894],[15.6562,45.2779],[15.6548,45.2659],[15.6394,45.2668],[15.6381,45.2551],[15.6281,45.2466],[15.6383,45.2391],[15.6321,45.2371],[15.6329,45.2228],[15.629,45.2209]]]},"properties":{"name":"Općina Vojnić","osm":"relation/8744869"}},
{"type":"Feature","geometry":{"type":"Polygon","coordinates":[[[15.5419,45.2834],[15.5501,45.2898],[15.5637,45.2856],[15.5617,45.2812],[15.5739,45.2847],[15.5739,45.276],[15.5856,45.2632],[15.5968,45.2652],[15.601,45.2618],[15.6109,45.2648],[15.6162,45.2537],[15.6267,45.2544],[15.6281,45.2466],[15.6381,45.2551],[15.6394,45.2668],[15.6548,45.2659],[15.6562,45.2779],[15.6525,45.2894],[15.6619,45.2986],[15.6513,45.3053],[15.658,45.3133],[15.6574,45.3238],[15.6503,45.3305],[15.6638,45.3429],[15.6723,45.3422],[15.6699,45.3504],[15.6625,45.3575],[15.6593,45.3676],[15.6511,45.3756],[15.6099,45.3741],[15.6078,45.3883],[15.5982,45.3868],[15.5967,45.3741],[15.5836,45.3783],[15.5737,45.3756],[15.5635,45.3784],[15.5697,45.3678],[15.5646,45.3615],[15.5538,45.3569],[15.5533,45.3461],[15.5617,45.3391],[15.5577,45.321],[15.5475,45.323],[15.5443,45.3279],[15.5215,45.3322],[15.5115,45.3418],[15.5066,45.3401],[15.5185,45.3267],[15.5175,45.3198],[15.5075,45.3164],[15.4985,45.3064],[15.5207,45.3027],[15.5419,45.2834]]]},"properties":{"name":"Općina Krnjak","osm":"relation/8744908"}},
{"type":"Feature","geometry":{"type":"Polygon","coordinates":[[[18.6076,45.5964],[18.6081,45.6011],[18.6185,45.6049],[18.6189,45.6153],[18.608,45.6162],[18.6019,45.6019],[18.5908,45.5952],[18.5726,45.6053],[18.5794,45.6136],[18.5702,45.6216],[18.5595,45.6156],[18.546,45.6189],[18.5509,45.6242],[18.565,45.6256],[18.5681,45.6316],[18.5563,45.6281],[18.5508,45.6378],[18.5433,45.6359],[18.5364,45.6407],[18.5483,45.6478],[18.5505,45.66],[18.5381,45.663],[18.5292,45.6416],[18.516,45.639],[18.5165,45.6457],[18.4924,45.65],[18.4946,45.6445],[18.4768,45.6351],[18.4899,45.6302],[18.4709,45.6243],[18.4674,45.6013],[18.4659,45.598],[18.486,45.5959],[18.4934,45.592],[18.4963,45.6005],[18.5147,45.6079],[18.5113,45.5902],[18.5282,45.5884],[18.5199,45.5516],[18.5245,45.5447],[18.5468,45.5545],[18.5567,45.5643],[18.5627,45.5847],[18.5568,45.5853],[18.5755,45.5963],[18.5827,45.5857],[18.6017,45.5866],[18.6076,45.5964]]]},"properties":{"name":"Općina Petrijevci","osm":"relation/8747009"}},
{"type":"Feature","geometry":{"type":"Polygon","coordinates":[[[18.5681,45.6316],[18.5934,45.6428],[18.5938,45.6474],[18.6062,45.6511],[18.6066,45.6596],[18.6175,45.674],[18.6265,45.6753],[18.6324,45.6822],[18.6174,45.6917],[18.6243,45.6983],[18.6186,45.7072],[18.6102,45.7116],[18.6087,45.722],[18.6017,45.7271],[18.5928,45.7261],[18.5669,45.7426],[18.5598,45.745],[18.5453,45.7424],[18.5023,45.7492],[18.4841,45.7427],[18.4747,45.7281],[18.4804,45.7247],[18.4703,45.7099],[18.485,45.714],[18.4915,45.7056],[18.4798,45.6988],[18.4741,45.6851],[18.4966,45.6869],[18.499,45.6937],[18.509,45.6951],[18.5125,45.688],[18.502,45.6825],[18.491,45.6694],[18.4931,45.6625],[18.5219,45.6587],[18.5291,45.6647],[18.5319,45.6579],[18.5165,45.6457],[18.516,45.639],[18.5292,45.6416],[18.5381,45.663],[18.5505,45.66],[18.5483,45.6478],[18.5364,45.6407],[18.5433,45.6359],[18.5508,45.6378],[18.5563,45.6281],[18.5681,45.6316]]]},"properties":{"name":"Općina Jagodnjak","osm":"relation/8747010"}},
{"type":"Feature","geometry":{"type":"Polygon","coordinates":[[[18.2575,45.5934],[18.2463,45.5819],[18.2597,45.5768],[18.2732,45.5846],[18.2841,45.5853],[18.333,45.5598],[18.3482,45.5749],[18.3582,45.5698],[18.3648,45.5742],[18.3782,45.5673],[18.3894,45.572],[18.3891,45.5849],[18.4032,45.59],[18.4025,45.5936],[18.43,45.5963],[18.4296,45.5989],[18.4674,45.6013],[18.4709,45.6243],[18.4899,45.6302],[18.4768,45.6351],[18.4946,45.6445],[18.4924,45.65],[18.5165,45.6457],[18.5319,45.6579],[18.5291,45.6647],[18.5219,45.6587],[18.4931,45.6625],[18.491,45.6694],[18.502,45.6825],[18.5125,45.688],[18.509,45.6951],[18.499,45.6937],[18.4966,45.6869],[18.4741,45.6851],[18.4798,45.6988],[18.4915,45.7056],[18.485,45.714],[18.4703,45.7099],[18.4684,45.6911],[18.4647,45.6857],[18.4576,45.6893],[18.4621,45.6998],[18.4581,45.708],[18.4441,45.7091],[18.4384,45.7045],[18.4402,45.6908],[18.4347,45.6845],[18.4188,45.6927],[18.4253,45.6837],[18.4358,45.6805],[18.4248,45.6784],[18.4229,45.6705],[18.4147,45.6695],[18.4105,45.6781],[18.3946,45.6816],[18.3754,45.6808],[18.3707,45.6744],[18.3836,45.6714],[18.3672,45.6554],[18.3638,45.6493],[18.3722,45.6471],[18.3484,45.6367],[18.3426,45.6177],[18.3357,45.6172],[18.3246,45.6083],[18.316,45.6098],[18.2902,45.6035],[18.2575,45.5934]]]},"properties":{"name":"Grad Valpovo","osm":"relation/8747011"}},
{"type":"Feature","geometry":{"type":"Polygon","coordinates":[[[18.3387,45.747],[18.329,45.7322],[18.3315,45.7197],[18.3363,45.7158],[18.3483,45.7179],[18.3621,45.7254],[18.3726,45.7229],[18.3726,45.715],[18.3831,45.7019],[18.4038,45.7025],[18.4188,45.6993],[18.4213,45.7084],[18.4284,45.7083],[18.4294,45.699],[18.4188,45.6927],[18.4347,45.6845],[18.4402,45.6908],[18.4384,45.7045],[18.4441,45.7091],[18.4581,45.708],[18.4621,45.6998],[18.4576,45.6893],[18.4647,45.6857],[18.4684,45.6911],[18.4703,45.7099],[18.4804,45.7247],[18.4747,45.7281],[18.4841,45.7427],[18.5023,45.7492],[18.5453,45.7424],[18.5598,45.745],[18.5669,45.7426],[18.5747,45.7502],[18.5621,45.7502],[18.5634,45.7657],[18.5738,45.7667],[18.5491,45.7806],[18.556,45.7809],[18.5583,45.7875],[18.5749,45.8003],[18.5593,45.8037],[18.5554,45.7946],[18.5326,45.7938],[18.5185,45.7853],[18.5102,45.7848],[18.5054,45.7921],[18.4907,45.7947],[18.4864,45.7875],[18.4807,45.7665],[18.4638,45.7662],[18.4563,45.7695],[18.4451,45.7605],[18.4491,45.758],[18.4499,45.7465],[18.4469,45.7371],[18.4275,45.7415],[18.4106,45.7389],[18.3979,45.7447],[18.3995,45.7506],[18.3924,45.7609],[18.3642,45.7729],[18.3654,45.7657],[18.3564,45.7669],[18.3387,45.747]]]},"properties":{"name":"Općina Petlovac","osm":"relation/8747012"}},
{"type":"Feature","geometry":{"type":"Polygon","coordinates":[[[18.3191,45.7298],[18.3144,45.7212],[18.3091,45.7218],[18.3026,45.7116],[18.3142,45.7095],[18.304,45.6881],[18.2978,45.6846],[18.3071,45.6702],[18.3027,45.6601],[18.3166,45.6533],[18.3119,45.6291],[18.3069,45.6206],[18.316,45.6098],[18.3246,45.6083],[18.3357,45.6172],[18.3426,45.6177],[18.3484,45.6367],[18.3722,45.6471],[18.3638,45.6493],[18.3672,45.6554],[18.3836,45.6714],[18.3707,45.6744],[18.3754,45.6808],[18.3946,45.6816],[18.4105,45.6781],[18.4147,45.6695],[18.4229,45.6705],[18.4248,45.6784],[18.4358,45.6805],[18.4253,45.6837],[18.4188,45.6927],[18.4294,45.699],[18.4284,45.7083],[18.4213,45.7084],[18.4188,45.6993],[18.4038,45.7025],[18.3831,45.7019],[18.3726,45.715],[18.3726,45.7229],[18.3621,45.7254],[18.3483,45.7179],[18.3363,45.7158],[18.3315,45.7197],[18.329,45.7322],[18.3387,45.747],[18.3284,45.7544],[18.3218,45.7524],[18.3118,45.7392],[18.3182,45.737],[18.3191,45.7298]]]},"properties":{"name":"Grad Belišće","osm":"relation/8747013"}},
{"type":"Feature","geometry":{"type":"Polygon","coordinates":[[[16.8928,46.2348],[16.8747,46.2394],[16.8866,46.2389],[16.8968,46.2451],[16.8954,46.2552],[16.8874,46.2554],[16.8737,46.2494],[16.8692,46.2715],[16.8806,46.2763],[16.8918,46.274],[16.8902,46.2788],[16.886,46.2869],[16.8755,46.2876],[16.8742,46.2817],[16.8621,46.2802],[16.852,46.2714],[16.8336,46.2689],[16.8318,46.273],[16.8164,46.2645],[16.8145,46.2579],[16.8073,46.2585],[16.801,46.2477],[16.8061,46.2456],[16.7992,46.2332],[16.8166,46.2402],[16.8226,46.2355],[16.8508,46.2341],[16.8568,46.2291],[16.8711,46.2274],[16.8877,46.2295],[16.8928,46.2348]]]},"properties":{"name":"Općina Đelekovec","osm":"relation/8756460"}},
{"type":"Feature","geometry":{"type":"Polygon","coordinates":[[[18.6076,45.5964],[18.6243,45.5826],[18.6484,45.5736],[18.6569,45.5771],[18.6661,45.5745],[18.6852,45.5805],[18.6978,45.5794],[18.6969,45.5737],[18.7077,45.5739],[18.711,45.6015],[18.7253,45.6038],[18.7398,45.6225],[18.7186,45.6353],[18.7152,45.6515],[18.7005,45.6597],[18.6998,45.6689],[18.6774,45.6691],[18.6777,45.6662],[18.6499,45.6672],[18.6381,45.6705],[18.6323,45.6531],[18.6275,45.6562],[18.6177,45.6481],[18.6062,45.6511],[18.5938,45.6474],[18.5934,45.6428],[18.5681,45.6316],[18.565,45.6256],[18.5509,45.6242],[18.546,45.6189],[18.5595,45.6156],[18.5702,45.6216],[18.5794,45.6136],[18.5726,45.6053],[18.5908,45.5952],[18.6019,45.6019],[18.608,45.6162],[18.6189,45.6153],[18.6185,45.6049],[18.6081,45.6011],[18.6076,45.5964]]]},"properties":{"name":"Općina Darda","osm":"relation/8756699"}},
{"type":"Feature","geometry":{"type":"MultiPolygon","coordinates":[[[[16.8928,46.2348],[16.9047,46.2404],[16.922,46.2399],[16.93,46.2458],[16.9339,46.2542],[16.9261,46.2598],[16.9161,46.2609],[16.9028,46.2743],[16.8902,46.2788],[16.8918,46.274],[16.8806,46.2763],[16.8692,46.2715],[16.8737,46.2494],[16.8874,46.2554],[16.8954,46.2552],[16.8968,46.2451],[16.8866,46.2389],[16.8747,46.2394],[16.8928,46.2348]]],[[[16.801,46.2477],[16.8073,46.2585],[16.8145,46.2579],[16.8164,46.2645],[16.8318,46.273],[16.8336,46.2689],[16.852,46.2714],[16.8621,46.2802],[16.8742,46.2817],[16.8755,46.2876],[16.886,46.2869],[16.8851,46.3009],[16.8779,46.3059],[16.8735,46.3233],[16.8787,46.3369],[16.8712,46.3379],[16.8716,46.3441],[16.8614,46.3475],[16.8667,46.3537],[16.8579,46.3525],[16.8474,46.341],[16.8469,46.3359],[16.8575,46.3314],[16.8443,46.3219],[16.8363,46.3081],[16.8169,46.2872],[16.8072,46.2906],[16.8042,46.3074],[16.7778,46.3026],[16.7736,46.3048],[16.7662,46.3049],[16.7646,46.285],[16.7705,46.2791],[16.7571,46.2757],[16.7608,46.2686],[16.759,46.2601],[16.7817,46.2555],[16.7935,46.2449],[16.801,46.2477]]]]},"properties":{"name":"Općina Legrad","osm":"relation/8756807"}},
{"type":"Feature","geometry":{"type":"Polygon","coordinates":[[[16.5438,46.1784],[16.5493,46.1805],[16.5686,46.1691],[16.582,46.1668],[16.5932,46.1571],[16.5923,46.1494],[16.6003,46.1484],[16.605,46.1396],[16.6161,46.1353],[16.6283,46.1348],[16.6421,46.1431],[16.6503,46.1418],[16.6627,46.1451],[16.6664,46.1514],[16.6707,46.1451],[16.6881,46.1533],[16.7015,46.1642],[16.7077,46.1604],[16.7178,46.172],[16.725,46.17],[16.7435,46.1722],[16.7486,46.1748],[16.7539,46.1948],[16.7572,46.2141],[16.7634,46.2239],[16.7717,46.2283],[16.7992,46.2332],[16.8061,46.2456],[16.801,46.2477],[16.7935,46.2449],[16.7817,46.2555],[16.759,46.2601],[16.7502,46.2499],[16.7344,46.248],[16.7311,46.2383],[16.7212,46.2289],[16.7047,46.2239],[16.6996,46.2157],[16.678,46.2028],[16.6601,46.2042],[16.6466,46.1987],[16.6281,46.1979],[16.6196,46.2007],[16.6014,46.2006],[16.6006,46.207],[16.593,46.2074],[16.5683,46.1939],[16.562,46.1937],[16.5519,46.184],[16.5332,46.1847],[16.5438,46.1784]]]},"properties":{"name":"Općina Rasinja","osm":"relation/8756808"}},
{"type":"Feature","geometry":{"type":"Polygon","coordinates":[[[16.7404,46.3847],[16.7416,46.3858],[16.7399,46.3981],[16.7261,46.4001],[16.7227,46.3926],[16.7076,46.403],[16.6857,46.4312],[16.674,46.4298],[16.6822,46.4227],[16.6787,46.4189],[16.6883,46.4119],[16.6849,46.4055],[16.678,46.4055],[16.678,46.3984],[16.6509,46.3992],[16.6473,46.3931],[16.6575,46.3799],[16.6429,46.3795],[16.6531,46.376],[16.673,46.3805],[16.6814,46.3767],[16.7043,46.3823],[16.7037,46.3757],[16.6871,46.3721],[16.6686,46.3579],[16.6907,46.3557],[16.707,46.3682],[16.704,46.3753],[16.7121,46.3843],[16.7354,46.3821],[16.7404,46.3847]]]},"properties":{"name":"Općina Goričan","osm":"relation/8756976"}},
{"type":"Feature","geometry":{"type":"Polygon","coordinates":[[[16.5012,46.3804],[16.5076,46.3729],[16.5043,46.3643],[16.5168,46.3594],[16.512,46.3509],[16.4978,46.3454],[16.5067,46.342],[16.5141,46.3543],[16.5248,46.3511],[16.522,46.3397],[16.5296,46.3404],[16.5255,46.3342],[16.5594,46.3389],[16.5532,46.349],[16.5618,46.3523],[16.5635,46.3609],[16.5754,46.3609],[16.5807,46.3723],[16.5807,46.3782],[16.5904,46.3813],[16.5804,46.3934],[16.5907,46.4025],[16.5884,46.4066],[16.589,46.4118],[16.5771,46.4209],[16.5628,46.4189],[16.5577,46.4107],[16.5504,46.4087],[16.5326,46.3923],[16.5119,46.386],[16.5012,46.3804]]]},"properties":{"name":"Općina Mala Subotica","osm":"relation/8756977"}},
{"type":"Feature","geometry":{"type":"Polygon","coordinates":[[[16.4978,46.3454],[16.4708,46.3394],[16.4636,46.3291],[16.4664,46.3248],[16.4682,46.3176],[16.481,46.3188],[16.4832,46.3155],[16.5115,46.3101],[16.5198,46.3086],[16.5412,46.3127],[16.5528,46.3269],[16.5673,46.3284],[16.5594,46.3389],[16.5255,46.3342],[16.5296,46.3404],[16.522,46.3397],[16.5248,46.3511],[16.5141,46.3543],[16.5067,46.342],[16.4978,46.3454]]]},"properties":{"name":"Općina Orehovica","osm":"relation/8756978"}},
{"type":"Feature","geometry":{"type":"Polygon","coordinates":[[[18.423,45.5063],[18.4337,45.5075],[18.4333,45.5162],[18.4383,45.5202],[18.4567,45.517],[18.4558,45.5227],[18.4793,45.5198],[18.4936,45.5267],[18.4947,45.5218],[18.5065,45.5203],[18.523,45.5387],[18.5245,45.5447],[18.5199,45.5516],[18.5282,45.5884],[18.5113,45.5902],[18.5147,45.6079],[18.4963,45.6005],[18.4934,45.592],[18.486,45.5959],[18.4659,45.598],[18.4674,45.6013],[18.4296,45.5989],[18.43,45.5963],[18.4025,45.5936],[18.4032,45.59],[18.3891,45.5849],[18.3894,45.572],[18.3782,45.5673],[18.3843,45.5642],[18.3681,45.5578],[18.3678,45.5398],[18.3635,45.5377],[18.3778,45.519],[18.3912,45.5236],[18.3963,45.5151],[18.4043,45.5175],[18.4069,45.5113],[18.423,45.5063]]]},"properties":{"name":"Općina Bizovac","osm":"relation/8756995"}},
{"type":"Feature","geometry":{"type":"Polygon","coordinates":[[[18.6217,45.5097],[18.619,45.5356],[18.5981,45.5381],[18.5956,45.5439],[18.5757,45.5449],[18.5711,45.553],[18.5622,45.5513],[18.5567,45.5643],[18.5468,45.5545],[18.5245,45.5447],[18.523,45.5387],[18.5065,45.5203],[18.4947,45.5218],[18.4936,45.5267],[18.4793,45.5198],[18.4558,45.5227],[18.4567,45.517],[18.4383,45.5202],[18.4333,45.5162],[18.4337,45.5075],[18.423,45.5063],[18.4204,45.4977],[18.4386,45.4656],[18.4516,45.4698],[18.4418,45.4611],[18.4462,45.4588],[18.4495,45.441],[18.4627,45.4405],[18.4791,45.4377],[18.4853,45.4478],[18.495,45.4514],[18.4925,45.4549],[18.5144,45.4583],[18.5162,45.4633],[18.5002,45.4614],[18.5029,45.47],[18.5141,45.4654],[18.5183,45.4622],[18.5272,45.4684],[18.5381,45.4651],[18.5511,45.4682],[18.5481,45.4745],[18.5694,45.4822],[18.5699,45.4704],[18.5784,45.4707],[18.5779,45.4633],[18.597,45.4616],[18.601,45.4615],[18.6217,45.5097]]]},"properties":{"name":"Općina Čepin","osm":"relation/8759141"}},
{"type":"Feature","geometry":{"type":"Polygon","coordinates":[[[18.1619,45.4207],[18.1803,45.427],[18.1794,45.4207],[18.1939,45.4195],[18.2071,45.4243],[18.2178,45.4223],[18.2382,45.4328],[18.2636,45.439],[18.2688,45.4488],[18.2931,45.4517],[18.308,45.4512],[18.3184,45.4475],[18.3436,45.4534],[18.3482,45.4509],[18.365,45.4552],[18.3778,45.463],[18.3987,45.4646],[18.4037,45.4592],[18.4158,45.4596],[18.4386,45.4656],[18.4204,45.4977],[18.423,45.5063],[18.4069,45.5113],[18.4043,45.5175],[18.3963,45.5151],[18.3912,45.5236],[18.3778,45.519],[18.366,45.5148],[18.3723,45.507],[18.3666,45.4902],[18.3433,45.49],[18.345,45.4952],[18.3092,45.4973],[18.3025,45.4877],[18.2863,45.4877],[18.2866,45.4915],[18.2545,45.4978],[18.2567,45.5032],[18.24,45.5063],[18.2371,45.4996],[18.2051,45.5047],[18.1945,45.49],[18.1853,45.492],[18.1714,45.4872],[18.1725,45.4807],[18.1667,45.4764],[18.1684,45.4665],[18.174,45.4652],[18.1414,45.4466],[18.1446,45.4439],[18.1374,45.4357],[18.1454,45.4342],[18.1503,45.4214],[18.1619,45.4207]]]},"properties":{"name":"Općina Podgorač","osm":"relation/8759142"}},
{"type":"Feature","geometry":{"type":"Polygon","coordinates":[[[18.2549,45.592],[18.2489,45.5873],[18.2358,45.5892],[18.2249,45.585],[18.2162,45.5774],[18.2159,45.5773],[18.2085,45.5581],[18.1934,45.5608],[18.1866,45.5496],[18.1892,45.5376],[18.1775,45.535],[18.172,45.5262],[18.1765,45.5192],[18.193,45.5142],[18.2012,45.5183],[18.2072,45.5159],[18.2051,45.5047],[18.2371,45.4996],[18.24,45.5063],[18.2567,45.5032],[18.2545,45.4978],[18.2866,45.4915],[18.2863,45.4877],[18.3025,45.4877],[18.3092,45.4973],[18.345,45.4952],[18.3433,45.49],[18.3666,45.4902],[18.3723,45.507],[18.366,45.5148],[18.3778,45.519],[18.3635,45.5377],[18.3678,45.5398],[18.3681,45.5578],[18.3843,45.5642],[18.3782,45.5673],[18.3648,45.5742],[18.3582,45.5698],[18.3482,45.5749],[18.333,45.5598],[18.2841,45.5853],[18.2732,45.5846],[18.2597,45.5768],[18.2463,45.5819],[18.2575,45.5934],[18.2549,45.592]]]},"properties":{"name":"Općina Koška","osm":"relation/8759143"}},
{"type":"Feature","geometry":{"type":"Polygon","coordinates":[[[17.3848,45.7006],[17.3798,45.6941],[17.3667,45.6873],[17.3505,45.6947],[17.3179,45.6843],[17.3002,45.6692],[17.2836,45.6614],[17.2696,45.6593],[17.2503,45.6652],[17.2439,45.6608],[17.2337,45.6384],[17.2121,45.6401],[17.2074,45.6305],[17.2379,45.6163],[17.2342,45.6075],[17.2549,45.6083],[17.2551,45.6038],[17.2876,45.5987],[17.2969,45.6007],[17.3167,45.5951],[17.3172,45.5898],[17.3306,45.5945],[17.327,45.6019],[17.34,45.6032],[17.3548,45.5998],[17.3622,45.6019],[17.3883,45.6005],[17.4249,45.6014],[17.4536,45.6042],[17.4563,45.6092],[17.4512,45.6174],[17.4509,45.6276],[17.4573,45.6333],[17.4649,45.6473],[17.4758,45.6519],[17.48,45.6683],[17.4734,45.6735],[17.4952,45.682],[17.4864,45.7049],[17.4701,45.7081],[17.4473,45.7078],[17.4486,45.7138],[17.458,45.7197],[17.4435,45.7301],[17.4221,45.7246],[17.4185,45.7165],[17.4066,45.7178],[17.3977,45.7034],[17.3848,45.7006]]]},"properties":{"name":"Općina Đulovac","osm":"relation/8766630"}},
{"type":"Feature","geometry":{"type":"Polygon","coordinates":[[[17.4415,45.5751],[17.4295,45.5738],[17.4213,45.5853],[17.4249,45.6014],[17.3883,45.6005],[17.3622,45.6019],[17.3548,45.5998],[17.34,45.6032],[17.327,45.6019],[17.3306,45.5945],[17.3172,45.5898],[17.3118,45.5763],[17.2971,45.5798],[17.2854,45.5671],[17.2763,45.5658],[17.269,45.5705],[17.2581,45.5711],[17.2501,45.5653],[17.2432,45.5521],[17.2351,45.5526],[17.222,45.5411],[17.2204,45.5514],[17.2137,45.5468],[17.2077,45.5544],[17.1958,45.5564],[17.2132,45.5699],[17.2079,45.5692],[17.1943,45.5759],[17.1613,45.5772],[17.1615,45.5699],[17.1713,45.5717],[17.169,45.5643],[17.1848,45.5565],[17.1747,45.5373],[17.1924,45.5333],[17.2007,45.5346],[17.2021,45.5247],[17.212,45.5229],[17.229,45.5087],[17.2395,45.5129],[17.2498,45.51],[17.2671,45.5119],[17.328,45.5232],[17.3606,45.5241],[17.3612,45.5148],[17.3779,45.5132],[17.388,45.5081],[17.4132,45.5085],[17.4291,45.5173],[17.4417,45.5272],[17.4383,45.5407],[17.444,45.5559],[17.4492,45.5552],[17.4529,45.5636],[17.4415,45.5751]]]},"properties":{"name":"Općina Sirač","osm":"relation/8766631"}},
{"type":"Feature","geometry":{"type":"Polygon","coordinates":[[[17.2074,45.6305],[17.2107,45.6234],[17.1768,45.6264],[17.1651,45.6215],[17.1561,45.6104],[17.1485,45.6066],[17.1487,45.5892],[17.1437,45.5829],[17.1613,45.5772],[17.1943,45.5759],[17.2079,45.5692],[17.2132,45.5699],[17.1958,45.5564],[17.2077,45.5544],[17.2137,45.5468],[17.2204,45.5514],[17.222,45.5411],[17.2351,45.5526],[17.2432,45.5521],[17.2501,45.5653],[17.2581,45.5711],[17.269,45.5705],[17.2763,45.5658],[17.2854,45.5671],[17.2971,45.5798],[17.3118,45.5763],[17.3172,45.5898],[17.3167,45.5951],[17.2969,45.6007],[17.2876,45.5987],[17.2551,45.6038],[17.2549,45.6083],[17.2342,45.6075],[17.2379,45.6163],[17.2074,45.6305]]]},"properties":{"name":"Grad Daruvar","osm":"relation/8766632"}},
{"type":"Feature","geometry":{"type":"Polygon","coordinates":[[[17.0849,45.4996],[17.0972,45.5149],[17.1194,45.5214],[17.1313,45.5202],[17.1438,45.5124],[17.1591,45.5126],[17.1747,45.5373],[17.1848,45.5565],[17.169,45.5643],[17.1713,45.5717],[17.1615,45.5699],[17.1613,45.5772],[17.1437,45.5829],[17.1487,45.5892],[17.1485,45.6066],[17.1281,45.5872],[17.1105,45.592],[17.1068,45.5985],[17.0936,45.5989],[17.0581,45.5848],[17.0384,45.5932],[17.0311,45.6112],[17.0294,45.6067],[17.0057,45.5989],[17.0042,45.5942],[16.9868,45.5873],[16.959,45.5726],[16.956,45.5687],[16.9665,45.5609],[16.971,45.569],[16.9776,45.5673],[16.9941,45.5697],[16.9968,45.5576],[17.0034,45.5569],[17.01,45.5495],[17.0209,45.5513],[17.0373,45.547],[17.0565,45.554],[17.0674,45.5528],[17.0694,45.5346],[17.0541,45.5218],[17.0636,45.5139],[17.0722,45.5119],[17.0849,45.4996]]]},"properties":{"name":"Općina Dežanovac","osm":"relation/8766633"}},
{"type":"Feature","geometry":{"type":"Polygon","coordinates":[[[17.0311,45.6112],[17.0384,45.5932],[17.0581,45.5848],[17.0936,45.5989],[17.1068,45.5985],[17.1105,45.592],[17.1281,45.5872],[17.1485,45.6066],[17.1561,45.6104],[17.1651,45.6215],[17.1768,45.6264],[17.2107,45.6234],[17.2074,45.6305],[17.2121,45.6401],[17.2337,45.6384],[17.2439,45.6608],[17.2335,45.6644],[17.2048,45.6644],[17.1992,45.6677],[17.1764,45.669],[17.1606,45.6729],[17.1444,45.6678],[17.1238,45.6667],[17.1108,45.6571],[17.0875,45.6474],[17.0888,45.6414],[17.0711,45.6317],[17.0712,45.6275],[17.0416,45.6267],[17.04,45.618],[17.034,45.6148],[17.0311,45.6112]]]},"properties":{"name":"Općina Končanica","osm":"relation/8766634"}},
{"type":"Feature","geometry":{"type":"Polygon","coordinates":[[[16.93,45.4816],[16.9356,45.487],[16.9316,45.4912],[16.9293,45.5148],[16.9376,45.5216],[16.9398,45.5306],[16.9479,45.5416],[16.9568,45.5462],[16.9616,45.5326],[16.9708,45.5276],[16.972,45.521],[16.9931,45.5166],[16.9932,45.5111],[17.006,45.5066],[17.0301,45.5076],[17.0335,45.5153],[17.0448,45.5167],[17.0541,45.5218],[17.0694,45.5346],[17.0674,45.5528],[17.0565,45.554],[17.0373,45.547],[17.0209,45.5513],[17.01,45.5495],[17.0034,45.5569],[16.9968,45.5576],[16.9941,45.5697],[16.9776,45.5673],[16.971,45.569],[16.9665,45.5609],[16.956,45.5687],[16.959,45.5726],[16.9868,45.5873],[17.0042,45.5942],[17.0057,45.5989],[17.0294,45.6067],[17.0311,45.6112],[17.034,45.6148],[17.0063,45.6355],[17.0008,45.6372],[16.9863,45.622],[16.9698,45.6257],[16.9651,45.6344],[16.9573,45.6321],[16.9548,45.6412],[16.9367,45.6419],[16.9343,45.6492],[16.9275,45.6471],[16.9084,45.6484],[16.908,45.641],[16.8973,45.641],[16.8892,45.6546],[16.8663,45.6602],[16.8435,45.6574],[16.8392,45.6435],[16.8244,45.6407],[16.8043,45.6241],[16.7973,45.6241],[16.7943,45.6214],[16.8041,45.5933],[16.8022,45.5867],[16.8059,45.5764],[16.8197,45.565],[16.8316,45.568],[16.8336,45.5529],[16.8521,45.5511],[16.8578,45.5473],[16.8603,45.5338],[16.8741,45.5239],[16.8555,45.5163],[16.8573,45.5095],[16.8801,45.5089],[16.8968,45.4994],[16.8997,45.4886],[16.9074,45.4819],[16.9091,45.4675],[16.9299,45.4685],[16.9266,45.4765],[16.93,45.4816]]]},"properties":{"name":"Grad Garešnica","osm":"relation/8766635"}},
{"type":"Feature","geometry":{"type":"Polygon","coordinates":[[[16.9548,45.6412],[16.9505,45.6483],[16.9579,45.6508],[16.9795,45.6522],[16.9729,45.6565],[16.9773,45.6716],[16.9906,45.6738],[17.009,45.6691],[17.0018,45.6794],[16.9905,45.6778],[16.9941,45.6825],[16.985,45.691],[16.9883,45.694],[16.9801,45.7009],[16.9788,45.7108],[16.9672,45.7123],[16.9533,45.7253],[16.9496,45.7324],[16.9347,45.7343],[16.9322,45.7417],[16.91,45.7513],[16.8931,45.7365],[16.8925,45.7316],[16.9009,45.6985],[16.9102,45.6932],[16.9112,45.6746],[16.9059,45.6676],[16.9091,45.6637],[16.8892,45.6546],[16.8973,45.641],[16.908,45.641],[16.9084,45.6484],[16.9275,45.6471],[16.9343,45.6492],[16.9367,45.6419],[16.9548,45.6412]]]},"properties":{"name":"Općina Velika Trnovitica","osm":"relation/8766636"}},
{"type":"Feature","geometry":{"type":"Polygon","coordinates":[[[16.6099,45.6704],[16.624,45.6641],[16.6427,45.6631],[16.6483,45.6676],[16.6621,45.6697],[16.6684,45.6646],[16.6684,45.6513],[16.6819,45.6519],[16.7022,45.6575],[16.7068,45.6794],[16.7162,45.7026],[16.7258,45.704],[16.7309,45.7137],[16.7463,45.7213],[16.7572,45.7162],[16.7685,45.7164],[16.7514,45.7316],[16.7627,45.738],[16.7611,45.7469],[16.7621,45.7511],[16.7515,45.7513],[16.7471,45.7446],[16.7245,45.7581],[16.7298,45.7784],[16.7178,45.7758],[16.7118,45.7842],[16.705,45.7775],[16.6819,45.7962],[16.69,45.8032],[16.6909,45.8132],[16.682,45.8209],[16.6714,45.8239],[16.6653,45.8332],[16.6561,45.8333],[16.6523,45.8254],[16.6427,45.8265],[16.6454,45.84],[16.6336,45.845],[16.6263,45.8389],[16.6195,45.8254],[16.6031,45.8183],[16.6048,45.8081],[16.6009,45.8015],[16.6089,45.7923],[16.5952,45.7872],[16.576,45.7936],[16.5744,45.7994],[16.5621,45.8],[16.5624,45.8034],[16.5496,45.8064],[16.5415,45.7974],[16.5237,45.792],[16.5117,45.7998],[16.5071,45.7863],[16.5171,45.7784],[16.4979,45.7768],[16.4954,45.7738],[16.5118,45.764],[16.5251,45.7597],[16.5014,45.7476],[16.5068,45.7428],[16.4948,45.7317],[16.4886,45.7236],[16.5008,45.7254],[16.5089,45.7225],[16.5211,45.7251],[16.5283,45.7198],[16.5257,45.715],[16.5334,45.7097],[16.5474,45.7076],[16.5667,45.7143],[16.5776,45.6991],[16.5852,45.6995],[16.5848,45.6898],[16.5906,45.6763],[16.5972,45.6858],[16.6108,45.6751],[16.6099,45.6704]]]},"properties":{"name":"Grad Čazma","osm":"relation/8766637"}},
{"type":"Feature","geometry":{"type":"Polygon","coordinates":[[[17.2439,45.6608],[17.2503,45.6652],[17.2696,45.6593],[17.2836,45.6614],[17.3002,45.6692],[17.3179,45.6843],[17.3505,45.6947],[17.3667,45.6873],[17.3798,45.6941],[17.3848,45.7006],[17.3791,45.7245],[17.3618,45.7167],[17.349,45.7216],[17.364,45.7391],[17.3659,45.7536],[17.3491,45.7654],[17.3405,45.763],[17.3387,45.7485],[17.3197,45.7489],[17.3174,45.7545],[17.3268,45.7648],[17.3161,45.7721],[17.2942,45.7689],[17.2763,45.7872],[17.2802,45.8082],[17.2461,45.814],[17.2487,45.8024],[17.2435,45.7955],[17.2433,45.7826],[17.234,45.7815],[17.2255,45.7674],[17.2069,45.7734],[17.1818,45.7729],[17.1761,45.7625],[17.1625,45.7598],[17.1433,45.762],[17.1397,45.7717],[17.1205,45.7579],[17.1003,45.76],[17.0921,45.7348],[17.0695,45.7314],[17.0629,45.7323],[17.0515,45.7258],[17.0634,45.7269],[17.0774,45.7222],[17.0758,45.7183],[17.0892,45.7207],[17.1002,45.7028],[17.1181,45.6947],[17.101,45.6949],[17.0985,45.6879],[17.0883,45.6934],[17.0695,45.6868],[17.0612,45.6879],[17.0554,45.6809],[17.0457,45.6786],[17.0451,45.6626],[17.0344,45.65],[17.0414,45.64],[17.0477,45.6419],[17.0536,45.6331],[17.0712,45.6275],[17.0711,45.6317],[17.0888,45.6414],[17.0875,45.6474],[17.1108,45.6571],[17.1238,45.6667],[17.1444,45.6678],[17.1606,45.6729],[17.1764,45.669],[17.1992,45.6677],[17.2048,45.6644],[17.2335,45.6644],[17.2439,45.6608]]]},"properties":{"name":"Grad Grubišno Polje","osm":"relation/8766762"}},
{"type":"Feature","geometry":{"type":"Polygon","coordinates":[[[16.9801,45.7009],[16.9883,45.694],[16.985,45.691],[16.9941,45.6825],[16.9905,45.6778],[17.0018,45.6794],[17.009,45.6691],[16.9906,45.6738],[16.9773,45.6716],[16.9729,45.6565],[16.9795,45.6522],[16.9579,45.6508],[16.9505,45.6483],[16.9548,45.6412],[16.9573,45.6321],[16.9651,45.6344],[16.9698,45.6257],[16.9863,45.622],[17.0008,45.6372],[17.0063,45.6355],[17.034,45.6148],[17.04,45.618],[17.0416,45.6267],[17.0712,45.6275],[17.0536,45.6331],[17.0477,45.6419],[17.0414,45.64],[17.0344,45.65],[17.0451,45.6626],[17.0457,45.6786],[17.0554,45.6809],[17.0612,45.6879],[17.0524,45.693],[17.0378,45.6944],[17.035,45.7048],[17.0058,45.7161],[17.0055,45.7142],[16.9801,45.7009]]]},"properties":{"name":"Općina Hercegovac","osm":"relation/8766763"}},
{"type":"Feature","geometry":{"type":"Polygon","coordinates":[[[17.1944,45.8475],[17.1849,45.8619],[17.1718,45.861],[17.1678,45.8718],[17.1587,45.8715],[17.1393,45.8769],[17.1372,45.8732],[17.1467,45.862],[17.1397,45.8578],[17.1429,45.8507],[17.1359,45.8422],[17.1486,45.8233],[17.1467,45.8122],[17.1383,45.8135],[17.12,45.7963],[17.0968,45.7919],[17.0936,45.7825],[17.0771,45.7812],[17.0544,45.7673],[17.0405,45.7676],[17.0245,45.7806],[17.0098,45.7977],[17.0028,45.7918],[16.9822,45.7863],[16.9747,45.7881],[16.956,45.7816],[16.9586,45.7671],[16.978,45.777],[16.986,45.7654],[16.9922,45.7647],[16.9989,45.7715],[17.0089,45.7678],[17.0053,45.7606],[16.9841,45.7538],[16.9763,45.7379],[16.9496,45.7324],[16.9533,45.7253],[16.9672,45.7123],[16.9788,45.7108],[16.9801,45.7009],[17.0055,45.7142],[17.0058,45.7161],[17.035,45.7048],[17.0378,45.6944],[17.0524,45.693],[17.0612,45.6879],[17.0695,45.6868],[17.0883,45.6934],[17.0985,45.6879],[17.101,45.6949],[17.1181,45.6947],[17.1002,45.7028],[17.0892,45.7207],[17.0758,45.7183],[17.0774,45.7222],[17.0634,45.7269],[17.0515,45.7258],[17.0629,45.7323],[17.0695,45.7314],[17.0921,45.7348],[17.1003,45.76],[17.1205,45.7579],[17.1397,45.7717],[17.1433,45.762],[17.1625,45.7598],[17.1761,45.7625],[17.1818,45.7729],[17.2069,45.7734],[17.2255,45.7674],[17.234,45.7815],[17.2433,45.7826],[17.2435,45.7955],[17.2487,45.8024],[17.2461,45.814],[17.2232,45.831],[17.2152,45.83],[17.2055,45.8373],[17.2002,45.8356],[17.1944,45.8475]]]},"properties":{"name":"Općina Veliki Grđevac","osm":"relation/8766764"}},
{"type":"Feature","geometry":{"type":"Polygon","coordinates":[[[16.8931,45.7365],[16.885,45.7348],[16.8746,45.7381],[16.8695,45.7319],[16.8687,45.7418],[16.8575,45.7405],[16.8368,45.7591],[16.8275,45.7575],[16.8198,45.7451],[16.8109,45.7418],[16.8122,45.7292],[16.808,45.7259],[16.8054,45.7119],[16.7953,45.7078],[16.7995,45.7041],[16.798,45.6933],[16.8038,45.6855],[16.7972,45.6792],[16.7735,45.6809],[16.7808,45.6759],[16.7684,45.668],[16.7612,45.6709],[16.7522,45.6687],[16.747,45.6526],[16.7221,45.6425],[16.7283,45.6325],[16.7297,45.6228],[16.7411,45.6249],[16.7486,45.6199],[16.7553,45.6156],[16.7728,45.6197],[16.7839,45.6254],[16.7973,45.6241],[16.8043,45.6241],[16.8244,45.6407],[16.8392,45.6435],[16.8435,45.6574],[16.8663,45.6602],[16.8892,45.6546],[16.9091,45.6637],[16.9059,45.6676],[16.9112,45.6746],[16.9102,45.6932],[16.9009,45.6985],[16.8925,45.7316],[16.8931,45.7365]]]},"properties":{"name":"Općina Berek","osm":"relation/8766765"}},
{"type":"Feature","geometry":{"type":"Polygon","coordinates":[[[15.629,45.2209],[15.6242,45.2138],[15.6287,45.2007],[15.6498,45.1875],[15.6502,45.18],[15.6569,45.1783],[15.6509,45.1726],[15.6498,45.1584],[15.6573,45.1481],[15.6474,45.1399],[15.6493,45.1301],[15.6458,45.12],[15.6678,45.1214],[15.6796,45.1144],[15.683,45.1191],[15.7056,45.1124],[15.7034,45.1028],[15.7099,45.097],[15.6987,45.093],[15.6939,45.0854],[15.6984,45.0779],[15.7152,45.0778],[15.7263,45.0667],[15.7409,45.0635],[15.7413,45.0619],[15.7543,45.066],[15.7691,45.075],[15.7744,45.084],[15.7688,45.0894],[15.779,45.0952],[15.7795,45.1032],[15.7912,45.1151],[15.7777,45.1308],[15.7819,45.1357],[15.7749,45.1411],[15.7647,45.1662],[15.7776,45.1764],[15.7767,45.184],[15.7913,45.1954],[15.7962,45.1954],[15.7939,45.2029],[15.7731,45.2071],[15.7606,45.2118],[15.7536,45.207],[15.7445,45.2149],[15.7401,45.2074],[15.7354,45.2132],[15.7214,45.2097],[15.7068,45.2146],[15.7095,45.2094],[15.701,45.2033],[15.6871,45.207],[15.6643,45.2049],[15.6548,45.212],[15.629,45.2209]]]},"properties":{"name":"Općina Cetingrad","osm":"relation/8766857"}},
{"type":"Feature","geometry":{"type":"Polygon","coordinates":[[[18.3284,45.7544],[18.2919,45.7608],[18.2759,45.7555],[18.261,45.7609],[18.2418,45.762],[18.2343,45.7751],[18.2254,45.7801],[18.2031,45.782],[18.1907,45.7874],[18.1726,45.7766],[18.164,45.7775],[18.1526,45.7865],[18.1258,45.7891],[18.1182,45.7856],[18.1094,45.7729],[18.0949,45.7659],[18.0967,45.7499],[18.1118,45.7486],[18.1138,45.7436],[18.1344,45.7392],[18.1311,45.7324],[18.1434,45.7297],[18.1313,45.705],[18.1455,45.7033],[18.1634,45.6975],[18.1574,45.6962],[18.1541,45.6878],[18.1471,45.6914],[18.1406,45.6868],[18.133,45.6892],[18.1234,45.6806],[18.1394,45.675],[18.1429,45.6791],[18.1568,45.6736],[18.1616,45.6642],[18.1737,45.6619],[18.1757,45.6689],[18.1893,45.6672],[18.1931,45.681],[18.2033,45.6793],[18.2144,45.6825],[18.2116,45.6756],[18.2321,45.6713],[18.2453,45.6749],[18.245,45.6858],[18.2384,45.6866],[18.2404,45.6963],[18.2377,45.7056],[18.2466,45.7055],[18.2459,45.7218],[18.2564,45.715],[18.2724,45.7152],[18.2789,45.7115],[18.2834,45.7187],[18.3002,45.7343],[18.3191,45.7298],[18.3182,45.737],[18.3118,45.7392],[18.3218,45.7524],[18.3284,45.7544]]]},"properties":{"name":"Grad Donji Miholjac","osm":"relation/8769794"}},
{"type":"Feature","geometry":{"type":"Polygon","coordinates":[[[18.2321,45.6713],[18.239,45.6463],[18.2484,45.6412],[18.2573,45.6423],[18.2639,45.628],[18.2537,45.6284],[18.2546,45.6213],[18.2499,45.5965],[18.2549,45.592],[18.2575,45.5934],[18.2902,45.6035],[18.316,45.6098],[18.3069,45.6206],[18.3119,45.6291],[18.3166,45.6533],[18.3027,45.6601],[18.3071,45.6702],[18.2978,45.6846],[18.304,45.6881],[18.3142,45.7095],[18.3026,45.7116],[18.3091,45.7218],[18.3144,45.7212],[18.3191,45.7298],[18.3002,45.7343],[18.2834,45.7187],[18.2789,45.7115],[18.2724,45.7152],[18.2564,45.715],[18.2459,45.7218],[18.2466,45.7055],[18.2377,45.7056],[18.2404,45.6963],[18.2384,45.6866],[18.245,45.6858],[18.2453,45.6749],[18.2321,45.6713]]]},"properties":{"name":"Općina Marijanci","osm":"relation/8769795"}},
{"type":"Feature","geometry":{"type":"Polygon","coordinates":[[[14.6114,45.2331],[14.626,45.2436],[14.6385,45.2551],[14.6372,45.2578],[14.6154,45.2638],[14.6106,45.2699],[14.5972,45.2756],[14.5828,45.2873],[14.5757,45.2861],[14.5806,45.2795],[14.5664,45.2824],[14.5603,45.2737],[14.5627,45.2652],[14.5736,45.2576],[14.5735,45.2484],[14.5829,45.2481],[14.6114,45.2331]]]},"properties":{"name":"Grad Kraljevica","osm":"relation/8774577"}},
{"type":"Feature","geometry":{"type":"Polygon","coordinates":[[[14.7611,45.1435],[14.746,45.1544],[14.7331,45.1704],[14.7308,45.1784],[14.7142,45.1843],[14.7081,45.191],[14.689,45.1939],[14.6748,45.2079],[14.6514,45.2208],[14.6411,45.2333],[14.626,45.2436],[14.6114,45.2331],[14.6165,45.226],[14.6121,45.218],[14.6335,45.2125],[14.6552,45.2007],[14.6725,45.189],[14.6863,45.1744],[14.714,45.1619],[14.7161,45.1538],[14.7307,45.1471],[14.7402,45.1382],[14.7503,45.1372],[14.7611,45.1435]]]},"properties":{"name":"Grad Crikvenica","osm":"relation/8774578"}},
{"type":"Feature","geometry":{"type":"Polygon","coordinates":[[[14.626,45.2436],[14.6411,45.2333],[14.6514,45.2208],[14.6748,45.2079],[14.689,45.1939],[14.7081,45.191],[14.7142,45.1843],[14.7308,45.1784],[14.7331,45.1704],[14.746,45.1544],[14.7611,45.1435],[14.7735,45.146],[14.7853,45.1525],[14.7918,45.1685],[14.8115,45.1967],[14.8429,45.2127],[14.8656,45.2478],[14.8239,45.2735],[14.8143,45.2822],[14.7904,45.2927],[14.7911,45.2739],[14.7862,45.2649],[14.7669,45.2644],[14.7415,45.2531],[14.7281,45.2523],[14.7149,45.2548],[14.6797,45.2826],[14.6764,45.2875],[14.668,45.2853],[14.6599,45.2685],[14.6415,45.2598],[14.6385,45.2551],[14.626,45.2436]]]},"properties":{"name":"Vinodolska općina","osm":"relation/8774579"}},
{"type":"Feature","geometry":{"type":"Polygon","coordinates":[[[14.8656,45.2478],[14.8429,45.2127],[14.8115,45.1967],[14.7918,45.1685],[14.7853,45.1525],[14.7735,45.146],[14.7611,45.1435],[14.7503,45.1372],[14.7603,45.1318],[14.7818,45.1276],[14.8116,45.1186],[14.8144,45.1142],[14.8277,45.113],[14.8343,45.1079],[14.8473,45.1153],[14.8401,45.1079],[14.8464,45.0873],[14.8562,45.0798],[14.855,45.0737],[14.8621,45.0678],[14.877,45.0452],[14.8753,45.0403],[14.8813,45.0311],[14.8905,45.0443],[14.8832,45.0577],[14.8876,45.0618],[14.8962,45.0603],[14.8993,45.0663],[14.9133,45.0654],[14.9078,45.0712],[14.922,45.0756],[14.9276,45.0836],[14.936,45.081],[14.9432,45.0701],[14.9428,45.0644],[14.9653,45.0757],[14.9838,45.0705],[15.0009,45.0743],[15.0085,45.0695],[15.0157,45.0688],[15.0128,45.0785],[15.0236,45.0907],[15.0243,45.1021],[15.0199,45.1129],[15.0129,45.1193],[15.0166,45.123],[15.0121,45.1327],[14.9795,45.1504],[14.9756,45.1598],[14.9768,45.1753],[14.9811,45.1914],[14.9902,45.2057],[14.962,45.2278],[14.9328,45.2327],[14.9131,45.2295],[14.8906,45.237],[14.8881,45.2426],[14.8656,45.2478]]]},"properties":{"name":"Grad Novi Vinodolski","osm":"relation/8774580"}},
{"type":"Feature","geometry":{"type":"Polygon","coordinates":[[[14.9902,45.2057],[14.9749,45.2339],[14.9891,45.2337],[14.9821,45.2407],[14.9903,45.247],[14.9709,45.267],[14.9612,45.2736],[14.9895,45.2836],[14.9788,45.2924],[14.9908,45.312],[14.9988,45.3264],[14.9734,45.3225],[14.9177,45.3195],[14.8926,45.327],[14.8588,45.3446],[14.8523,45.3436],[14.849,45.3528],[14.8291,45.3572],[14.805,45.3557],[14.7804,45.3583],[14.7831,45.3561],[14.7645,45.3436],[14.7692,45.3379],[14.771,45.3254],[14.7904,45.2927],[14.8143,45.2822],[14.8239,45.2735],[14.8656,45.2478],[14.8881,45.2426],[14.8906,45.237],[14.9131,45.2295],[14.9328,45.2327],[14.962,45.2278],[14.9902,45.2057]]]},"properties":{"name":"Općina Mrkopalj","osm":"relation/8774581"}},
{"type":"Feature","geometry":{"type":"Polygon","coordinates":[[[14.6213,45.4315],[14.6276,45.4158],[14.6255,45.3939],[14.6219,45.3835],[14.6454,45.3747],[14.6517,45.3691],[14.6644,45.3651],[14.6613,45.3499],[14.6976,45.356],[14.7194,45.3546],[14.7532,45.3401],[14.7645,45.3436],[14.7831,45.3561],[14.7804,45.3583],[14.7787,45.3655],[14.7592,45.3721],[14.7464,45.3728],[14.7296,45.3815],[14.7091,45.3814],[14.6977,45.3878],[14.6869,45.3864],[14.659,45.3958],[14.6247,45.425],[14.6213,45.4315]]]},"properties":{"name":"Općina Lokve","osm":"relation/8774582"}},
{"type":"Feature","geometry":{"type":"Polygon","coordinates":[[[14.8652,45.3949],[14.8655,45.4159],[14.8619,45.4331],[14.8757,45.44],[14.8598,45.4453],[14.8702,45.4574],[14.8857,45.4643],[14.903,45.4688],[14.9113,45.4655],[14.9183,45.4696],[14.918,45.4799],[14.9116,45.4816],[14.9025,45.4754],[14.8944,45.4764],[14.8744,45.4718],[14.869,45.4661],[14.8341,45.4608],[14.8173,45.4598],[14.8159,45.4715],[14.805,45.4788],[14.8035,45.4958],[14.7959,45.5031],[14.7866,45.5011],[14.7856,45.5068],[14.7718,45.5075],[14.7691,45.5123],[14.7558,45.5149],[14.7196,45.5344],[14.7033,45.5345],[14.7004,45.5254],[14.7031,45.5165],[14.7022,45.4981],[14.6945,45.4945],[14.6905,45.4703],[14.6931,45.4587],[14.7017,45.4585],[14.7123,45.4503],[14.6773,45.4438],[14.6524,45.4428],[14.6286,45.436],[14.6213,45.4315],[14.6247,45.425],[14.659,45.3958],[14.6869,45.3864],[14.6977,45.3878],[14.7091,45.3814],[14.7296,45.3815],[14.7464,45.3728],[14.7592,45.3721],[14.7787,45.3655],[14.7804,45.3583],[14.805,45.3557],[14.8291,45.3572],[14.849,45.3528],[14.8604,45.3574],[14.8701,45.3693],[14.8887,45.3733],[14.893,45.3769],[14.8797,45.3844],[14.8723,45.3932],[14.8652,45.3949]]]},"properties":{"name":"Grad Delnice","osm":"relation/8774583"}},
{"type":"Feature","geometry":{"type":"Polygon","coordinates":[[[14.7004,45.5254],[14.6906,45.5266],[14.6851,45.5353],[14.6885,45.5397],[14.69,45.5551],[14.7001,45.5626],[14.6926,45.5776],[14.6777,45.5895],[14.6512,45.5919],[14.6385,45.6044],[14.6308,45.6047],[14.6272,45.614],[14.6135,45.6167],[14.5957,45.6278],[14.6019,45.6343],[14.6013,45.6437],[14.6081,45.6578],[14.606,45.6659],[14.5982,45.6687],[14.5834,45.6647],[14.57,45.6729],[14.5661,45.6521],[14.5489,45.6315],[14.5438,45.6223],[14.5263,45.6102],[14.5144,45.6071],[14.5013,45.6078],[14.507,45.5943],[14.5054,45.5825],[14.4991,45.5757],[14.4974,45.5594],[14.5005,45.5496],[14.4883,45.5368],[14.4813,45.5253],[14.506,45.51],[14.5431,45.4825],[14.5533,45.4692],[14.576,45.4457],[14.581,45.4341],[14.604,45.4302],[14.6213,45.4315],[14.6286,45.436],[14.6524,45.4428],[14.6773,45.4438],[14.7123,45.4503],[14.7017,45.4585],[14.6931,45.4587],[14.6905,45.4703],[14.6945,45.4945],[14.7022,45.4981],[14.7031,45.5165],[14.7004,45.5254]]]},"properties":{"name":"Grad Čabar","osm":"relation/8774584"}},
{"type":"Feature","geometry":{"type":"Polygon","coordinates":[[[14.6764,45.2875],[14.6797,45.2826],[14.7149,45.2548],[14.7281,45.2523],[14.7415,45.2531],[14.7669,45.2644],[14.7862,45.2649],[14.7911,45.2739],[14.7904,45.2927],[14.771,45.3254],[14.7692,45.3379],[14.7645,45.3436],[14.7532,45.3401],[14.7194,45.3546],[14.6976,45.356],[14.6613,45.3499],[14.6601,45.3403],[14.6502,45.3244],[14.6679,45.3086],[14.6867,45.2986],[14.6764,45.2875]]]},"properties":{"name":"Općina Fužine","osm":"relation/8774585"}},
{"type":"Feature","geometry":{"type":"Polygon","coordinates":[[[14.6764,45.2875],[14.6867,45.2986],[14.6679,45.3086],[14.6502,45.3244],[14.6601,45.3403],[14.6613,45.3499],[14.6644,45.3651],[14.6517,45.3691],[14.6454,45.3747],[14.6219,45.3835],[14.6255,45.3939],[14.6276,45.4158],[14.6213,45.4315],[14.5968,45.383],[14.597,45.3792],[14.5767,45.371],[14.5522,45.3587],[14.5505,45.3603],[14.5274,45.3576],[14.5127,45.3473],[14.4852,45.3346],[14.522,45.315],[14.5307,45.3135],[14.5238,45.3074],[14.5335,45.2999],[14.5551,45.2892],[14.5366,45.3034],[14.5363,45.3072],[14.569,45.2924],[14.5757,45.2861],[14.5828,45.2873],[14.5972,45.2756],[14.6106,45.2699],[14.6154,45.2638],[14.6372,45.2578],[14.6385,45.2551],[14.6415,45.2598],[14.6599,45.2685],[14.668,45.2853],[14.6764,45.2875]]]},"properties":{"name":"Grad Bakar","osm":"relation/8774586"}},
{"type":"Feature","geometry":{"type":"Polygon","coordinates":[[[14.4813,45.5253],[14.4883,45.5368],[14.4757,45.5338],[14.4553,45.52],[14.4425,45.5168],[14.4352,45.5092],[14.4155,45.5099],[14.4002,45.5008],[14.3943,45.494],[14.379,45.488],[14.3609,45.484],[14.3503,45.4856],[14.3228,45.4704],[14.3334,45.4595],[14.326,45.457],[14.3202,45.4333],[14.3134,45.4358],[14.3034,45.4252],[14.3101,45.4247],[14.3199,45.4148],[14.3141,45.4083],[14.3216,45.3974],[14.3281,45.3995],[14.3396,45.3854],[14.343,45.3927],[14.3533,45.3937],[14.3536,45.399],[14.3695,45.4008],[14.3824,45.4141],[14.3784,45.4212],[14.3959,45.4162],[14.4148,45.4133],[14.4219,45.4166],[14.4232,45.4264],[14.4122,45.4297],[14.4103,45.4428],[14.4318,45.4514],[14.4506,45.4665],[14.4529,45.4803],[14.4592,45.4886],[14.4602,45.4999],[14.465,45.5],[14.4687,45.5189],[14.4813,45.5253]]]},"properties":{"name":"Općina Klana","osm":"relation/8774587"}},
{"type":"Feature","geometry":{"type":"Polygon","coordinates":[[[14.3685,45.3675],[14.3811,45.36],[14.3907,45.3582],[14.4036,45.3627],[14.4273,45.3801],[14.4186,45.3924],[14.4046,45.3967],[14.3959,45.4162],[14.3784,45.4212],[14.3824,45.4141],[14.3695,45.4008],[14.3717,45.3842],[14.3638,45.3815],[14.3685,45.3675]]]},"properties":{"name":"Općina Viškovo","osm":"relation/8774588"}},
{"type":"Feature","geometry":{"type":"Polygon","coordinates":[[[14.4418,45.3688],[14.4475,45.358],[14.4568,45.3612],[14.4689,45.3584],[14.4745,45.3446],[14.4852,45.3346],[14.5127,45.3473],[14.5274,45.3576],[14.5505,45.3603],[14.5522,45.3587],[14.5767,45.371],[14.597,45.3792],[14.5968,45.383],[14.6213,45.4315],[14.604,45.4302],[14.581,45.4341],[14.576,45.4457],[14.5533,45.4692],[14.5466,45.4532],[14.5323,45.4389],[14.5301,45.4232],[14.518,45.4209],[14.4851,45.3977],[14.496,45.3883],[14.498,45.3804],[14.4736,45.3742],[14.458,45.3812],[14.4423,45.373],[14.4418,45.3688]]]},"properties":{"name":"Općina Čavle","osm":"relation/8774589"}},
{"type":"Feature","geometry":{"type":"Polygon","coordinates":[[[14.4273,45.3801],[14.4326,45.384],[14.4418,45.3688],[14.4423,45.373],[14.458,45.3812],[14.4736,45.3742],[14.498,45.3804],[14.496,45.3883],[14.4851,45.3977],[14.518,45.4209],[14.5301,45.4232],[14.5323,45.4389],[14.5466,45.4532],[14.5533,45.4692],[14.5431,45.4825],[14.506,45.51],[14.4813,45.5253],[14.4687,45.5189],[14.465,45.5],[14.4602,45.4999],[14.4592,45.4886],[14.4529,45.4803],[14.4506,45.4665],[14.4318,45.4514],[14.4103,45.4428],[14.4122,45.4297],[14.4232,45.4264],[14.4219,45.4166],[14.4148,45.4133],[14.3959,45.4162],[14.4046,45.3967],[14.4186,45.3924],[14.4273,45.3801]]]},"properties":{"name":"Općina Jelenje","osm":"relation/8774590"}},
{"type":"Feature","geometry":{"type":"Polygon","coordinates":[[[16.3433,43.8782],[16.3361,43.8963],[16.345,43.9034],[16.3546,43.9245],[16.3535,43.9433],[16.3361,43.9433],[16.3175,43.9401],[16.305,43.9303],[16.2994,43.9325],[16.2713,43.9168],[16.2616,43.9154],[16.232,43.917],[16.2224,43.9159],[16.2026,43.9078],[16.1935,43.9161],[16.1774,43.9247],[16.1718,43.9229],[16.1645,43.9308],[16.1564,43.9337],[16.148,43.9267],[16.1151,43.9123],[16.0967,43.9077],[16.0712,43.8953],[16.0546,43.9014],[16.0437,43.9102],[16.0193,43.9133],[16.0131,43.9173],[15.9844,43.9263],[15.9777,43.9078],[15.974,43.9039],[15.9785,43.8836],[15.9749,43.8708],[15.9686,43.8663],[15.9724,43.8607],[15.9826,43.8578],[15.9894,43.845],[15.9868,43.8233],[15.9743,43.8184],[15.9739,43.8047],[15.982,43.8026],[16.0005,43.8096],[16.0151,43.8196],[16.0174,43.8246],[16.0362,43.8331],[16.0542,43.826],[16.0595,43.8184],[16.0377,43.8058],[16.0424,43.8026],[16.0385,43.7948],[16.0396,43.7864],[16.0534,43.7798],[16.0504,43.7768],[16.0313,43.7739],[16.0238,43.761],[16.0696,43.7394],[16.0725,43.732],[16.0777,43.7437],[16.0607,43.7618],[16.0635,43.77],[16.0804,43.7691],[16.099,43.7869],[16.13,43.7885],[16.132,43.7962],[16.144,43.7942],[16.1863,43.7788],[16.2131,43.7669],[16.2338,43.7766],[16.2042,43.7987],[16.1859,43.8074],[16.1893,43.8168],[16.2061,43.8112],[16.2142,43.8057],[16.2307,43.8016],[16.2428,43.8153],[16.2373,43.8291],[16.2422,43.8358],[16.2383,43.843],[16.2493,43.8456],[16.2508,43.8498],[16.2819,43.8645],[16.3391,43.8763],[16.3433,43.8782]]]},"properties":{"name":"Grad Drniš","osm":"relation/8774950"}},
{"type":"Feature","geometry":{"type":"Polygon","coordinates":[[[16.3546,43.9245],[16.3673,43.9166],[16.3863,43.9148],[16.3966,43.9187],[16.4074,43.9167],[16.4127,43.923],[16.3993,43.9288],[16.4032,43.9371],[16.4139,43.9481],[16.4224,43.9492],[16.4383,43.9454],[16.4504,43.9528],[16.4562,43.9622],[16.4863,43.9727],[16.5444,43.974],[16.5368,43.9863],[16.5158,44.004],[16.5024,44.0242],[16.4824,44.0293],[16.4418,44.0287],[16.4321,44.0126],[16.4165,43.9982],[16.4076,43.9979],[16.4035,43.9845],[16.3946,43.9753],[16.3933,43.9662],[16.3535,43.9433],[16.3546,43.9245]]]},"properties":{"name":"Općina Civljane","osm":"relation/8774951"}},
{"type":"Feature","geometry":{"type":"Polygon","coordinates":[[[16.6267,43.9016],[16.6099,43.917],[16.5995,43.9347],[16.5872,43.9432],[16.5502,43.9536],[16.5444,43.974],[16.4863,43.9727],[16.4562,43.9622],[16.4504,43.9528],[16.4383,43.9454],[16.4224,43.9492],[16.4139,43.9481],[16.4032,43.9371],[16.3993,43.9288],[16.4127,43.923],[16.4074,43.9167],[16.3966,43.9187],[16.3863,43.9148],[16.3673,43.9166],[16.3546,43.9245],[16.345,43.9034],[16.3361,43.8963],[16.3433,43.8782],[16.3646,43.8727],[16.4039,43.8504],[16.3983,43.85],[16.4092,43.843],[16.4294,43.8259],[16.4392,43.8137],[16.4581,43.7989],[16.4843,43.7906],[16.4786,43.8036],[16.487,43.8166],[16.4973,43.8185],[16.5067,43.8271],[16.5056,43.8359],[16.5198,43.8323],[16.5326,43.8364],[16.5227,43.8458],[16.5498,43.8677],[16.5597,43.8681],[16.5916,43.8799],[16.6056,43.8919],[16.6195,43.8955],[16.6267,43.9016]]]},"properties":{"name":"Grad Vrlika","osm":"relation/8774952"}},
{"type":"Feature","geometry":{"type":"Polygon","coordinates":[[[16.8251,43.7312],[16.8122,43.7543],[16.8001,43.7629],[16.7783,43.768],[16.7529,43.7695],[16.7247,43.7961],[16.7194,43.8066],[16.7197,43.8267],[16.6949,43.8121],[16.687,43.8005],[16.6744,43.7926],[16.6682,43.7839],[16.6487,43.7766],[16.6469,43.7688],[16.6542,43.7657],[16.6523,43.7572],[16.6421,43.7477],[16.6478,43.7446],[16.6265,43.7356],[16.6217,43.737],[16.6006,43.7333],[16.5696,43.7404],[16.5879,43.7494],[16.5943,43.7574],[16.5786,43.7557],[16.5564,43.7605],[16.5151,43.7581],[16.5196,43.7572],[16.5428,43.7429],[16.537,43.7357],[16.557,43.7234],[16.5571,43.7118],[16.5623,43.7064],[16.5755,43.7006],[16.5742,43.6925],[16.5779,43.6827],[16.5921,43.6845],[16.6094,43.682],[16.6282,43.6668],[16.6316,43.6608],[16.6431,43.6561],[16.6315,43.6441],[16.6319,43.6273],[16.6505,43.6264],[16.6567,43.6359],[16.6687,43.6356],[16.6689,43.6295],[16.6874,43.6352],[16.7017,43.6498],[16.6924,43.6568],[16.7134,43.6643],[16.7166,43.6772],[16.7132,43.6923],[16.7162,43.6998],[16.7094,43.7194],[16.6986,43.7266],[16.7013,43.7306],[16.7404,43.7608],[16.7382,43.7524],[16.7277,43.7381],[16.7403,43.7266],[16.7548,43.7231],[16.7705,43.7222],[16.7865,43.7266],[16.8251,43.7312]]]},"properties":{"name":"Grad Sinj","osm":"relation/8774953"}},
{"type":"Feature","geometry":{"type":"Polygon","coordinates":[[[16.4843,43.7906],[16.4581,43.7989],[16.4392,43.8137],[16.4198,43.8084],[16.3954,43.7932],[16.387,43.7856],[16.3794,43.7861],[16.3431,43.7676],[16.3609,43.7499],[16.3486,43.7471],[16.3348,43.735],[16.3468,43.7231],[16.353,43.7131],[16.3346,43.6929],[16.3695,43.7008],[16.3666,43.6982],[16.3731,43.6911],[16.4161,43.68],[16.4353,43.6716],[16.4468,43.6634],[16.4483,43.6454],[16.4541,43.6426],[16.4499,43.635],[16.4611,43.6351],[16.481,43.6407],[16.5055,43.6597],[16.5168,43.6465],[16.5253,43.6432],[16.5263,43.6473],[16.5582,43.6736],[16.5779,43.6827],[16.5742,43.6925],[16.5755,43.7006],[16.5623,43.7064],[16.5571,43.7118],[16.557,43.7234],[16.537,43.7357],[16.5428,43.7429],[16.5196,43.7572],[16.5151,43.7581],[16.5034,43.7716],[16.5011,43.7821],[16.4843,43.7906]]]},"properties":{"name":"Općina Muć","osm":"relation/8774954"}},
{"type":"Feature","geometry":{"type":"Polygon","coordinates":[[[16.6267,43.9016],[16.6195,43.8955],[16.6056,43.8919],[16.5916,43.8799],[16.5597,43.8681],[16.5498,43.8677],[16.5227,43.8458],[16.5326,43.8364],[16.5198,43.8323],[16.5056,43.8359],[16.5067,43.8271],[16.4973,43.8185],[16.487,43.8166],[16.4786,43.8036],[16.4843,43.7906],[16.5011,43.7821],[16.5034,43.7716],[16.5151,43.7581],[16.5564,43.7605],[16.5786,43.7557],[16.5943,43.7574],[16.5879,43.7494],[16.5696,43.7404],[16.6006,43.7333],[16.6217,43.737],[16.6265,43.7356],[16.6478,43.7446],[16.6421,43.7477],[16.6523,43.7572],[16.6542,43.7657],[16.6469,43.7688],[16.6487,43.7766],[16.6682,43.7839],[16.6744,43.7926],[16.687,43.8005],[16.6949,43.8121],[16.7197,43.8267],[16.7183,43.8402],[16.7058,43.8582],[16.6845,43.866],[16.6687,43.8777],[16.6635,43.8772],[16.6267,43.9016]]]},"properties":{"name":"Općina Hrvace","osm":"relation/8774955"}},
{"type":"Feature","geometry":{"type":"Polygon","coordinates":[[[16.8854,43.6857],[16.8672,43.7109],[16.8251,43.7312],[16.7865,43.7266],[16.7705,43.7222],[16.7548,43.7231],[16.7403,43.7266],[16.7277,43.7381],[16.7382,43.7524],[16.7404,43.7608],[16.7013,43.7306],[16.6986,43.7266],[16.7094,43.7194],[16.7162,43.6998],[16.7132,43.6923],[16.7166,43.6772],[16.7134,43.6643],[16.7235,43.6452],[16.7335,43.6523],[16.7458,43.6542],[16.7553,43.6649],[16.7672,43.6672],[16.7718,43.6641],[16.8073,43.6581],[16.8185,43.6603],[16.8203,43.6663],[16.8307,43.6648],[16.8724,43.6786],[16.8854,43.6857]]]},"properties":{"name":"Općina Otok","osm":"relation/8774956"}},
{"type":"Feature","geometry":{"type":"Polygon","coordinates":[[[16.7889,43.5405],[16.7949,43.5443],[16.7998,43.5564],[16.8099,43.5622],[16.8206,43.5606],[16.8468,43.5646],[16.871,43.5723],[16.8863,43.57],[16.893,43.5755],[16.9019,43.5705],[16.9228,43.5761],[16.9749,43.5713],[16.9618,43.5919],[16.9633,43.5997],[16.9764,43.609],[16.971,43.618],[16.9318,43.6438],[16.9278,43.6545],[16.9198,43.6584],[16.9083,43.6748],[16.8854,43.6857],[16.8724,43.6786],[16.8307,43.6648],[16.8203,43.6663],[16.8185,43.6603],[16.8073,43.6581],[16.7718,43.6641],[16.7672,43.6672],[16.7553,43.6649],[16.7458,43.6542],[16.7335,43.6523],[16.7235,43.6452],[16.7134,43.6643],[16.6924,43.6568],[16.7017,43.6498],[16.6874,43.6352],[16.6689,43.6295],[16.6687,43.6356],[16.6567,43.6359],[16.6505,43.6264],[16.658,43.615],[16.6705,43.609],[16.6752,43.6029],[16.6579,43.5891],[16.6696,43.5855],[16.6621,43.5679],[16.6644,43.5594],[16.6731,43.5616],[16.6785,43.5582],[16.685,43.5668],[16.7093,43.5684],[16.732,43.5524],[16.7449,43.5329],[16.7587,43.5227],[16.7762,43.5358],[16.7889,43.5405]]]},"properties":{"name":"Grad Trilj","osm":"relation/8774957"}},
{"type":"Feature","geometry":{"type":"Polygon","coordinates":[[[16.5796,43.4656],[16.588,43.4645],[16.6251,43.4518],[16.6294,43.4458],[16.6401,43.4434],[16.6396,43.437],[16.6505,43.4412],[16.678,43.4391],[16.6773,43.4463],[16.6054,43.4722],[16.5902,43.4769],[16.5891,43.4716],[16.5796,43.4656]]]},"properties":{"name":"Općina Dugi Rat","osm":"relation/8774958"}},
{"type":"Feature","geometry":{"type":"Polygon","coordinates":[[[16.5321,43.6236],[16.5566,43.6247],[16.566,43.6197],[16.5747,43.6086],[16.5822,43.6132],[16.6004,43.6066],[16.6171,43.6058],[16.6217,43.5991],[16.6238,43.5867],[16.6378,43.5824],[16.6498,43.5921],[16.6579,43.5891],[16.6752,43.6029],[16.6705,43.609],[16.658,43.615],[16.6505,43.6264],[16.6319,43.6273],[16.6315,43.6441],[16.6431,43.6561],[16.6316,43.6608],[16.6282,43.6668],[16.6094,43.682],[16.5921,43.6845],[16.5779,43.6827],[16.5582,43.6736],[16.5263,43.6473],[16.5253,43.6432],[16.5249,43.6313],[16.5321,43.6236]]]},"properties":{"name":"Općina Dicmo","osm":"relation/8775086"}},
{"type":"Feature","geometry":{"type":"Polygon","coordinates":[[[16.8956,43.3892],[16.8934,43.4073],[16.9048,43.4181],[16.9151,43.4179],[16.943,43.4251],[16.9273,43.4463],[16.8915,43.4435],[16.8947,43.4408],[16.8847,43.4315],[16.8765,43.432],[16.8897,43.4189],[16.8831,43.4054],[16.8843,43.4008],[16.8956,43.3892]]]},"properties":{"name":"Općina Zadvarje","osm":"relation/8775201"}},
{"type":"Feature","geometry":{"type":"Polygon","coordinates":[[[16.678,43.4391],[16.6937,43.4425],[16.7024,43.4354],[16.7103,43.4202],[16.7244,43.4133],[16.7543,43.4075],[16.7642,43.4091],[16.7912,43.4039],[16.8075,43.405],[16.8212,43.4016],[16.8486,43.4013],[16.8686,43.3974],[16.8843,43.4008],[16.8831,43.4054],[16.8897,43.4189],[16.8765,43.432],[16.8847,43.4315],[16.8947,43.4408],[16.8915,43.4435],[16.8751,43.4509],[16.8759,43.462],[16.8504,43.4622],[16.852,43.4711],[16.8606,43.4921],[16.8609,43.5065],[16.865,43.5161],[16.842,43.5185],[16.8042,43.5318],[16.7889,43.5405],[16.7762,43.5358],[16.7587,43.5227],[16.7449,43.5329],[16.732,43.5524],[16.7093,43.5684],[16.685,43.5668],[16.6785,43.5582],[16.6731,43.5616],[16.6644,43.5594],[16.6585,43.5528],[16.6385,43.5428],[16.6405,43.536],[16.6402,43.526],[16.6315,43.515],[16.6129,43.4962],[16.621,43.4808],[16.6054,43.4722],[16.6773,43.4463],[16.678,43.4391]]]},"properties":{"name":"Grad Omiš","osm":"relation/8775202"}},
{"type":"Feature","geometry":{"type":"Polygon","coordinates":[[[16.9462,43.4991],[16.9674,43.5175],[16.9802,43.5243],[16.9878,43.5245],[16.9839,43.5365],[16.9861,43.5458],[17.0013,43.5507],[17.029,43.5643],[17.008,43.5758],[17.0068,43.5794],[16.9893,43.5928],[16.9764,43.609],[16.9633,43.5997],[16.9618,43.5919],[16.9749,43.5713],[16.9228,43.5761],[16.9019,43.5705],[16.893,43.5755],[16.8863,43.57],[16.871,43.5723],[16.8468,43.5646],[16.8206,43.5606],[16.8099,43.5622],[16.7998,43.5564],[16.7949,43.5443],[16.7889,43.5405],[16.8042,43.5318],[16.842,43.5185],[16.865,43.5161],[16.9185,43.5043],[16.9462,43.4991]]]},"properties":{"name":"Općina Cista Provo","osm":"relation/8775203"}},
{"type":"Feature","geometry":{"type":"Polygon","coordinates":[[[16.8006,43.2661],[16.8253,43.2667],[16.8551,43.2712],[16.8571,43.2788],[16.8666,43.2811],[16.8606,43.2881],[16.8792,43.2852],[16.8807,43.2958],[16.8945,43.2988],[16.8868,43.3052],[16.8994,43.3144],[16.8719,43.3265],[16.8523,43.3379],[16.8388,43.3422],[16.8312,43.3399],[16.8367,43.3325],[16.8226,43.3403],[16.8049,43.339],[16.8044,43.326],[16.8083,43.3176],[16.8033,43.3127],[16.7726,43.3034],[16.7951,43.2737],[16.7903,43.2669],[16.8006,43.2661]]]},"properties":{"name":"Općina Selca","osm":"relation/8777991"}},
{"type":"Feature","geometry":{"type":"Polygon","coordinates":[[[16.7951,43.2737],[16.7726,43.3034],[16.8033,43.3127],[16.8083,43.3176],[16.8044,43.326],[16.8049,43.339],[16.792,43.3403],[16.8196,43.3459],[16.8095,43.3518],[16.7918,43.3519],[16.7815,43.3573],[16.7408,43.3606],[16.7436,43.3467],[16.7377,43.3505],[16.7349,43.3621],[16.7246,43.3614],[16.7073,43.3669],[16.6865,43.3694],[16.681,43.3663],[16.6754,43.3404],[16.6646,43.3344],[16.6742,43.3244],[16.6726,43.3172],[16.6619,43.3056],[16.6482,43.2831],[16.6628,43.2799],[16.6752,43.2735],[16.7017,43.2751],[16.7125,43.2708],[16.7443,43.2685],[16.7807,43.2698],[16.7951,43.2737]]]},"properties":{"name":"Općina Pučišća","osm":"relation/8777992"}},
{"type":"Feature","geometry":{"type":"MultiPolygon","coordinates":[[[[16.5848,43.2652],[16.5947,43.2641],[16.5966,43.2671],[16.5836,43.2689],[16.5848,43.2652]]],[[[16.6087,43.263],[16.6329,43.2583],[16.6462,43.258],[16.661,43.2615],[16.6864,43.2579],[16.7262,43.263],[16.7837,43.2619],[16.8006,43.2661],[16.7903,43.2669],[16.7951,43.2737],[16.7807,43.2698],[16.7443,43.2685],[16.7125,43.2708],[16.7017,43.2751],[16.6752,43.2735],[16.6628,43.2799],[16.6482,43.2831],[16.6342,43.2858],[16.6219,43.2815],[16.6096,43.2768],[16.6087,43.263]]]]},"properties":{"name":"Općina Bol","osm":"relation/8777993"}},
{"type":"Feature","geometry":{"type":"Polygon","coordinates":[[[16.681,43.3663],[16.6812,43.3704],[16.6365,43.3771],[16.6213,43.3749],[16.6163,43.3776],[16.6101,43.3735],[16.6248,43.3631],[16.6043,43.3408],[16.6008,43.3282],[16.6015,43.3051],[16.609,43.292],[16.6219,43.2815],[16.6342,43.2858],[16.6482,43.2831],[16.6619,43.3056],[16.6726,43.3172],[16.6742,43.3244],[16.6646,43.3344],[16.6754,43.3404],[16.681,43.3663]]]},"properties":{"name":"Općina Postira","osm":"relation/8777994"}},
{"type":"Feature","geometry":{"type":"Polygon","coordinates":[[[16.6163,43.3776],[16.5945,43.3819],[16.5874,43.3799],[16.5465,43.3863],[16.53,43.3839],[16.5093,43.3841],[16.5096,43.3618],[16.515,43.3546],[16.5262,43.3522],[16.5397,43.3679],[16.5444,43.3572],[16.5558,43.354],[16.565,43.3554],[16.5693,43.3466],[16.5945,43.3447],[16.6043,43.3408],[16.6248,43.3631],[16.6101,43.3735],[16.6163,43.3776]]]},"properties":{"name":"Grad Supetar","osm":"relation/8777995"}},
{"type":"Feature","geometry":{"type":"Polygon","coordinates":[[[16.5947,43.2641],[16.6087,43.263],[16.6096,43.2768],[16.6219,43.2815],[16.609,43.292],[16.6015,43.3051],[16.6008,43.3282],[16.6043,43.3408],[16.5945,43.3447],[16.5693,43.3466],[16.565,43.3554],[16.5558,43.354],[16.5444,43.3572],[16.5397,43.3679],[16.5262,43.3522],[16.515,43.3546],[16.5108,43.353],[16.5185,43.3476],[16.5069,43.3265],[16.5063,43.3137],[16.5015,43.3096],[16.4889,43.3089],[16.48,43.2937],[16.487,43.292],[16.4883,43.2853],[16.5012,43.2861],[16.4985,43.2816],[16.5147,43.2736],[16.5264,43.2743],[16.5294,43.2699],[16.5609,43.268],[16.5848,43.2652],[16.5836,43.2689],[16.5966,43.2671],[16.5947,43.2641]]]},"properties":{"name":"Općina Nerežišća","osm":"relation/8777996"}},
{"type":"Feature","geometry":{"type":"Polygon","coordinates":[[[16.4638,43.3538],[16.4469,43.3517],[16.4325,43.3426],[16.4344,43.3303],[16.4495,43.3259],[16.4332,43.3267],[16.4244,43.3227],[16.4175,43.3318],[16.4104,43.3335],[16.4123,43.3203],[16.4294,43.309],[16.4438,43.3041],[16.443,43.3105],[16.4589,43.3073],[16.454,43.2987],[16.4709,43.303],[16.4691,43.2968],[16.48,43.2937],[16.4889,43.3089],[16.5015,43.3096],[16.5063,43.3137],[16.5069,43.3265],[16.5185,43.3476],[16.5108,43.353],[16.4972,43.3514],[16.4944,43.3542],[16.48,43.3519],[16.4638,43.3538]]]},"properties":{"name":"Općina Milna","osm":"relation/8777997"}},
{"type":"Feature","geometry":{"type":"Polygon","coordinates":[[[16.4638,43.3538],[16.48,43.3519],[16.4944,43.3542],[16.4972,43.3514],[16.5108,43.353],[16.515,43.3546],[16.5096,43.3618],[16.5093,43.3841],[16.4477,43.3896],[16.4355,43.3923],[16.4283,43.3881],[16.434,43.3762],[16.4431,43.3725],[16.4491,43.3634],[16.4452,43.3577],[16.4638,43.3538]]]},"properties":{"name":"Općina Sutivan","osm":"relation/8777998"}},
{"type":"Feature","geometry":{"type":"Polygon","coordinates":[[[17.2976,43.3198],[17.287,43.324],[17.2729,43.3247],[17.2488,43.335],[17.2413,43.3325],[17.2299,43.3124],[17.2136,43.3242],[17.1966,43.3313],[17.1855,43.3224],[17.1641,43.3182],[17.13,43.2931],[17.1382,43.2812],[17.1618,43.2641],[17.1584,43.2581],[17.1625,43.2526],[17.1777,43.2498],[17.1843,43.2413],[17.1811,43.2281],[17.2033,43.2173],[17.2121,43.2096],[17.2119,43.2002],[17.2262,43.1947],[17.2403,43.2072],[17.2519,43.1838],[17.2767,43.181],[17.3141,43.1733],[17.3244,43.1685],[17.3495,43.1632],[17.3458,43.1577],[17.3549,43.1551],[17.3693,43.157],[17.4008,43.1463],[17.4145,43.1471],[17.4359,43.153],[17.4485,43.1701],[17.4508,43.177],[17.4378,43.1802],[17.4316,43.1785],[17.4271,43.1885],[17.4325,43.2051],[17.4295,43.2171],[17.4223,43.2297],[17.3972,43.2454],[17.376,43.2496],[17.3592,43.2496],[17.3422,43.2532],[17.3319,43.266],[17.3277,43.2851],[17.3127,43.296],[17.2976,43.3198]]]},"properties":{"name":"Grad Vrgorac","osm":"relation/8778035"}},
{"type":"Feature","geometry":{"type":"Polygon","coordinates":[[[17.2005,43.1703],[17.229,43.1615],[17.2313,43.1573],[17.2528,43.1506],[17.2842,43.1364],[17.2857,43.1302],[17.2977,43.1268],[17.3027,43.1216],[17.3204,43.1198],[17.3389,43.1094],[17.3392,43.1043],[17.3482,43.1],[17.3561,43.0841],[17.3606,43.0929],[17.3919,43.1093],[17.407,43.1078],[17.3942,43.118],[17.3769,43.1429],[17.3642,43.1429],[17.3429,43.1482],[17.3458,43.1577],[17.3495,43.1632],[17.3244,43.1685],[17.3141,43.1733],[17.2767,43.181],[17.2519,43.1838],[17.2403,43.2072],[17.2262,43.1947],[17.2005,43.1703]]]},"properties":{"name":"Općina Gradac","osm":"relation/8778036"}},
{"type":"Feature","geometry":{"type":"Polygon","coordinates":[[[17.0614,43.2553],[17.0623,43.2491],[17.0757,43.2416],[17.0773,43.2336],[17.0941,43.2281],[17.1052,43.2276],[17.1117,43.2082],[17.1404,43.1937],[17.1544,43.1919],[17.166,43.178],[17.1819,43.1737],[17.1868,43.1691],[17.2005,43.1703],[17.2262,43.1947],[17.2119,43.2002],[17.2121,43.2096],[17.2033,43.2173],[17.1811,43.2281],[17.1843,43.2413],[17.1777,43.2498],[17.1625,43.2526],[17.1584,43.2581],[17.1618,43.2641],[17.1382,43.2812],[17.13,43.2931],[17.1276,43.2945],[17.1051,43.2698],[17.0871,43.262],[17.0614,43.2553]]]},"properties":{"name":"Općina Podgora","osm":"relation/8778037"}},
{"type":"Feature","geometry":{"type":"Polygon","coordinates":[[[17.2561,43.4055],[17.2548,43.4101],[17.2398,43.4093],[17.2291,43.4042],[17.2265,43.3982],[17.2185,43.3972],[17.2072,43.3833],[17.1989,43.3817],[17.1901,43.3856],[17.1825,43.3677],[17.1605,43.3474],[17.1689,43.3508],[17.1743,43.3414],[17.1898,43.3366],[17.1966,43.3313],[17.2136,43.3242],[17.2299,43.3124],[17.2413,43.3325],[17.2488,43.335],[17.2729,43.3247],[17.287,43.324],[17.2976,43.3198],[17.2792,43.3482],[17.2716,43.3656],[17.2654,43.373],[17.2612,43.3931],[17.2522,43.4007],[17.2561,43.4055]]]},"properties":{"name":"Općina Runovići","osm":"relation/8778038"}},
{"type":"Feature","geometry":{"type":"Polygon","coordinates":[[[17.2398,43.4093],[17.2439,43.4204],[17.2131,43.4315],[17.2039,43.4296],[17.1941,43.419],[17.1997,43.4168],[17.1995,43.4053],[17.1901,43.3856],[17.1989,43.3817],[17.2072,43.3833],[17.2185,43.3972],[17.2265,43.3982],[17.2291,43.4042],[17.2398,43.4093]]]},"properties":{"name":"Općina Zmijavci","osm":"relation/8778039"}},
{"type":"Feature","geometry":{"type":"Polygon","coordinates":[[[17.1022,43.4328],[17.0994,43.417],[17.1139,43.4088],[17.1163,43.4005],[17.1506,43.387],[17.1737,43.375],[17.1825,43.3677],[17.1901,43.3856],[17.1995,43.4053],[17.1997,43.4168],[17.1941,43.419],[17.2039,43.4296],[17.1806,43.4319],[17.1749,43.4428],[17.158,43.446],[17.1489,43.4352],[17.1506,43.4311],[17.1328,43.4339],[17.1319,43.4404],[17.1402,43.4494],[17.1149,43.4534],[17.1133,43.443],[17.1022,43.4328]]]},"properties":{"name":"Općina Podbablje","osm":"relation/8778040"}},
{"type":"Feature","geometry":{"type":"Polygon","coordinates":[[[17.2058,43.4974],[17.1986,43.4993],[17.1842,43.4965],[17.1751,43.49],[17.1493,43.4957],[17.1423,43.5055],[17.132,43.5102],[17.1243,43.5179],[17.0852,43.537],[17.0845,43.5296],[17.0717,43.5171],[17.0712,43.508],[17.0743,43.5008],[17.0862,43.4973],[17.1045,43.4885],[17.109,43.4825],[17.1024,43.4641],[17.1149,43.4534],[17.1402,43.4494],[17.1319,43.4404],[17.1328,43.4339],[17.1506,43.4311],[17.1489,43.4352],[17.158,43.446],[17.1749,43.4428],[17.1739,43.4534],[17.1775,43.4634],[17.1827,43.4635],[17.1959,43.4722],[17.1998,43.4866],[17.2058,43.4974]]]},"properties":{"name":"Općina Proložac","osm":"relation/8778041"}},
{"type":"Feature","geometry":{"type":"Polygon","coordinates":[[[17.1149,43.4534],[17.1024,43.4641],[17.109,43.4825],[17.1045,43.4885],[17.0862,43.4973],[17.0743,43.5008],[17.0712,43.508],[17.054,43.506],[17.0389,43.5016],[17.0485,43.4922],[17.0465,43.4818],[17.0581,43.4766],[17.0582,43.464],[17.0631,43.4533],[17.0935,43.4348],[17.1022,43.4328],[17.1133,43.443],[17.1149,43.4534]]]},"properties":{"name":"Općina Lokvičići","osm":"relation/8778042"}},
{"type":"Feature","geometry":{"type":"Polygon","coordinates":[[[17.1276,43.2945],[17.13,43.2931],[17.1641,43.3182],[17.1855,43.3224],[17.1966,43.3313],[17.1898,43.3366],[17.1743,43.3414],[17.1689,43.3508],[17.1605,43.3474],[17.1825,43.3677],[17.1737,43.375],[17.1506,43.387],[17.1163,43.4005],[17.1139,43.4088],[17.0994,43.417],[17.0983,43.4121],[17.0866,43.4126],[17.0383,43.4293],[17.0237,43.4383],[17.0151,43.4201],[17.0064,43.4118],[16.9956,43.4117],[16.983,43.3953],[16.9772,43.3819],[16.9977,43.3724],[17.0188,43.3575],[17.0306,43.3564],[17.0555,43.3406],[17.0735,43.334],[17.0672,43.3266],[17.0819,43.3102],[17.0882,43.3103],[17.1161,43.3022],[17.1276,43.2945]]]},"properties":{"name":"Općina Zagvozd","osm":"relation/8778043"}},
{"type":"Feature","geometry":{"type":"Polygon","coordinates":[[[17.1276,43.2945],[17.1161,43.3022],[17.0882,43.3103],[17.0819,43.3102],[17.0825,43.3076],[17.0661,43.296],[17.0446,43.2731],[17.0538,43.2694],[17.0614,43.2553],[17.0871,43.262],[17.1051,43.2698],[17.1276,43.2945]]]},"properties":{"name":"Općina Tučepi","osm":"relation/8778044"}},
{"type":"Feature","geometry":{"type":"Polygon","coordinates":[[[16.9861,43.3213],[17.0021,43.3052],[17.0127,43.2998],[17.0084,43.2947],[17.0203,43.2921],[17.017,43.2886],[17.0374,43.2756],[17.0446,43.2731],[17.0661,43.296],[17.0825,43.3076],[17.0819,43.3102],[17.0672,43.3266],[17.0735,43.334],[17.0555,43.3406],[17.0306,43.3564],[17.0027,43.33],[16.9861,43.3213]]]},"properties":{"name":"Grad Makarska","osm":"relation/8778045"}},
{"type":"Feature","geometry":{"type":"Polygon","coordinates":[[[16.9403,43.3614],[16.9477,43.3582],[16.9516,43.3483],[16.9712,43.3349],[16.9861,43.3213],[17.0027,43.33],[17.0306,43.3564],[17.0188,43.3575],[16.9977,43.3724],[16.9772,43.3819],[16.9721,43.3888],[16.9707,43.3832],[16.9425,43.3658],[16.9403,43.3614]]]},"properties":{"name":"Općina Baška Voda","osm":"relation/8778046"}},
{"type":"Feature","geometry":{"type":"Polygon","coordinates":[[[16.9403,43.3614],[16.9425,43.3658],[16.9707,43.3832],[16.9721,43.3888],[16.9612,43.3999],[16.954,43.4136],[16.943,43.4251],[16.9151,43.4179],[16.9048,43.4181],[16.8934,43.4073],[16.8956,43.3892],[16.9153,43.3793],[16.9228,43.3698],[16.9403,43.3614]]]},"properties":{"name":"Općina Brela","osm":"relation/8778047"}},
{"type":"Feature","geometry":{"type":"Polygon","coordinates":[[[16.9462,43.4991],[16.9185,43.5043],[16.865,43.5161],[16.8609,43.5065],[16.8606,43.4921],[16.852,43.4711],[16.8504,43.4622],[16.8759,43.462],[16.8751,43.4509],[16.8915,43.4435],[16.9273,43.4463],[16.943,43.4251],[16.954,43.4136],[16.9612,43.3999],[16.9721,43.3888],[16.9772,43.3819],[16.983,43.3953],[16.9956,43.4117],[17.0064,43.4118],[17.0151,43.4201],[17.0237,43.4383],[17.0221,43.4522],[17.0257,43.4622],[17.0201,43.463],[17.0149,43.4541],[16.9908,43.4493],[16.978,43.4675],[16.9736,43.4687],[16.962,43.4826],[16.9419,43.4926],[16.9462,43.4991]]]},"properties":{"name":"Općina Šestanovac","osm":"relation/8778048"}},
{"type":"Feature","geometry":{"type":"Polygon","coordinates":[[[17.0852,43.537],[17.0824,43.543],[17.0547,43.5548],[17.0424,43.5571],[17.029,43.5643],[17.0013,43.5507],[16.9861,43.5458],[16.9839,43.5365],[16.9878,43.5245],[16.9802,43.5243],[16.9674,43.5175],[16.9462,43.4991],[16.9419,43.4926],[16.962,43.4826],[16.9736,43.4687],[16.978,43.4675],[16.9908,43.4493],[17.0149,43.4541],[17.0201,43.463],[17.0257,43.4622],[17.0221,43.4522],[17.0237,43.4383],[17.0383,43.4293],[17.0866,43.4126],[17.0983,43.4121],[17.0994,43.417],[17.1022,43.4328],[17.0935,43.4348],[17.0631,43.4533],[17.0582,43.464],[17.0581,43.4766],[17.0465,43.4818],[17.0485,43.4922],[17.0389,43.5016],[17.054,43.506],[17.0712,43.508],[17.0717,43.5171],[17.0845,43.5296],[17.0852,43.537]]]},"properties":{"name":"Općina Lovreć","osm":"relation/8778049"}},
{"type":"Feature","geometry":{"type":"Polygon","coordinates":[[[15.7542,44.4079],[15.7437,44.4134],[15.7408,44.4206],[15.7259,44.4205],[15.7212,44.434],[15.7105,44.4364],[15.6931,44.4495],[15.6842,44.4441],[15.6808,44.4688],[15.6655,44.4881],[15.6512,44.4871],[15.6222,44.4731],[15.6008,44.4593],[15.5918,44.4561],[15.5978,44.4384],[15.6082,44.4366],[15.6134,44.4255],[15.607,44.4226],[15.6218,44.4203],[15.6189,44.4159],[15.602,44.4081],[15.5819,44.4068],[15.5669,44.3984],[15.5677,44.3899],[15.5418,44.3856],[15.5279,44.3638],[15.529,44.3564],[15.5508,44.3468],[15.5414,44.3395],[15.5707,44.2934],[15.579,44.3],[15.5975,44.2913],[15.6167,44.2911],[15.6366,44.2852],[15.6483,44.2908],[15.6598,44.2861],[15.6776,44.2712],[15.6905,44.2723],[15.6941,44.2765],[15.7065,44.2729],[15.7115,44.276],[15.7383,44.2721],[15.7821,44.2712],[15.7787,44.2754],[15.801,44.2827],[15.8114,44.2958],[15.8275,44.3067],[15.8286,44.3176],[15.8227,44.3248],[15.8144,44.3475],[15.8162,44.3582],[15.8084,44.3649],[15.7976,44.3663],[15.7909,44.3631],[15.7727,44.367],[15.7744,44.3783],[15.7917,44.3935],[15.7913,44.3978],[15.7804,44.3986],[15.7781,44.4063],[15.7542,44.4079]]]},"properties":{"name":"Općina Lovinac","osm":"relation/8778202"}},
{"type":"Feature","geometry":{"type":"Polygon","coordinates":[[[15.7542,44.4079],[15.7576,44.4119],[15.767,44.4084],[15.7773,44.4106],[15.7774,44.4247],[15.7926,44.4343],[15.8101,44.4348],[15.8238,44.4429],[15.8441,44.4462],[15.8628,44.4624],[15.8694,44.4727],[15.8838,44.4716],[15.8935,44.4755],[15.9073,44.4858],[15.9205,44.5003],[15.9312,44.5084],[15.9294,44.5161],[15.9056,44.5287],[15.9085,44.5366],[15.8953,44.5492],[15.8824,44.5557],[15.8764,44.5679],[15.8788,44.5973],[15.8704,44.6025],[15.8626,44.618],[15.8563,44.6359],[15.8726,44.6346],[15.862,44.6451],[15.865,44.6489],[15.8804,44.6483],[15.8853,44.6615],[15.8811,44.6756],[15.8705,44.6808],[15.8583,44.691],[15.8558,44.701],[15.8351,44.7141],[15.822,44.7215],[15.8146,44.729],[15.8125,44.7373],[15.7986,44.7299],[15.7968,44.7202],[15.788,44.7208],[15.7798,44.7128],[15.7898,44.7122],[15.8006,44.699],[15.7912,44.6927],[15.7697,44.6832],[15.7434,44.6958],[15.7171,44.6992],[15.7011,44.6932],[15.6789,44.7062],[15.676,44.7146],[15.674,44.7051],[15.6655,44.7093],[15.6531,44.709],[15.6378,44.7001],[15.6146,44.7026],[15.6049,44.6989],[15.5756,44.7068],[15.5734,44.7003],[15.5863,44.6902],[15.575,44.6934],[15.5696,44.6905],[15.5549,44.6944],[15.5436,44.6907],[15.538,44.684],[15.5299,44.6898],[15.5272,44.6832],[15.5323,44.6713],[15.521,44.6637],[15.528,44.6463],[15.55,44.6382],[15.5534,44.6302],[15.55,44.6249],[15.5578,44.6054],[15.5583,44.5968],[15.5522,44.5887],[15.5775,44.5728],[15.5775,44.5687],[15.5909,44.5516],[15.6035,44.5475],[15.6226,44.5252],[15.6331,44.5247],[15.6324,44.5118],[15.6255,44.5162],[15.6178,44.5126],[15.635,44.5012],[15.6488,44.4987],[15.6512,44.4871],[15.6655,44.4881],[15.6808,44.4688],[15.6842,44.4441],[15.6931,44.4495],[15.7105,44.4364],[15.7212,44.434],[15.7259,44.4205],[15.7408,44.4206],[15.7437,44.4134],[15.7542,44.4079]]]},"properties":{"name":"Općina Udbina","osm":"relation/8778203"}},
{"type":"Feature","geometry":{"type":"Polygon","coordinates":[[[15.1206,44.8095],[15.1167,44.8011],[15.0986,44.7899],[15.1018,44.7764],[15.0838,44.7628],[15.0871,44.7457],[15.0644,44.7199],[15.065,44.7097],[15.0816,44.7044],[15.0981,44.7022],[15.1147,44.7038],[15.1245,44.6952],[15.1469,44.6943],[15.1641,44.6971],[15.1748,44.6926],[15.2093,44.6889],[15.231,44.6938],[15.245,44.6884],[15.2805,44.6849],[15.2728,44.6749],[15.2757,44.6626],[15.2863,44.6626],[15.2972,44.6561],[15.3008,44.6496],[15.3388,44.6371],[15.3419,44.6401],[15.3564,44.6335],[15.4025,44.6204],[15.4106,44.6277],[15.4104,44.6344],[15.4198,44.6404],[15.4332,44.6431],[15.4485,44.6514],[15.4739,44.6702],[15.4877,44.675],[15.4951,44.6931],[15.5116,44.7043],[15.508,44.7127],[15.4877,44.7199],[15.4601,44.7364],[15.4525,44.7341],[15.4361,44.7417],[15.4202,44.7558],[15.3831,44.7487],[15.3767,44.741],[15.3654,44.7425],[15.3282,44.7531],[15.3153,44.7729],[15.3076,44.7813],[15.2848,44.7824],[15.2809,44.7891],[15.2149,44.7968],[15.1935,44.8019],[15.1775,44.8083],[15.1607,44.8046],[15.1255,44.8104],[15.1206,44.8095]]]},"properties":{"name":"Općina Perušić","osm":"relation/8778205"}},
{"type":"Feature","geometry":{"type":"Polygon","coordinates":[[[15.0789,44.6355],[15.0692,44.6416],[15.059,44.6418],[15.0485,44.6477],[15.0354,44.637],[15.027,44.6253],[15.0129,44.6234],[15.004,44.6009],[14.9954,44.5902],[14.9828,44.5821],[14.9963,44.5709],[15.0049,44.5704],[15.0079,44.5635],[15.0221,44.5598],[15.0463,44.549],[15.0471,44.5459],[15.0741,44.5237],[15.0927,44.516],[15.1084,44.5027],[15.1239,44.4868],[15.1253,44.4816],[15.145,44.4647],[15.1635,44.4561],[15.1709,44.4554],[15.1746,44.447],[15.1914,44.4353],[15.2142,44.4263],[15.2431,44.3963],[15.2781,44.3654],[15.2895,44.3633],[15.2907,44.3753],[15.2985,44.3836],[15.3192,44.42],[15.3293,44.4157],[15.3396,44.4277],[15.3422,44.4372],[15.3371,44.4376],[15.3142,44.4493],[15.3117,44.4535],[15.2813,44.4706],[15.2479,44.4746],[15.2306,44.4751],[15.198,44.4915],[15.1943,44.497],[15.1827,44.4975],[15.1883,44.5198],[15.2021,44.5156],[15.2055,44.5212],[15.2297,44.5279],[15.214,44.5388],[15.1875,44.5713],[15.1807,44.5829],[15.1906,44.5988],[15.173,44.5957],[15.1242,44.6071],[15.0927,44.621],[15.0789,44.6355]]]},"properties":{"name":"Općina Karlobag","osm":"relation/8778206"}},
{"type":"Feature","geometry":{"type":"Polygon","coordinates":[[[15.0085,45.0695],[15.0009,45.0743],[14.9838,45.0705],[14.9653,45.0757],[14.9428,45.0644],[14.9432,45.0701],[14.936,45.081],[14.9276,45.0836],[14.922,45.0756],[14.9078,45.0712],[14.9133,45.0654],[14.8993,45.0663],[14.8962,45.0603],[14.8876,45.0618],[14.8832,45.0577],[14.8905,45.0443],[14.8813,45.0311],[14.8894,45.0113],[14.8991,44.9989],[14.8981,44.9875],[14.9162,44.9756],[14.9211,44.962],[14.928,44.9521],[14.9233,44.947],[14.9209,44.9315],[14.9114,44.9035],[14.9049,44.9038],[14.8983,44.8826],[14.8925,44.8796],[14.8957,44.8676],[14.8906,44.8545],[14.8844,44.8531],[14.8853,44.8436],[14.8812,44.8357],[14.8847,44.8301],[14.8803,44.8179],[14.8793,44.7913],[14.8834,44.7805],[14.89,44.7511],[14.8989,44.7425],[14.8896,44.7212],[14.8946,44.6999],[14.9044,44.6878],[14.9142,44.6819],[14.9304,44.6631],[14.9259,44.658],[14.9319,44.6494],[14.948,44.6393],[14.9632,44.6246],[14.9656,44.6059],[14.9785,44.5933],[14.9828,44.5821],[14.9954,44.5902],[15.004,44.6009],[15.0129,44.6234],[15.027,44.6253],[15.0354,44.637],[15.0485,44.6477],[15.059,44.6418],[15.0692,44.6416],[15.0789,44.6355],[15.0823,44.645],[15.0804,44.6538],[15.0669,44.6773],[15.0681,44.6891],[15.063,44.7069],[15.065,44.7097],[15.0644,44.7199],[15.0871,44.7457],[15.0838,44.7628],[15.1018,44.7764],[15.0986,44.7899],[15.1167,44.8011],[15.1206,44.8095],[15.109,44.8221],[15.1022,44.8246],[15.0923,44.8347],[15.0887,44.8497],[15.0775,44.8622],[15.0492,44.8799],[15.0615,44.8855],[15.0941,44.8914],[15.0976,44.9041],[15.091,44.9149],[15.0892,44.9286],[15.0761,44.9303],[15.0877,44.9427],[15.0943,44.9445],[15.0874,44.9517],[15.0625,44.9567],[15.0479,44.9625],[15.0217,44.9801],[15.0165,44.9858],[15.0155,45.0027],[15.0187,45.0096],[15.0155,45.0304],[15.005,45.0392],[15.0098,45.0504],[15.0178,45.0581],[15.0085,45.0695]]]},"properties":{"name":"Grad Senj","osm":"relation/8778207"}},
{"type":"Feature","geometry":{"type":"Polygon","coordinates":[[[16.4657,45.2182],[16.4407,45.2216],[16.4265,45.2307],[16.4095,45.227],[16.3936,45.2263],[16.3874,45.2346],[16.3707,45.2414],[16.3652,45.236],[16.3581,45.2367],[16.3458,45.2268],[16.332,45.2388],[16.3264,45.229],[16.3303,45.222],[16.3198,45.2135],[16.3092,45.2133],[16.3014,45.224],[16.295,45.2145],[16.2705,45.1948],[16.2619,45.1931],[16.267,45.2115],[16.2561,45.2158],[16.2467,45.2147],[16.2387,45.2061],[16.2343,45.2084],[16.2184,45.1929],[16.2001,45.1817],[16.1736,45.1806],[16.1747,45.1778],[16.1643,45.1646],[16.1501,45.1681],[16.1358,45.1592],[16.1048,45.1612],[16.0988,45.1576],[16.0862,45.1714],[16.0919,45.1758],[16.0865,45.18],[16.0879,45.1943],[16.0794,45.1832],[16.0609,45.187],[16.0485,45.1847],[16.0465,45.1792],[16.0472,45.1719],[16.0598,45.1573],[16.0858,45.1318],[16.0844,45.1106],[16.09,45.1043],[16.1028,45.0996],[16.1089,45.0927],[16.124,45.0924],[16.1317,45.0866],[16.1386,45.0908],[16.1441,45.0854],[16.1555,45.0828],[16.1739,45.0704],[16.177,45.0511],[16.1851,45.0471],[16.1942,45.0308],[16.2083,45.0327],[16.2208,45.0256],[16.2292,45.0246],[16.2342,45.0151],[16.2532,45.0143],[16.262,45.0169],[16.2727,45.0148],[16.2737,45.0062],[16.2843,45.0083],[16.2888,44.9957],[16.293,44.9993],[16.3208,45.0022],[16.3317,45.0002],[16.3545,45.0034],[16.3589,45.0234],[16.3558,45.0316],[16.3746,45.0514],[16.3837,45.0535],[16.3868,45.0662],[16.3858,45.0795],[16.4029,45.0985],[16.3925,45.1055],[16.3944,45.1127],[16.4097,45.1206],[16.4373,45.1268],[16.4447,45.1336],[16.4602,45.1404],[16.4796,45.1657],[16.4747,45.1833],[16.4842,45.1905],[16.4934,45.2104],[16.4972,45.2118],[16.4901,45.2172],[16.4657,45.2182]]]},"properties":{"name":"Općina Dvor","osm":"relation/8778262"}},
{"type":"Feature","geometry":{"type":"Polygon","coordinates":[[[16.332,45.2388],[16.3458,45.2268],[16.3581,45.2367],[16.3652,45.236],[16.3707,45.2414],[16.3874,45.2346],[16.3936,45.2263],[16.4095,45.227],[16.4265,45.2307],[16.4407,45.2216],[16.4657,45.2182],[16.4699,45.225],[16.4958,45.232],[16.5064,45.2376],[16.5164,45.2524],[16.5092,45.2604],[16.5165,45.2627],[16.5154,45.2765],[16.511,45.275],[16.4909,45.2889],[16.4788,45.2924],[16.4572,45.3078],[16.4446,45.3135],[16.4454,45.3192],[16.4189,45.3174],[16.4152,45.3219],[16.3996,45.3285],[16.3948,45.336],[16.3885,45.3374],[16.3799,45.3315],[16.3734,45.3133],[16.376,45.2979],[16.3701,45.2891],[16.3532,45.2814],[16.3396,45.2662],[16.3384,45.2498],[16.332,45.2388]]]},"properties":{"name":"Općina Donji Kukuruzari","osm":"relation/8778887"}},
{"type":"Feature","geometry":{"type":"Polygon","coordinates":[[[16.4972,45.2118],[16.5197,45.2235],[16.53,45.2266],[16.541,45.2255],[16.5527,45.2187],[16.5654,45.2222],[16.5794,45.222],[16.5937,45.2304],[16.6028,45.2303],[16.6179,45.2241],[16.6325,45.2139],[16.6281,45.2183],[16.6347,45.2225],[16.6566,45.2236],[16.658,45.2308],[16.6699,45.2303],[16.68,45.2254],[16.6819,45.2312],[16.662,45.2449],[16.6522,45.2535],[16.6551,45.2658],[16.6607,45.273],[16.6577,45.2786],[16.6446,45.2721],[16.6396,45.2656],[16.6349,45.2682],[16.6223,45.2658],[16.6087,45.2705],[16.6022,45.2599],[16.596,45.2566],[16.586,45.262],[16.5687,45.2571],[16.5607,45.2473],[16.5582,45.2511],[16.5391,45.2493],[16.5404,45.2436],[16.5334,45.2415],[16.5239,45.2448],[16.5164,45.2524],[16.5064,45.2376],[16.4958,45.232],[16.4699,45.225],[16.4657,45.2182],[16.4901,45.2172],[16.4972,45.2118]]]},"properties":{"name":"Grad Hrvatska Kostajnica","osm":"relation/8778888"}},
{"type":"Feature","geometry":{"type":"Polygon","coordinates":[[[16.4454,45.3192],[16.4446,45.3135],[16.4572,45.3078],[16.4788,45.2924],[16.4909,45.2889],[16.511,45.275],[16.5154,45.2765],[16.5165,45.2627],[16.5092,45.2604],[16.5164,45.2524],[16.5239,45.2448],[16.5334,45.2415],[16.5404,45.2436],[16.5391,45.2493],[16.5582,45.2511],[16.5607,45.2473],[16.5687,45.2571],[16.586,45.262],[16.596,45.2566],[16.6022,45.2599],[16.6087,45.2705],[16.5985,45.2863],[16.6031,45.2896],[16.5984,45.2975],[16.5814,45.3062],[16.578,45.3],[16.5693,45.3088],[16.5568,45.3157],[16.5459,45.3266],[16.5483,45.3303],[16.5366,45.3329],[16.5348,45.3157],[16.507,45.3188],[16.5118,45.3335],[16.5027,45.3348],[16.4852,45.3298],[16.4642,45.3308],[16.459,45.3242],[16.4454,45.3192]]]},"properties":{"name":"Općina Majur","osm":"relation/8778889"}},
{"type":"Feature","geometry":{"type":"Polygon","coordinates":[[[16.7456,45.4148],[16.7502,45.4206],[16.7649,45.4213],[16.7727,45.4265],[16.7935,45.4276],[16.8162,45.4378],[16.8231,45.4453],[16.8348,45.4435],[16.8433,45.4463],[16.8536,45.4446],[16.8602,45.4502],[16.8713,45.4491],[16.8803,45.4423],[16.8859,45.4331],[16.8954,45.4286],[16.9134,45.4295],[16.924,45.4223],[16.952,45.421],[16.9511,45.4006],[16.9621,45.4011],[16.9841,45.4091],[17.0009,45.405],[17.0135,45.4081],[17.0135,45.4022],[17.0227,45.4049],[17.0216,45.4229],[17.0159,45.426],[17.0125,45.4355],[17.0224,45.4416],[17.006,45.4539],[16.9972,45.4571],[16.9829,45.4522],[16.9541,45.4568],[16.9388,45.477],[16.93,45.4816],[16.9266,45.4765],[16.9299,45.4685],[16.9091,45.4675],[16.9074,45.4819],[16.8997,45.4886],[16.8968,45.4994],[16.8801,45.5089],[16.8573,45.5095],[16.8555,45.5163],[16.8741,45.5239],[16.8603,45.5338],[16.8578,45.5473],[16.8521,45.5511],[16.8336,45.5529],[16.8316,45.568],[16.8197,45.565],[16.8059,45.5764],[16.8022,45.5867],[16.8041,45.5933],[16.7943,45.6214],[16.7973,45.6241],[16.7839,45.6254],[16.7728,45.6197],[16.7553,45.6156],[16.7486,45.6199],[16.7402,45.6184],[16.7282,45.6057],[16.715,45.5974],[16.7179,45.5911],[16.7069,45.5815],[16.7054,45.5715],[16.6966,45.5606],[16.7132,45.5448],[16.7098,45.5389],[16.7196,45.5343],[16.747,45.536],[16.7314,45.5242],[16.7309,45.5155],[16.7056,45.4979],[16.7,45.4839],[16.6891,45.4753],[16.6848,45.4672],[16.6897,45.4596],[16.6843,45.4488],[16.6941,45.4452],[16.6943,45.4309],[16.6975,45.4241],[16.7195,45.4106],[16.7344,45.4186],[16.7456,45.4148]]]},"properties":{"name":"Grad Kutina","osm":"relation/8778890"}},
{"type":"Feature","geometry":{"type":"Polygon","coordinates":[[[16.8272,45.3499],[16.8221,45.3413],[16.8097,45.3393],[16.8109,45.328],[16.8269,45.3225],[16.8358,45.3059],[16.8498,45.3056],[16.8618,45.2993],[16.8817,45.3014],[16.8906,45.307],[16.9212,45.3054],[16.9262,45.2999],[16.9466,45.2957],[16.9538,45.2967],[16.9568,45.2872],[16.9747,45.2814],[16.9936,45.2797],[17.004,45.2758],[17.0135,45.2788],[17.0241,45.2771],[17.0515,45.2642],[17.056,45.2477],[17.0702,45.2434],[17.0777,45.2466],[17.0847,45.2383],[17.1003,45.2507],[17.1274,45.258],[17.1362,45.2628],[17.1546,45.2877],[17.1723,45.2966],[17.1889,45.2935],[17.1813,45.3041],[17.1688,45.3138],[17.177,45.3161],[17.1751,45.3242],[17.1928,45.3259],[17.1929,45.3342],[17.1804,45.3421],[17.176,45.3486],[17.1647,45.3538],[17.1583,45.3487],[17.1365,45.3437],[17.1288,45.3498],[17.134,45.3555],[17.131,45.3643],[17.1183,45.3727],[17.074,45.3832],[17.0731,45.3882],[17.0601,45.3931],[17.0438,45.3946],[17.0606,45.413],[17.058,45.42],[17.0693,45.4225],[17.07,45.4352],[17.0587,45.4387],[17.0487,45.4352],[17.0461,45.4195],[17.0279,45.4242],[17.0216,45.4229],[17.0227,45.4049],[17.0135,45.4022],[17.0135,45.4081],[17.0009,45.405],[16.9841,45.4091],[16.9621,45.4011],[16.9511,45.4006],[16.9329,45.3982],[16.9325,45.3922],[16.9138,45.3916],[16.9118,45.378],[16.8997,45.3766],[16.8902,45.3685],[16.8753,45.3734],[16.8752,45.3693],[16.8602,45.3723],[16.8272,45.3499]]]},"properties":{"name":"Grad Novska","osm":"relation/8778891"}},
{"type":"Feature","geometry":{"type":"Polygon","coordinates":[[[17.0847,45.2383],[17.0777,45.2466],[17.0702,45.2434],[17.056,45.2477],[17.0515,45.2642],[17.0241,45.2771],[17.0135,45.2788],[17.004,45.2758],[16.9936,45.2797],[16.9747,45.2814],[16.9568,45.2872],[16.9538,45.2967],[16.9466,45.2957],[16.9262,45.2999],[16.9212,45.3054],[16.8906,45.307],[16.8817,45.3014],[16.8618,45.2993],[16.8498,45.3056],[16.8358,45.3059],[16.8269,45.3225],[16.8109,45.328],[16.8097,45.3393],[16.8221,45.3413],[16.8272,45.3499],[16.8051,45.3665],[16.8077,45.3697],[16.7872,45.3762],[16.7779,45.3705],[16.7797,45.3626],[16.7734,45.3552],[16.7732,45.348],[16.7641,45.3399],[16.7712,45.3329],[16.7892,45.3337],[16.7906,45.3265],[16.7801,45.3089],[16.7947,45.3013],[16.7957,45.2936],[16.8094,45.296],[16.8091,45.3076],[16.8183,45.3052],[16.827,45.2966],[16.8213,45.286],[16.8078,45.2822],[16.7967,45.2731],[16.793,45.2644],[16.8072,45.2412],[16.8542,45.2469],[16.8602,45.2442],[16.8656,45.2321],[16.8834,45.2283],[16.88,45.2429],[16.8909,45.2464],[16.8918,45.2531],[16.8822,45.2557],[16.8922,45.2579],[16.8997,45.2501],[16.9122,45.2546],[16.9138,45.2633],[16.9238,45.2756],[16.9359,45.2755],[16.9429,45.263],[16.9532,45.258],[16.9528,45.2525],[16.9384,45.2466],[16.9353,45.2403],[16.9392,45.2273],[16.9604,45.232],[16.9733,45.2273],[16.9775,45.2317],[16.9731,45.2393],[16.9619,45.2426],[16.9682,45.2509],[16.9766,45.2498],[16.9841,45.2434],[16.9824,45.2299],[16.9859,45.2251],[16.9986,45.2214],[17.0063,45.2275],[17.0032,45.2355],[17.0105,45.2387],[17.0213,45.2362],[17.0081,45.2193],[17.0172,45.2128],[17.0342,45.2252],[17.039,45.2223],[17.0424,45.2095],[17.0519,45.2007],[17.0636,45.1988],[17.0688,45.192],[17.1004,45.1789],[17.1113,45.1766],[17.1266,45.168],[17.1413,45.1634],[17.1442,45.1658],[17.1353,45.1732],[17.1275,45.1851],[17.1187,45.19],[17.1212,45.1944],[17.1191,45.1977],[17.0931,45.2088],[17.0962,45.2142],[17.0799,45.2125],[17.0738,45.2177],[17.0817,45.2214],[17.0847,45.2383]]]},"properties":{"name":"Općina Jasenovac","osm":"relation/8778892"}},
{"type":"Feature","geometry":{"type":"Polygon","coordinates":[[[16.662,45.2449],[16.6678,45.2457],[16.6795,45.2582],[16.7034,45.2672],[16.7118,45.2787],[16.7252,45.279],[16.725,45.2895],[16.7309,45.2927],[16.7957,45.2936],[16.7947,45.3013],[16.7801,45.3089],[16.7906,45.3265],[16.7892,45.3337],[16.7712,45.3329],[16.7641,45.3399],[16.7732,45.348],[16.7564,45.3478],[16.7523,45.353],[16.7576,45.3618],[16.7425,45.3643],[16.7225,45.3622],[16.7227,45.3503],[16.7136,45.3464],[16.7105,45.3531],[16.7195,45.3621],[16.6941,45.3518],[16.6887,45.3528],[16.67,45.3673],[16.6786,45.377],[16.6638,45.3813],[16.6664,45.3879],[16.6586,45.3916],[16.6463,45.3911],[16.6417,45.3832],[16.6359,45.3832],[16.6401,45.3909],[16.6252,45.3924],[16.6215,45.4091],[16.6017,45.4011],[16.5932,45.4181],[16.5833,45.4214],[16.5689,45.4112],[16.5373,45.4001],[16.5273,45.4014],[16.5213,45.4083],[16.5007,45.4144],[16.4907,45.4059],[16.4824,45.4063],[16.4763,45.401],[16.4675,45.403],[16.4546,45.4],[16.4302,45.4051],[16.4213,45.3966],[16.4147,45.3953],[16.4186,45.3755],[16.4237,45.3775],[16.4421,45.3684],[16.4489,45.3784],[16.4585,45.3703],[16.4548,45.3623],[16.4374,45.3526],[16.4206,45.3509],[16.4124,45.3449],[16.3996,45.341],[16.3948,45.336],[16.3996,45.3285],[16.4152,45.3219],[16.4189,45.3174],[16.4454,45.3192],[16.459,45.3242],[16.4642,45.3308],[16.4852,45.3298],[16.5027,45.3348],[16.5118,45.3335],[16.507,45.3188],[16.5348,45.3157],[16.5366,45.3329],[16.5483,45.3303],[16.5459,45.3266],[16.5568,45.3157],[16.5693,45.3088],[16.578,45.3],[16.5814,45.3062],[16.5984,45.2975],[16.6031,45.2896],[16.5985,45.2863],[16.6087,45.2705],[16.6223,45.2658],[16.6349,45.2682],[16.6396,45.2656],[16.6446,45.2721],[16.6577,45.2786],[16.6607,45.273],[16.6551,45.2658],[16.6522,45.2535],[16.662,45.2449]]]},"properties":{"name":"Općina Sunja","osm":"relation/8778893"}},
{"type":"Feature","geometry":{"type":"Polygon","coordinates":[[[16.8272,45.3499],[16.8602,45.3723],[16.8752,45.3693],[16.8753,45.3734],[16.8902,45.3685],[16.8997,45.3766],[16.9118,45.378],[16.9138,45.3916],[16.9325,45.3922],[16.9329,45.3982],[16.9511,45.4006],[16.952,45.421],[16.924,45.4223],[16.9134,45.4295],[16.8954,45.4286],[16.8859,45.4331],[16.8803,45.4423],[16.8713,45.4491],[16.8602,45.4502],[16.8536,45.4446],[16.8433,45.4463],[16.8348,45.4435],[16.8231,45.4453],[16.8162,45.4378],[16.7935,45.4276],[16.7727,45.4265],[16.7649,45.4213],[16.7502,45.4206],[16.7456,45.4148],[16.7491,45.4094],[16.7443,45.4046],[16.7625,45.3886],[16.7566,45.3723],[16.7645,45.3717],[16.7797,45.3626],[16.7779,45.3705],[16.7872,45.3762],[16.8077,45.3697],[16.8051,45.3665],[16.8272,45.3499]]]},"properties":{"name":"Općina Lipovljani","osm":"relation/8778894"}},
{"type":"Feature","geometry":{"type":"Polygon","coordinates":[[[16.7456,45.4148],[16.7344,45.4186],[16.7195,45.4106],[16.6975,45.4241],[16.6943,45.4309],[16.6941,45.4452],[16.6843,45.4488],[16.6897,45.4596],[16.6848,45.4672],[16.6797,45.4618],[16.6573,45.4609],[16.6172,45.4792],[16.6062,45.4812],[16.5984,45.4779],[16.5636,45.4886],[16.5567,45.5029],[16.541,45.4946],[16.5315,45.5194],[16.5161,45.5183],[16.5117,45.5222],[16.4931,45.5208],[16.4895,45.5162],[16.4847,45.51],[16.4641,45.5227],[16.4554,45.5245],[16.4499,45.5324],[16.432,45.5293],[16.4291,45.5373],[16.4235,45.531],[16.4071,45.5306],[16.4019,45.5271],[16.4007,45.5171],[16.4227,45.5203],[16.4157,45.5092],[16.4124,45.4927],[16.3967,45.4934],[16.3964,45.4992],[16.4092,45.5024],[16.4093,45.507],[16.3961,45.5046],[16.3611,45.513],[16.3529,45.522],[16.3565,45.5259],[16.342,45.5318],[16.3407,45.5381],[16.3461,45.5468],[16.3386,45.5547],[16.3456,45.561],[16.3303,45.5647],[16.3339,45.573],[16.3228,45.5741],[16.3158,45.5664],[16.2974,45.5759],[16.2839,45.5692],[16.2907,45.5526],[16.2668,45.5479],[16.2524,45.54],[16.2445,45.5313],[16.2445,45.5196],[16.2607,45.5025],[16.2572,45.4979],[16.2662,45.4944],[16.2732,45.4816],[16.2707,45.4671],[16.2729,45.462],[16.3023,45.4655],[16.31,45.4638],[16.3288,45.4727],[16.336,45.4578],[16.344,45.4546],[16.3541,45.445],[16.3648,45.4468],[16.3665,45.4335],[16.3612,45.4187],[16.3663,45.409],[16.3654,45.3939],[16.3744,45.3956],[16.3784,45.391],[16.3858,45.3992],[16.3957,45.3939],[16.383,45.38],[16.3874,45.3729],[16.3754,45.3669],[16.3858,45.3587],[16.3944,45.3477],[16.3876,45.345],[16.3885,45.3374],[16.3948,45.336],[16.3996,45.341],[16.4124,45.3449],[16.4206,45.3509],[16.4374,45.3526],[16.4548,45.3623],[16.4585,45.3703],[16.4489,45.3784],[16.4421,45.3684],[16.4237,45.3775],[16.4186,45.3755],[16.4147,45.3953],[16.4213,45.3966],[16.4302,45.4051],[16.4546,45.4],[16.4675,45.403],[16.4763,45.401],[16.4824,45.4063],[16.4907,45.4059],[16.5007,45.4144],[16.5213,45.4083],[16.5273,45.4014],[16.5373,45.4001],[16.5689,45.4112],[16.5833,45.4214],[16.5932,45.4181],[16.6017,45.4011],[16.6215,45.4091],[16.6252,45.3924],[16.6401,45.3909],[16.6359,45.3832],[16.6417,45.3832],[16.6463,45.3911],[16.6586,45.3916],[16.6664,45.3879],[16.6638,45.3813],[16.6786,45.377],[16.67,45.3673],[16.6887,45.3528],[16.6941,45.3518],[16.7195,45.3621],[16.7105,45.3531],[16.7136,45.3464],[16.7227,45.3503],[16.7225,45.3622],[16.7425,45.3643],[16.7576,45.3618],[16.7523,45.353],[16.7564,45.3478],[16.7732,45.348],[16.7734,45.3552],[16.7797,45.3626],[16.7645,45.3717],[16.7566,45.3723],[16.7625,45.3886],[16.7443,45.4046],[16.7491,45.4094],[16.7456,45.4148]]]},"properties":{"name":"Grad Sisak","osm":"relation/8778895"}},
{"type":"Feature","geometry":{"type":"Polygon","coordinates":[[[15.1907,45.1119],[15.1796,45.1039],[15.1641,45.1045],[15.1481,45.0949],[15.1447,45.0853],[15.129,45.0911],[15.1137,45.0886],[15.0589,45.1117],[15.0166,45.123],[15.0129,45.1193],[15.0199,45.1129],[15.0243,45.1021],[15.0236,45.0907],[15.0128,45.0785],[15.0157,45.0688],[15.0085,45.0695],[15.0178,45.0581],[15.0098,45.0504],[15.005,45.0392],[15.0155,45.0304],[15.0187,45.0096],[15.0155,45.0027],[15.0165,44.9858],[15.0217,44.9801],[15.0479,44.9625],[15.0625,44.9567],[15.0874,44.9517],[15.1005,44.9533],[15.1072,44.9503],[15.1203,44.9602],[15.1294,44.9716],[15.1582,44.9689],[15.1723,44.9699],[15.1866,44.9762],[15.2047,44.9787],[15.2053,44.9718],[15.2328,44.9557],[15.2453,44.9566],[15.2574,44.9611],[15.2669,44.9789],[15.2837,44.9862],[15.2946,44.9852],[15.313,44.9888],[15.3265,44.9824],[15.3269,44.9904],[15.3357,44.9934],[15.3321,45.0113],[15.342,45.0186],[15.3329,45.0211],[15.3151,45.0329],[15.3015,45.0496],[15.2736,45.0629],[15.2725,45.0685],[15.2542,45.0709],[15.235,45.0777],[15.2354,45.0824],[15.2216,45.0951],[15.2061,45.099],[15.2026,45.1063],[15.1907,45.1119]]]},"properties":{"name":"Općina Brinje","osm":"relation/8779153"}},
{"type":"Feature","geometry":{"type":"Polygon","coordinates":[[[15.4347,44.9403],[15.4216,44.9535],[15.4139,44.9754],[15.3984,44.9819],[15.393,44.9927],[15.3796,45.0031],[15.3801,45.0081],[15.3644,45.0178],[15.3468,45.0248],[15.342,45.0186],[15.3321,45.0113],[15.3357,44.9934],[15.3269,44.9904],[15.3265,44.9824],[15.313,44.9888],[15.2946,44.9852],[15.2837,44.9862],[15.2669,44.9789],[15.2574,44.9611],[15.2453,44.9566],[15.2328,44.9557],[15.2053,44.9718],[15.2047,44.9787],[15.1866,44.9762],[15.1723,44.9699],[15.1582,44.9689],[15.1294,44.9716],[15.1203,44.9602],[15.1072,44.9503],[15.1005,44.9533],[15.0874,44.9517],[15.0943,44.9445],[15.0877,44.9427],[15.0761,44.9303],[15.0892,44.9286],[15.091,44.9149],[15.0976,44.9041],[15.0941,44.8914],[15.0615,44.8855],[15.0492,44.8799],[15.0775,44.8622],[15.0887,44.8497],[15.0923,44.8347],[15.1022,44.8246],[15.109,44.8221],[15.1206,44.8095],[15.1255,44.8104],[15.1607,44.8046],[15.1775,44.8083],[15.1935,44.8019],[15.2149,44.7968],[15.2809,44.7891],[15.2848,44.7824],[15.3076,44.7813],[15.3153,44.7729],[15.3282,44.7531],[15.3654,44.7425],[15.3767,44.741],[15.3831,44.7487],[15.4202,44.7558],[15.4361,44.7417],[15.4525,44.7341],[15.4601,44.7364],[15.4656,44.7541],[15.4635,44.7631],[15.448,44.7747],[15.436,44.7946],[15.4229,44.806],[15.4097,44.8102],[15.3916,44.8268],[15.3776,44.829],[15.3591,44.8429],[15.346,44.849],[15.3331,44.8489],[15.3234,44.8621],[15.3406,44.872],[15.351,44.8708],[15.3574,44.8635],[15.3611,44.8691],[15.3713,44.8675],[15.3791,44.8712],[15.3737,44.8766],[15.3775,44.8841],[15.3985,44.8864],[15.4015,44.8889],[15.4222,44.8884],[15.4237,44.8828],[15.4382,44.8791],[15.4348,44.8873],[15.4478,44.8986],[15.4369,44.9149],[15.4413,44.924],[15.4347,44.9403]]]},"properties":{"name":"Grad Otočac","osm":"relation/8779154"}},
{"type":"Feature","geometry":{"type":"Polygon","coordinates":[[[15.4187,45.565],[15.4092,45.5617],[15.4081,45.5541],[15.401,45.5497],[15.3898,45.5363],[15.396,45.53],[15.3945,45.5209],[15.3992,45.5133],[15.3935,45.5075],[15.3718,45.5193],[15.3635,45.5315],[15.3435,45.5342],[15.3485,45.5499],[15.3235,45.552],[15.3212,45.544],[15.3076,45.5392],[15.3042,45.534],[15.3128,45.5324],[15.3154,45.5226],[15.3258,45.5202],[15.3318,45.5108],[15.3528,45.502],[15.3622,45.495],[15.37,45.4977],[15.3859,45.4885],[15.36,45.4772],[15.3463,45.4567],[15.3292,45.4528],[15.3222,45.4548],[15.3226,45.4471],[15.332,45.4357],[15.3465,45.435],[15.3566,45.4419],[15.3716,45.4461],[15.3791,45.4353],[15.3852,45.4327],[15.3987,45.4264],[15.4166,45.426],[15.4206,45.4332],[15.4311,45.4379],[15.4484,45.438],[15.4562,45.4354],[15.4644,45.4504],[15.4543,45.4619],[15.4679,45.4666],[15.4713,45.4645],[15.4761,45.4763],[15.4845,45.4822],[15.4888,45.4906],[15.4758,45.4985],[15.4687,45.4955],[15.4581,45.5005],[15.4581,45.5127],[15.477,45.5183],[15.4756,45.522],[15.4683,45.5206],[15.4514,45.5266],[15.4295,45.5448],[15.4341,45.547],[15.4283,45.5537],[15.4437,45.5605],[15.4273,45.5608],[15.4187,45.565]]]},"properties":{"name":"Općina Netretić","osm":"relation/8779269"}},
{"type":"Feature","geometry":{"type":"Polygon","coordinates":[[[15.6078,45.3883],[15.6102,45.3976],[15.601,45.3942],[15.5815,45.4036],[15.5726,45.4121],[15.5729,45.4231],[15.562,45.4295],[15.5672,45.4398],[15.5565,45.442],[15.5652,45.4477],[15.5619,45.4551],[15.5527,45.4496],[15.5252,45.4445],[15.5365,45.4396],[15.5331,45.4342],[15.5389,45.4296],[15.5311,45.4276],[15.5157,45.4108],[15.5175,45.4031],[15.5073,45.4],[15.5068,45.391],[15.4899,45.3923],[15.4841,45.386],[15.4737,45.3851],[15.475,45.3759],[15.4681,45.377],[15.4618,45.3678],[15.4544,45.3719],[15.4415,45.3681],[15.4373,45.3627],[15.4384,45.3508],[15.4473,45.345],[15.4524,45.3367],[15.4398,45.3163],[15.4253,45.3141],[15.4069,45.3148],[15.396,45.3229],[15.3908,45.3146],[15.3955,45.3053],[15.3945,45.2888],[15.3961,45.2696],[15.4123,45.2553],[15.4183,45.2563],[15.4262,45.2384],[15.4378,45.2321],[15.4466,45.2381],[15.4645,45.2394],[15.496,45.2263],[15.5024,45.226],[15.4962,45.2347],[15.5046,45.2638],[15.5223,45.27],[15.5416,45.269],[15.5464,45.2785],[15.5419,45.2834],[15.5207,45.3027],[15.4985,45.3064],[15.5075,45.3164],[15.5175,45.3198],[15.5185,45.3267],[15.5066,45.3401],[15.5115,45.3418],[15.5215,45.3322],[15.5443,45.3279],[15.5475,45.323],[15.5577,45.321],[15.5617,45.3391],[15.5533,45.3461],[15.5538,45.3569],[15.5646,45.3615],[15.5697,45.3678],[15.5635,45.3784],[15.5737,45.3756],[15.5836,45.3783],[15.5967,45.3741],[15.5982,45.3868],[15.6078,45.3883]]]},"properties":{"name":"Općina Barilović","osm":"relation/8779271"}},
{"type":"Feature","geometry":{"type":"Polygon","coordinates":[[[15.4166,45.426],[15.4238,45.4266],[15.4172,45.4163],[15.4078,45.4143],[15.4165,45.4095],[15.4219,45.4122],[15.427,45.4064],[15.418,45.399],[15.4135,45.3905],[15.4242,45.389],[15.4172,45.3807],[15.4211,45.3768],[15.4368,45.4006],[15.4509,45.4049],[15.4532,45.3966],[15.4737,45.3851],[15.4841,45.386],[15.4899,45.3923],[15.5068,45.391],[15.5073,45.4],[15.5175,45.4031],[15.5157,45.4108],[15.5311,45.4276],[15.5389,45.4296],[15.5331,45.4342],[15.5365,45.4396],[15.5252,45.4445],[15.5258,45.464],[15.5134,45.4649],[15.5058,45.4785],[15.4982,45.4769],[15.4968,45.4828],[15.4845,45.4822],[15.4761,45.4763],[15.4713,45.4645],[15.4679,45.4666],[15.4543,45.4619],[15.4644,45.4504],[15.4562,45.4354],[15.4484,45.438],[15.4311,45.4379],[15.4206,45.4332],[15.4166,45.426]]]},"properties":{"name":"Grad Duga Resa","osm":"relation/8779272"}},
{"type":"Feature","geometry":{"type":"Polygon","coordinates":[[[15.2932,45.342],[15.2988,45.3376],[15.3292,45.3279],[15.3504,45.3252],[15.3545,45.3386],[15.3593,45.331],[15.371,45.3312],[15.3819,45.3192],[15.3908,45.3146],[15.396,45.3229],[15.4069,45.3148],[15.4253,45.3141],[15.4398,45.3163],[15.4524,45.3367],[15.4473,45.345],[15.4384,45.3508],[15.4373,45.3627],[15.4415,45.3681],[15.4544,45.3719],[15.4618,45.3678],[15.4681,45.377],[15.475,45.3759],[15.4737,45.3851],[15.4532,45.3966],[15.4509,45.4049],[15.4368,45.4006],[15.4211,45.3768],[15.4172,45.3807],[15.4242,45.389],[15.4135,45.3905],[15.418,45.399],[15.427,45.4064],[15.4219,45.4122],[15.4165,45.4095],[15.4078,45.4143],[15.4172,45.4163],[15.4238,45.4266],[15.4166,45.426],[15.3987,45.4264],[15.3852,45.4327],[15.3755,45.4238],[15.3758,45.411],[15.3619,45.4025],[15.3484,45.405],[15.3401,45.3974],[15.3281,45.3951],[15.318,45.3856],[15.318,45.3699],[15.3321,45.3648],[15.3464,45.3495],[15.3443,45.3479],[15.3181,45.3527],[15.3093,45.3571],[15.3022,45.3558],[15.2891,45.3461],[15.2932,45.342]]]},"properties":{"name":"Općina Generalski Stol","osm":"relation/8779273"}},
{"type":"Feature","geometry":{"type":"Polygon","coordinates":[[[14.9908,45.312],[14.9788,45.2924],[14.9895,45.2836],[14.9612,45.2736],[14.9709,45.267],[14.9903,45.247],[14.9821,45.2407],[14.9891,45.2337],[14.9749,45.2339],[14.9902,45.2057],[14.9811,45.1914],[14.9768,45.1753],[14.9756,45.1598],[14.9795,45.1504],[15.0121,45.1327],[15.0166,45.123],[15.0589,45.1117],[15.1137,45.0886],[15.129,45.0911],[15.1447,45.0853],[15.1481,45.0949],[15.1641,45.1045],[15.1796,45.1039],[15.1907,45.1119],[15.1842,45.1195],[15.1873,45.1258],[15.1751,45.1459],[15.164,45.149],[15.1598,45.1622],[15.174,45.1572],[15.1887,45.1652],[15.2,45.1568],[15.2281,45.1495],[15.2568,45.1643],[15.2561,45.1736],[15.266,45.178],[15.2582,45.1842],[15.2521,45.1954],[15.2436,45.2177],[15.2501,45.218],[15.2599,45.2257],[15.2582,45.2316],[15.2715,45.2429],[15.2694,45.2472],[15.2788,45.2606],[15.2767,45.2753],[15.2681,45.2773],[15.2858,45.2851],[15.2965,45.2818],[15.2999,45.2748],[15.3093,45.2781],[15.318,45.2891],[15.3377,45.2899],[15.3721,45.2762],[15.3791,45.276],[15.3885,45.2696],[15.3961,45.2696],[15.3945,45.2888],[15.3955,45.3053],[15.3908,45.3146],[15.3819,45.3192],[15.371,45.3312],[15.3593,45.331],[15.3545,45.3386],[15.3504,45.3252],[15.3292,45.3279],[15.2988,45.3376],[15.2932,45.342],[15.2768,45.3254],[15.2693,45.3345],[15.254,45.336],[15.2382,45.3329],[15.2267,45.3418],[15.2201,45.3411],[15.2134,45.3517],[15.2331,45.352],[15.2524,45.3602],[15.2535,45.3824],[15.2275,45.3908],[15.2187,45.389],[15.2119,45.3689],[15.1889,45.3491],[15.1797,45.3462],[15.1766,45.3366],[15.1819,45.332],[15.1768,45.3273],[15.1828,45.323],[15.1769,45.312],[15.1461,45.3038],[15.1389,45.3062],[15.1236,45.3044],[15.1085,45.2785],[15.0842,45.2846],[15.0893,45.2985],[15.0673,45.2964],[15.0481,45.2966],[15.0327,45.3026],[15.0299,45.3135],[15.021,45.324],[15.0158,45.3204],[14.9908,45.312]]]},"properties":{"name":"Grad Ogulin","osm":"relation/8779274"}},
{"type":"Feature","geometry":{"type":"Polygon","coordinates":[[[15.3912,45.5971],[15.4048,45.6094],[15.3976,45.6141],[15.4093,45.6188],[15.4101,45.6278],[15.4209,45.6337],[15.4062,45.6477],[15.3894,45.6375],[15.3625,45.6445],[15.3675,45.6279],[15.3705,45.6076],[15.3776,45.6069],[15.3824,45.5995],[15.3912,45.5971]]]},"properties":{"name":"Općina Kamanje","osm":"relation/8779365"}},
{"type":"Feature","geometry":{"type":"Polygon","coordinates":[[[15.3235,45.552],[15.3209,45.5714],[15.3257,45.5798],[15.317,45.5885],[15.3256,45.5937],[15.3379,45.5907],[15.3504,45.5959],[15.3703,45.5811],[15.3784,45.5785],[15.3867,45.5818],[15.3942,45.5904],[15.4013,45.5898],[15.3912,45.5971],[15.3824,45.5995],[15.3776,45.6069],[15.3705,45.6076],[15.3675,45.6279],[15.3625,45.6445],[15.3437,45.646],[15.3508,45.6367],[15.34,45.6332],[15.3288,45.6351],[15.3061,45.6323],[15.3015,45.624],[15.3083,45.6152],[15.2934,45.6126],[15.277,45.6043],[15.2848,45.5951],[15.2986,45.5847],[15.2989,45.5473],[15.3042,45.534],[15.3076,45.5392],[15.3212,45.544],[15.3235,45.552]]]},"properties":{"name":"Općina Žakanje","osm":"relation/8779366"}},
{"type":"Feature","geometry":{"type":"Polygon","coordinates":[[[15.4013,45.5898],[15.3942,45.5904],[15.3867,45.5818],[15.3784,45.5785],[15.3703,45.5811],[15.3504,45.5959],[15.3379,45.5907],[15.3256,45.5937],[15.317,45.5885],[15.3257,45.5798],[15.3209,45.5714],[15.3235,45.552],[15.3485,45.5499],[15.3435,45.5342],[15.3635,45.5315],[15.3718,45.5193],[15.3935,45.5075],[15.3992,45.5133],[15.3945,45.5209],[15.396,45.53],[15.3898,45.5363],[15.401,45.5497],[15.4081,45.5541],[15.4092,45.5617],[15.4187,45.565],[15.4061,45.5763],[15.4079,45.5855],[15.4013,45.5898]]]},"properties":{"name":"Općina Ribnik","osm":"relation/8779367"}},
{"type":"Feature","geometry":{"type":"Polygon","coordinates":[[[15.9312,44.5084],[15.945,44.5036],[15.9641,44.5074],[15.9902,44.4978],[15.9977,44.4897],[16.0053,44.4878],[16.0303,44.4653],[16.0331,44.4453],[16.0515,44.4288],[16.0585,44.4259],[16.0558,44.4504],[16.0578,44.4567],[16.0499,44.4677],[16.0642,44.4644],[16.0696,44.4507],[16.0815,44.4464],[16.0959,44.4471],[16.1128,44.4519],[16.123,44.4607],[16.1206,44.4514],[16.1323,44.4545],[16.1377,44.4639],[16.1357,44.4718],[16.1405,44.4803],[16.1302,44.4864],[16.1308,44.4927],[16.1233,44.5008],[16.1227,44.5114],[16.1053,44.5274],[16.0793,44.5357],[16.0565,44.5378],[16.0458,44.5468],[16.0186,44.5628],[16.0166,44.584],[16.0224,44.5891],[16.0413,44.5888],[16.0511,44.5964],[16.0431,44.6005],[16.0467,44.6087],[16.058,44.6082],[16.0548,44.6123],[16.0546,44.6257],[16.0429,44.6294],[16.0425,44.6359],[16.032,44.6482],[16.0303,44.6544],[16.0221,44.6568],[16.0121,44.6546],[15.997,44.6598],[15.9871,44.6682],[15.9765,44.6707],[15.968,44.6782],[15.9652,44.6914],[15.9592,44.6925],[15.9528,44.7009],[15.9535,44.7115],[15.9374,44.7107],[15.9326,44.7075],[15.9263,44.7177],[15.9123,44.7332],[15.8945,44.7494],[15.8838,44.7439],[15.8808,44.7291],[15.8726,44.7269],[15.8651,44.7333],[15.8529,44.7363],[15.8351,44.7141],[15.8558,44.701],[15.8583,44.691],[15.8705,44.6808],[15.8811,44.6756],[15.8853,44.6615],[15.8804,44.6483],[15.865,44.6489],[15.862,44.6451],[15.8726,44.6346],[15.8563,44.6359],[15.8626,44.618],[15.8704,44.6025],[15.8788,44.5973],[15.8764,44.5679],[15.8824,44.5557],[15.8953,44.5492],[15.9085,44.5366],[15.9056,44.5287],[15.9294,44.5161],[15.9312,44.5084]]]},"properties":{"name":"Općina Donji Lapac","osm":"relation/8779538"}},
{"type":"Feature","geometry":{"type":"Polygon","coordinates":[[[15.4013,45.5898],[15.4079,45.5855],[15.4061,45.5763],[15.4187,45.565],[15.4273,45.5608],[15.4437,45.5605],[15.4283,45.5537],[15.4341,45.547],[15.4295,45.5448],[15.4514,45.5266],[15.4683,45.5206],[15.4756,45.522],[15.4775,45.529],[15.4851,45.532],[15.4829,45.5376],[15.4679,45.5459],[15.4826,45.5576],[15.4975,45.5571],[15.5081,45.56],[15.517,45.5581],[15.524,45.5493],[15.5249,45.5562],[15.5183,45.5615],[15.5239,45.5809],[15.5386,45.5809],[15.5439,45.5868],[15.5629,45.5897],[15.5536,45.5996],[15.5265,45.611],[15.5179,45.6078],[15.5049,45.6151],[15.5131,45.62],[15.5126,45.6308],[15.5174,45.635],[15.5118,45.6411],[15.4992,45.6433],[15.4891,45.6495],[15.4743,45.6526],[15.4637,45.6611],[15.4589,45.6706],[15.4431,45.6751],[15.4558,45.6801],[15.4461,45.6867],[15.4201,45.6954],[15.4189,45.6873],[15.4046,45.6924],[15.4058,45.7036],[15.3966,45.7035],[15.3813,45.7114],[15.3723,45.7124],[15.3711,45.7211],[15.3475,45.7351],[15.3346,45.7341],[15.328,45.7431],[15.3358,45.7535],[15.3297,45.7625],[15.3,45.7543],[15.2949,45.7477],[15.2748,45.7401],[15.2593,45.7242],[15.2568,45.7188],[15.2674,45.7169],[15.2697,45.7073],[15.2811,45.7107],[15.2878,45.7057],[15.2886,45.6921],[15.3004,45.6918],[15.3022,45.699],[15.3094,45.6954],[15.3056,45.6888],[15.3175,45.6783],[15.3263,45.6756],[15.3184,45.6948],[15.3354,45.7052],[15.3398,45.7146],[15.3582,45.7133],[15.3593,45.6974],[15.3648,45.6973],[15.3587,45.6848],[15.3501,45.6833],[15.3481,45.6711],[15.3629,45.6781],[15.3692,45.6861],[15.377,45.6767],[15.3915,45.6674],[15.395,45.6542],[15.4062,45.6477],[15.4209,45.6337],[15.4101,45.6278],[15.4093,45.6188],[15.3976,45.6141],[15.4048,45.6094],[15.3912,45.5971],[15.4013,45.5898]]]},"properties":{"name":"Grad Ozalj","osm":"relation/8780964"}},
{"type":"Feature","geometry":{"type":"Polygon","coordinates":[[[17.1917,45.2334],[17.2048,45.2236],[17.2108,45.2101],[17.2366,45.2103],[17.2364,45.2169],[17.237,45.2203],[17.2277,45.2441],[17.248,45.2416],[17.28,45.2528],[17.286,45.2585],[17.2875,45.2726],[17.3057,45.2815],[17.3084,45.2864],[17.3012,45.2917],[17.2841,45.2863],[17.2759,45.2976],[17.2624,45.3012],[17.2578,45.2964],[17.2465,45.295],[17.2422,45.2898],[17.2241,45.2967],[17.2172,45.2795],[17.2101,45.2506],[17.1969,45.2413],[17.1917,45.2334]]]},"properties":{"name":"Općina Gornji Bogićevci","osm":"relation/8781202"}},
{"type":"Feature","geometry":{"type":"Polygon","coordinates":[[[17.3278,45.2073],[17.3344,45.2328],[17.3447,45.2528],[17.3398,45.2543],[17.3457,45.267],[17.3409,45.267],[17.3368,45.2811],[17.3388,45.2925],[17.3223,45.2897],[17.3038,45.2949],[17.3012,45.2917],[17.3084,45.2864],[17.3057,45.2815],[17.2875,45.2726],[17.286,45.2585],[17.28,45.2528],[17.248,45.2416],[17.2277,45.2441],[17.237,45.2203],[17.2364,45.2169],[17.2566,45.2111],[17.2587,45.1953],[17.2779,45.1913],[17.2835,45.1849],[17.2956,45.1843],[17.3228,45.1977],[17.3278,45.2073]]]},"properties":{"name":"Općina Dragalić","osm":"relation/8781203"}},
{"type":"Feature","geometry":{"type":"Polygon","coordinates":[[[17.3056,45.1768],[17.3111,45.1743],[17.3143,45.1646],[17.3316,45.1642],[17.3283,45.154],[17.3485,45.1407],[17.3699,45.1373],[17.3879,45.1374],[17.4118,45.1344],[17.4314,45.1442],[17.4409,45.1602],[17.436,45.1679],[17.4431,45.1663],[17.4397,45.1749],[17.4576,45.1736],[17.4513,45.1799],[17.4562,45.1849],[17.4554,45.2076],[17.4573,45.2115],[17.4448,45.2125],[17.4576,45.2296],[17.4114,45.2275],[17.4077,45.2161],[17.3954,45.2154],[17.3956,45.208],[17.3835,45.2076],[17.3846,45.1987],[17.3732,45.1955],[17.3659,45.1874],[17.3504,45.1885],[17.3473,45.1948],[17.3319,45.1987],[17.3364,45.2115],[17.3278,45.2073],[17.3228,45.1977],[17.2956,45.1843],[17.3056,45.1768]]]},"properties":{"name":"Općina Vrbje","osm":"relation/8781204"}},
{"type":"Feature","geometry":{"type":"Polygon","coordinates":[[[17.1917,45.2334],[17.1909,45.2277],[17.1718,45.2246],[17.156,45.2145],[17.1322,45.2122],[17.1374,45.2004],[17.1212,45.1944],[17.1187,45.19],[17.1275,45.1851],[17.1353,45.1732],[17.1442,45.1658],[17.1413,45.1634],[17.1743,45.1481],[17.1908,45.1467],[17.2064,45.149],[17.2166,45.1461],[17.2457,45.146],[17.2563,45.1566],[17.2616,45.1719],[17.2703,45.188],[17.2754,45.1888],[17.288,45.1753],[17.3056,45.1768],[17.2956,45.1843],[17.2835,45.1849],[17.2779,45.1913],[17.2587,45.1953],[17.2566,45.2111],[17.2364,45.2169],[17.2366,45.2103],[17.2108,45.2101],[17.2048,45.2236],[17.1917,45.2334]]]},"properties":{"name":"Općina Stara Gradiška","osm":"relation/8781205"}},
{"type":"Feature","geometry":{"type":"Polygon","coordinates":[[[17.1917,45.2334],[17.1969,45.2413],[17.2101,45.2506],[17.2172,45.2795],[17.2241,45.2967],[17.2422,45.2898],[17.2465,45.295],[17.2578,45.2964],[17.2624,45.3012],[17.2759,45.2976],[17.2841,45.2863],[17.3012,45.2917],[17.3038,45.2949],[17.311,45.3156],[17.3073,45.337],[17.3018,45.3428],[17.3057,45.3476],[17.3347,45.3675],[17.3025,45.3667],[17.2803,45.3742],[17.2692,45.3876],[17.2487,45.3895],[17.2408,45.392],[17.2143,45.3793],[17.2024,45.368],[17.1903,45.3606],[17.1846,45.3519],[17.176,45.3486],[17.1804,45.3421],[17.1929,45.3342],[17.1928,45.3259],[17.1751,45.3242],[17.177,45.3161],[17.1688,45.3138],[17.1813,45.3041],[17.1889,45.2935],[17.1723,45.2966],[17.1546,45.2877],[17.1362,45.2628],[17.1274,45.258],[17.1003,45.2507],[17.0847,45.2383],[17.0817,45.2214],[17.0738,45.2177],[17.0799,45.2125],[17.0962,45.2142],[17.0931,45.2088],[17.1191,45.1977],[17.1212,45.1944],[17.1374,45.2004],[17.1322,45.2122],[17.156,45.2145],[17.1718,45.2246],[17.1909,45.2277],[17.1917,45.2334]]]},"properties":{"name":"Općina Okućani","osm":"relation/8781206"}},
{"type":"Feature","geometry":{"type":"Polygon","coordinates":[[[17.3388,45.2925],[17.3649,45.2899],[17.3638,45.2836],[17.3762,45.2727],[17.384,45.2696],[17.3955,45.2816],[17.4035,45.2798],[17.4066,45.2829],[17.4349,45.2895],[17.4444,45.2985],[17.4542,45.3005],[17.4585,45.3084],[17.4692,45.3091],[17.472,45.3136],[17.4808,45.3103],[17.5094,45.3096],[17.4932,45.3209],[17.4851,45.3347],[17.4901,45.3459],[17.4727,45.347],[17.4606,45.3507],[17.4488,45.358],[17.4477,45.3643],[17.4366,45.3688],[17.4261,45.3801],[17.4143,45.3834],[17.4045,45.3917],[17.3895,45.3914],[17.3732,45.3832],[17.3567,45.3815],[17.3373,45.3844],[17.3347,45.3675],[17.3057,45.3476],[17.3018,45.3428],[17.3073,45.337],[17.311,45.3156],[17.3038,45.2949],[17.3223,45.2897],[17.3388,45.2925]]]},"properties":{"name":"Općina Cernik","osm":"relation/8781207"}},
{"type":"Feature","geometry":{"type":"Polygon","coordinates":[[[17.3278,45.2073],[17.3364,45.2115],[17.3319,45.1987],[17.3473,45.1948],[17.3504,45.1885],[17.3659,45.1874],[17.3732,45.1955],[17.3846,45.1987],[17.3835,45.2076],[17.3956,45.208],[17.3954,45.2154],[17.4077,45.2161],[17.4114,45.2275],[17.3951,45.2265],[17.4046,45.2459],[17.4035,45.2798],[17.3955,45.2816],[17.384,45.2696],[17.3762,45.2727],[17.3638,45.2836],[17.3649,45.2899],[17.3388,45.2925],[17.3368,45.2811],[17.3409,45.267],[17.3457,45.267],[17.3398,45.2543],[17.3447,45.2528],[17.3344,45.2328],[17.3278,45.2073]]]},"properties":{"name":"Grad Nova Gradiška","osm":"relation/8781208"}},
{"type":"Feature","geometry":{"type":"Polygon","coordinates":[[[17.6026,45.107],[17.6116,45.113],[17.6229,45.1135],[17.6335,45.1235],[17.6477,45.1304],[17.6679,45.1339],[17.6773,45.1309],[17.6944,45.1158],[17.7187,45.1094],[17.7307,45.1006],[17.7638,45.084],[17.7797,45.0844],[17.793,45.0744],[17.8124,45.0733],[17.8126,45.0794],[17.7977,45.0852],[17.7978,45.0949],[17.7859,45.1015],[17.787,45.1106],[17.7791,45.1101],[17.7783,45.1163],[17.7891,45.1246],[17.788,45.133],[17.7834,45.1561],[17.7868,45.1594],[17.7767,45.1765],[17.7829,45.1862],[17.7799,45.1904],[17.7659,45.1874],[17.7582,45.1818],[17.7538,45.1859],[17.743,45.1841],[17.7234,45.1873],[17.7222,45.1939],[17.7061,45.1981],[17.6998,45.204],[17.6907,45.2031],[17.694,45.1926],[17.6833,45.1717],[17.6736,45.1661],[17.6574,45.1619],[17.6439,45.1538],[17.6532,45.1493],[17.6581,45.14],[17.6425,45.1323],[17.6284,45.1366],[17.6234,45.1263],[17.6335,45.1261],[17.6251,45.1167],[17.6099,45.114],[17.6026,45.107]]]},"properties":{"name":"Općina Oriovac","osm":"relation/8792688"}},
{"type":"Feature","geometry":{"type":"Polygon","coordinates":[[[17.7799,45.1904],[17.7829,45.1862],[17.7767,45.1765],[17.7868,45.1594],[17.7834,45.1561],[17.788,45.133],[17.7973,45.1346],[17.822,45.1329],[17.8192,45.1435],[17.8413,45.1431],[17.8488,45.1461],[17.8714,45.1385],[17.8664,45.1659],[17.8759,45.1841],[17.8745,45.19],[17.8805,45.1975],[17.8758,45.2085],[17.865,45.2119],[17.8432,45.2142],[17.8363,45.2191],[17.8189,45.2068],[17.7992,45.2109],[17.7927,45.2193],[17.7831,45.2171],[17.7882,45.2099],[17.7835,45.2062],[17.7908,45.2011],[17.7749,45.2012],[17.7704,45.1961],[17.7799,45.1904]]]},"properties":{"name":"Općina Brodski Stupnik","osm":"relation/8792689"}},
{"type":"Feature","geometry":{"type":"Polygon","coordinates":[[[17.9383,45.1344],[17.9462,45.1364],[17.9465,45.1462],[17.9634,45.1562],[17.9528,45.1659],[17.9639,45.17],[17.9642,45.1861],[17.9687,45.2006],[17.974,45.1996],[17.969,45.2161],[17.9567,45.2041],[17.9508,45.2197],[17.9301,45.228],[17.9268,45.2383],[17.9313,45.2521],[17.9273,45.2605],[17.9353,45.2723],[17.9288,45.2769],[17.9328,45.2886],[17.9249,45.2872],[17.9155,45.2885],[17.8935,45.2857],[17.8825,45.2675],[17.8836,45.256],[17.8653,45.2475],[17.8614,45.2413],[17.8508,45.2376],[17.8483,45.2326],[17.8382,45.2293],[17.8363,45.2191],[17.8432,45.2142],[17.865,45.2119],[17.8758,45.2085],[17.8805,45.1975],[17.8745,45.19],[17.8759,45.1841],[17.8664,45.1659],[17.8714,45.1385],[17.8823,45.1312],[17.9145,45.1358],[17.9383,45.1344]]]},"properties":{"name":"Općina Sibinj","osm":"relation/8792690"}},
{"type":"Feature","geometry":{"type":"Polygon","coordinates":[[[17.974,45.1996],[17.9905,45.1968],[17.9998,45.2011],[18.011,45.1995],[18.0178,45.2037],[18.0319,45.2051],[18.0423,45.198],[18.0412,45.1879],[18.0542,45.191],[18.0589,45.199],[18.0544,45.2073],[18.0618,45.218],[18.0685,45.2215],[18.0753,45.2156],[18.0819,45.2219],[18.0761,45.245],[18.082,45.2467],[18.0829,45.2602],[18.0723,45.2657],[18.0521,45.2706],[18.0285,45.2789],[17.9704,45.2871],[17.9594,45.286],[17.9328,45.2886],[17.9288,45.2769],[17.9353,45.2723],[17.9273,45.2605],[17.9313,45.2521],[17.9268,45.2383],[17.9301,45.228],[17.9508,45.2197],[17.9567,45.2041],[17.969,45.2161],[17.974,45.1996]]]},"properties":{"name":"Općina Podcrkavlje","osm":"relation/8792691"}},
{"type":"Feature","geometry":{"type":"Polygon","coordinates":[[[18.0607,45.1798],[18.0994,45.1746],[18.0946,45.1854],[18.1162,45.1922],[18.1181,45.197],[18.1329,45.1991],[18.1324,45.2066],[18.1234,45.2033],[18.1199,45.2148],[18.1098,45.2179],[18.1118,45.2267],[18.099,45.2386],[18.1015,45.2566],[18.0829,45.2602],[18.082,45.2467],[18.0761,45.245],[18.0819,45.2219],[18.0753,45.2156],[18.0685,45.2215],[18.0618,45.218],[18.0544,45.2073],[18.0589,45.199],[18.0542,45.191],[18.0412,45.1879],[18.0447,45.1826],[18.0607,45.1798]]]},"properties":{"name":"Općina Bukovlje","osm":"relation/8792692"}},
{"type":"Feature","geometry":{"type":"Polygon","coordinates":[[[18.0606,45.1463],[18.0643,45.1497],[18.0779,45.1498],[18.0877,45.1532],[18.0882,45.148],[18.111,45.1454],[18.1186,45.1404],[18.1379,45.1356],[18.1408,45.1499],[18.1331,45.1503],[18.134,45.1654],[18.126,45.1655],[18.1175,45.1739],[18.0994,45.1746],[18.0607,45.1798],[18.0553,45.1705],[18.0537,45.15],[18.0606,45.1463]]]},"properties":{"name":"Općina Gornja Vrba","osm":"relation/8792693"}},
{"type":"Feature","geometry":{"type":"Polygon","coordinates":[[[18.0598,45.1434],[18.0723,45.14],[18.0844,45.1222],[18.0839,45.116],[18.0716,45.11],[18.076,45.1044],[18.0979,45.0959],[18.1113,45.0826],[18.1237,45.0804],[18.1386,45.0853],[18.1488,45.0854],[18.172,45.0772],[18.1881,45.0768],[18.2071,45.0833],[18.2214,45.0969],[18.2125,45.1071],[18.1959,45.1073],[18.185,45.1177],[18.161,45.1129],[18.1489,45.1155],[18.1465,45.1341],[18.1379,45.1356],[18.1186,45.1404],[18.111,45.1454],[18.0882,45.148],[18.0877,45.1532],[18.0779,45.1498],[18.0643,45.1497],[18.0606,45.1463],[18.0598,45.1434]]]},"properties":{"name":"Općina Klakar","osm":"relation/8792694"}},
{"type":"Feature","geometry":{"type":"Polygon","coordinates":[[[17.9478,45.1116],[17.9603,45.1119],[17.9745,45.1233],[17.9769,45.1347],[17.988,45.1457],[18.0106,45.1517],[18.0188,45.1496],[18.0342,45.1261],[18.0414,45.1287],[18.0447,45.1396],[18.0598,45.1434],[18.0606,45.1463],[18.0537,45.15],[18.0553,45.1705],[18.0607,45.1798],[18.0447,45.1826],[18.0412,45.1879],[18.0423,45.198],[18.0319,45.2051],[18.0178,45.2037],[18.011,45.1995],[17.9998,45.2011],[17.9905,45.1968],[17.974,45.1996],[17.9687,45.2006],[17.9642,45.1861],[17.9639,45.17],[17.9528,45.1659],[17.9634,45.1562],[17.9465,45.1462],[17.9462,45.1364],[17.9383,45.1344],[17.9473,45.1179],[17.9478,45.1116]]]},"properties":{"name":"Grad Slavonski Brod","osm":"relation/8792695"}},
{"type":"Feature","geometry":{"type":"Polygon","coordinates":[[[17.6941,45.2706],[17.6826,45.2696],[17.6635,45.2727],[17.6089,45.2682],[17.602,45.2706],[17.6043,45.2541],[17.5988,45.238],[17.6006,45.2267],[17.5956,45.2242],[17.5977,45.2116],[17.5867,45.1953],[17.5919,45.1936],[17.5883,45.1808],[17.5875,45.1554],[17.5801,45.1565],[17.5802,45.1487],[17.5684,45.1529],[17.5523,45.1485],[17.5523,45.1451],[17.566,45.1387],[17.5657,45.1216],[17.5755,45.1162],[17.5914,45.1072],[17.6026,45.107],[17.6099,45.114],[17.6251,45.1167],[17.6335,45.1261],[17.6234,45.1263],[17.6284,45.1366],[17.6425,45.1323],[17.6581,45.14],[17.6532,45.1493],[17.6439,45.1538],[17.6574,45.1619],[17.6736,45.1661],[17.6833,45.1717],[17.694,45.1926],[17.6907,45.2031],[17.6998,45.204],[17.7129,45.2068],[17.7164,45.2132],[17.7039,45.2387],[17.7094,45.2505],[17.7018,45.2574],[17.6941,45.2706]]]},"properties":{"name":"Općina Nova Kapela","osm":"relation/8792696"}},
{"type":"Feature","geometry":{"type":"Polygon","coordinates":[[[17.4562,45.1849],[17.4749,45.1825],[17.4756,45.1659],[17.5008,45.1605],[17.5113,45.1523],[17.5281,45.1522],[17.5523,45.1485],[17.5684,45.1529],[17.5802,45.1487],[17.5801,45.1565],[17.5875,45.1554],[17.5883,45.1808],[17.5919,45.1936],[17.5867,45.1953],[17.5977,45.2116],[17.5956,45.2242],[17.6006,45.2267],[17.5988,45.238],[17.6043,45.2541],[17.602,45.2706],[17.5672,45.2818],[17.5508,45.2977],[17.5228,45.3061],[17.5158,45.3055],[17.5067,45.3051],[17.4971,45.292],[17.5077,45.2776],[17.4995,45.2583],[17.4863,45.2444],[17.4796,45.2421],[17.4757,45.2345],[17.4703,45.2358],[17.4611,45.2122],[17.4573,45.2115],[17.4554,45.2076],[17.4562,45.1849]]]},"properties":{"name":"Općina Staro Petrovo Selo","osm":"relation/8792697"}},
{"type":"Feature","geometry":{"type":"Polygon","coordinates":[[[17.4409,45.1602],[17.4526,45.1581],[17.4553,45.1478],[17.4487,45.1311],[17.4522,45.1265],[17.4736,45.1274],[17.4853,45.1367],[17.4924,45.1354],[17.4921,45.1236],[17.4797,45.1143],[17.4888,45.1099],[17.5019,45.1149],[17.5126,45.109],[17.5321,45.1095],[17.5408,45.1173],[17.5393,45.125],[17.548,45.1299],[17.554,45.1278],[17.5571,45.1181],[17.5552,45.1088],[17.5659,45.1099],[17.5755,45.1162],[17.5657,45.1216],[17.566,45.1387],[17.5523,45.1451],[17.5523,45.1485],[17.5281,45.1522],[17.5113,45.1523],[17.5008,45.1605],[17.4756,45.1659],[17.4749,45.1825],[17.4562,45.1849],[17.4513,45.1799],[17.4576,45.1736],[17.4397,45.1749],[17.4431,45.1663],[17.436,45.1679],[17.4409,45.1602]]]},"properties":{"name":"Općina Davor","osm":"relation/8792698"}},
{"type":"Feature","geometry":{"type":"Polygon","coordinates":[[[17.4114,45.2275],[17.4576,45.2296],[17.4448,45.2125],[17.4573,45.2115],[17.4611,45.2122],[17.4703,45.2358],[17.4757,45.2345],[17.4796,45.2421],[17.4863,45.2444],[17.4995,45.2583],[17.5077,45.2776],[17.4971,45.292],[17.5067,45.3051],[17.5158,45.3055],[17.5094,45.3096],[17.4808,45.3103],[17.472,45.3136],[17.4692,45.3091],[17.4585,45.3084],[17.4542,45.3005],[17.4444,45.2985],[17.4349,45.2895],[17.4066,45.2829],[17.4035,45.2798],[17.4046,45.2459],[17.3951,45.2265],[17.4114,45.2275]]]},"properties":{"name":"Općina Rešetari","osm":"relation/8792699"}},
{"type":"Feature","geometry":{"type":"Polygon","coordinates":[[[18.2931,45.4517],[18.2957,45.4297],[18.3235,45.4291],[18.3273,45.4352],[18.3566,45.438],[18.3568,45.4414],[18.3809,45.441],[18.4051,45.4224],[18.3893,45.4094],[18.4159,45.4158],[18.4206,45.4067],[18.4311,45.406],[18.4373,45.4168],[18.4477,45.4222],[18.4557,45.4353],[18.4616,45.4344],[18.4627,45.4405],[18.4495,45.441],[18.4462,45.4588],[18.4418,45.4611],[18.4516,45.4698],[18.4386,45.4656],[18.4158,45.4596],[18.4037,45.4592],[18.3987,45.4646],[18.3778,45.463],[18.365,45.4552],[18.3482,45.4509],[18.3436,45.4534],[18.3184,45.4475],[18.308,45.4512],[18.2931,45.4517]]]},"properties":{"name":"Općina Punitovci","osm":"relation/8793069"}},
{"type":"Feature","geometry":{"type":"Polygon","coordinates":[[[18.1619,45.4207],[18.1503,45.4214],[18.1454,45.4342],[18.1374,45.4357],[18.1446,45.4439],[18.1414,45.4466],[18.174,45.4652],[18.1684,45.4665],[18.1667,45.4764],[18.1725,45.4807],[18.1714,45.4872],[18.1853,45.492],[18.1945,45.49],[18.2051,45.5047],[18.2072,45.5159],[18.2012,45.5183],[18.193,45.5142],[18.1765,45.5192],[18.172,45.5262],[18.1775,45.535],[18.1892,45.5376],[18.1866,45.5496],[18.1934,45.5608],[18.2085,45.5581],[18.2159,45.5773],[18.205,45.5767],[18.2017,45.5812],[18.1924,45.5784],[18.1826,45.5816],[18.1618,45.5817],[18.151,45.5759],[18.1461,45.5576],[18.1302,45.5589],[18.1308,45.5616],[18.1141,45.563],[18.1118,45.5568],[18.1034,45.554],[18.0965,45.5265],[18.0921,45.5279],[18.0869,45.5179],[18.076,45.5251],[18.0572,45.5158],[18.0515,45.5217],[18.0505,45.5067],[18.0462,45.498],[18.0348,45.4903],[18.0438,45.4896],[18.0382,45.4747],[18.0246,45.4673],[18.0104,45.4514],[17.9995,45.4534],[17.9856,45.441],[17.9791,45.4433],[17.9601,45.4367],[17.9637,45.4303],[17.9814,45.424],[17.9839,45.4159],[17.9998,45.4126],[18.0076,45.4177],[18.0165,45.4168],[18.0229,45.4023],[18.0344,45.3952],[18.0575,45.3953],[18.0609,45.3999],[18.0781,45.401],[18.0861,45.397],[18.093,45.401],[18.1013,45.3848],[18.1094,45.3832],[18.1136,45.3685],[18.1186,45.3717],[18.1208,45.383],[18.1388,45.3894],[18.1443,45.3947],[18.1619,45.4207]]]},"properties":{"name":"Grad Našice","osm":"relation/8793070"}},
{"type":"Feature","geometry":{"type":"Polygon","coordinates":[[[18.4625,45.3908],[18.4542,45.3951],[18.4583,45.4004],[18.4526,45.4042],[18.4442,45.4024],[18.4311,45.406],[18.4206,45.4067],[18.4159,45.4158],[18.3893,45.4094],[18.4051,45.4224],[18.3809,45.441],[18.3568,45.4414],[18.3566,45.438],[18.3273,45.4352],[18.325,45.4257],[18.3296,45.4205],[18.3281,45.4112],[18.3347,45.4038],[18.3344,45.3835],[18.3429,45.3764],[18.3716,45.3753],[18.3873,45.3732],[18.3996,45.3857],[18.4076,45.3794],[18.426,45.3807],[18.4347,45.3731],[18.4348,45.3674],[18.4492,45.3732],[18.4539,45.3833],[18.4625,45.3908]]]},"properties":{"name":"Općina Gorjani","osm":"relation/8793106"}},
{"type":"Feature","geometry":{"type":"Polygon","coordinates":[[[18.4616,45.4344],[18.4714,45.4198],[18.4991,45.4183],[18.4948,45.411],[18.5072,45.4147],[18.529,45.4113],[18.5477,45.4167],[18.5464,45.4259],[18.5541,45.4267],[18.5567,45.4355],[18.5365,45.4358],[18.5417,45.4468],[18.5217,45.4505],[18.5183,45.4622],[18.5141,45.4654],[18.5029,45.47],[18.5002,45.4614],[18.5162,45.4633],[18.5144,45.4583],[18.4925,45.4549],[18.495,45.4514],[18.4853,45.4478],[18.4791,45.4377],[18.4627,45.4405],[18.4616,45.4344]]]},"properties":{"name":"Općina Vuka","osm":"relation/8793107"}},
{"type":"Feature","geometry":{"type":"Polygon","coordinates":[[[18.3273,45.4352],[18.3235,45.4291],[18.2957,45.4297],[18.2931,45.4517],[18.2688,45.4488],[18.2636,45.439],[18.2382,45.4328],[18.2178,45.4223],[18.2071,45.4243],[18.1939,45.4195],[18.1794,45.4207],[18.1803,45.427],[18.1619,45.4207],[18.1443,45.3947],[18.1664,45.3833],[18.1828,45.3793],[18.1893,45.3807],[18.2027,45.3759],[18.212,45.3707],[18.2203,45.3741],[18.2262,45.3697],[18.2254,45.3607],[18.2298,45.3567],[18.2608,45.3529],[18.282,45.3473],[18.2901,45.3543],[18.3056,45.3525],[18.3095,45.355],[18.3294,45.3555],[18.3306,45.3487],[18.3378,45.3537],[18.333,45.36],[18.3399,45.3659],[18.3429,45.3764],[18.3344,45.3835],[18.3347,45.4038],[18.3281,45.4112],[18.3296,45.4205],[18.325,45.4257],[18.3273,45.4352]]]},"properties":{"name":"Općina Drenje","osm":"relation/8794609"}},
{"type":"Feature","geometry":{"type":"Polygon","coordinates":[[[18.7608,45.4448],[18.7153,45.4884],[18.7257,45.4937],[18.697,45.5213],[18.6442,45.5107],[18.6217,45.5097],[18.601,45.4615],[18.6402,45.4593],[18.6396,45.4534],[18.6537,45.4587],[18.6632,45.4786],[18.6706,45.4791],[18.6849,45.4543],[18.73,45.4483],[18.7608,45.4448]]]},"properties":{"name":"Općina Antunovac","osm":"relation/8796113"}},
{"type":"Feature","geometry":{"type":"MultiPolygon","coordinates":[[[[18.7078,45.4091],[18.73,45.4092],[18.731,45.4129],[18.7545,45.4165],[18.7695,45.4126],[18.7714,45.4018],[18.7855,45.4074],[18.7941,45.4063],[18.8028,45.4088],[18.7996,45.4218],[18.7864,45.4344],[18.7966,45.4473],[18.8106,45.4462],[18.8034,45.4537],[18.7947,45.4566],[18.7863,45.4466],[18.7608,45.4448],[18.73,45.4483],[18.7292,45.4386],[18.7204,45.4281],[18.7164,45.4181],[18.7078,45.4091]]],[[[18.597,45.4616],[18.5991,45.4503],[18.5919,45.4438],[18.6119,45.4431],[18.6113,45.4293],[18.6164,45.4191],[18.5981,45.413],[18.5888,45.4146],[18.5896,45.4089],[18.581,45.4039],[18.5936,45.3857],[18.6018,45.383],[18.6005,45.3776],[18.6268,45.3677],[18.6217,45.3569],[18.6213,45.3458],[18.6518,45.3538],[18.6452,45.3666],[18.6491,45.374],[18.6427,45.3883],[18.6445,45.3931],[18.657,45.39],[18.6902,45.3976],[18.6969,45.4048],[18.6941,45.4137],[18.6735,45.4082],[18.6647,45.411],[18.6591,45.4283],[18.6383,45.4415],[18.6396,45.4534],[18.6402,45.4593],[18.601,45.4615],[18.597,45.4616]]]]},"properties":{"name":"Općina Šodolovci","osm":"relation/8796114"}},
{"type":"Feature","geometry":{"type":"Polygon","coordinates":[[[18.5567,45.4355],[18.5703,45.4312],[18.573,45.4189],[18.565,45.4152],[18.5668,45.4016],[18.581,45.4039],[18.5896,45.4089],[18.5888,45.4146],[18.5981,45.413],[18.6164,45.4191],[18.6113,45.4293],[18.6119,45.4431],[18.5919,45.4438],[18.5991,45.4503],[18.597,45.4616],[18.5779,45.4633],[18.5784,45.4707],[18.5699,45.4704],[18.5694,45.4822],[18.5481,45.4745],[18.5511,45.4682],[18.5381,45.4651],[18.5272,45.4684],[18.5183,45.4622],[18.5217,45.4505],[18.5417,45.4468],[18.5365,45.4358],[18.5567,45.4355]]]},"properties":{"name":"Općina Vladislavci","osm":"relation/8796115"}},
{"type":"Feature","geometry":{"type":"Polygon","coordinates":[[[18.5211,45.3267],[18.5194,45.3151],[18.5282,45.2982],[18.5445,45.3025],[18.5642,45.2947],[18.5786,45.301],[18.5843,45.3156],[18.5981,45.3178],[18.615,45.3147],[18.6317,45.3145],[18.6332,45.3302],[18.6213,45.3458],[18.6217,45.3569],[18.6268,45.3677],[18.6005,45.3776],[18.6018,45.383],[18.5936,45.3857],[18.581,45.4039],[18.5668,45.4016],[18.565,45.4152],[18.573,45.4189],[18.5703,45.4312],[18.5567,45.4355],[18.5541,45.4267],[18.5464,45.4259],[18.5477,45.4167],[18.529,45.4113],[18.5072,45.4147],[18.4948,45.411],[18.4985,45.4003],[18.4969,45.3932],[18.4944,45.3796],[18.4973,45.364],[18.5118,45.3379],[18.5211,45.3267]]]},"properties":{"name":"Općina Semeljci","osm":"relation/8796116"}},
{"type":"Feature","geometry":{"type":"Polygon","coordinates":[[[18.4969,45.3932],[18.4913,45.3938],[18.4775,45.3869],[18.4625,45.3908],[18.4539,45.3833],[18.4492,45.3732],[18.4348,45.3674],[18.4376,45.3595],[18.4282,45.3574],[18.4248,45.339],[18.4377,45.3274],[18.4592,45.319],[18.478,45.3162],[18.4781,45.3092],[18.5025,45.3061],[18.4989,45.3119],[18.5084,45.3116],[18.5211,45.3267],[18.5118,45.3379],[18.4973,45.364],[18.4944,45.3796],[18.4969,45.3932]]]},"properties":{"name":"Općina Viškovci","osm":"relation/8796117"}},
{"type":"Feature","geometry":{"type":"Polygon","coordinates":[[[18.293,45.3016],[18.3035,45.3048],[18.3277,45.3213],[18.324,45.3339],[18.3566,45.3357],[18.392,45.3324],[18.391,45.3368],[18.4018,45.335],[18.4138,45.3393],[18.4082,45.3436],[18.415,45.3511],[18.4044,45.3563],[18.4016,45.3644],[18.3924,45.3644],[18.3873,45.3732],[18.3716,45.3753],[18.3429,45.3764],[18.3399,45.3659],[18.333,45.36],[18.3378,45.3537],[18.3306,45.3487],[18.3294,45.3555],[18.3095,45.355],[18.3056,45.3525],[18.2901,45.3543],[18.282,45.3473],[18.2608,45.3529],[18.2298,45.3567],[18.2254,45.3607],[18.2262,45.3697],[18.2203,45.3741],[18.212,45.3707],[18.2027,45.3759],[18.1965,45.3662],[18.1986,45.3541],[18.185,45.3473],[18.1932,45.3334],[18.2112,45.3218],[18.2223,45.3203],[18.2453,45.3062],[18.2746,45.3086],[18.293,45.3016]]]},"properties":{"name":"Općina Satnica Đakovačka","osm":"relation/8796118"}},
{"type":"Feature","geometry":{"type":"MultiPolygon","coordinates":[[[[18.293,45.3016],[18.2964,45.288],[18.3026,45.2878],[18.298,45.2761],[18.3108,45.2767],[18.3233,45.271],[18.3293,45.2598],[18.3297,45.2443],[18.3448,45.2439],[18.3571,45.247],[18.3747,45.2385],[18.3924,45.2403],[18.4635,45.2531],[18.4712,45.2515],[18.4711,45.2438],[18.5132,45.2587],[18.5105,45.2906],[18.5282,45.2982],[18.5194,45.3151],[18.5211,45.3267],[18.5084,45.3116],[18.4989,45.3119],[18.5025,45.3061],[18.4781,45.3092],[18.478,45.3162],[18.4592,45.319],[18.4377,45.3274],[18.4248,45.339],[18.4282,45.3574],[18.4376,45.3595],[18.4348,45.3674],[18.4347,45.3731],[18.426,45.3807],[18.4076,45.3794],[18.3996,45.3857],[18.3873,45.3732],[18.3924,45.3644],[18.4016,45.3644],[18.4044,45.3563],[18.415,45.3511],[18.4082,45.3436],[18.4138,45.3393],[18.4018,45.335],[18.391,45.3368],[18.392,45.3324],[18.3566,45.3357],[18.324,45.3339],[18.3277,45.3213],[18.3035,45.3048],[18.293,45.3016]]],[[[18.4969,45.3932],[18.4985,45.4003],[18.4948,45.411],[18.4991,45.4183],[18.4714,45.4198],[18.4616,45.4344],[18.4557,45.4353],[18.4477,45.4222],[18.4373,45.4168],[18.4311,45.406],[18.4442,45.4024],[18.4526,45.4042],[18.4583,45.4004],[18.4542,45.3951],[18.4625,45.3908],[18.4775,45.3869],[18.4913,45.3938],[18.4969,45.3932]]]]},"properties":{"name":"Grad Đakovo","osm":"relation/8796119"}},
{"type":"Feature","geometry":{"type":"Polygon","coordinates":[[[18.2453,45.3062],[18.2545,45.2966],[18.2582,45.2864],[18.2647,45.2855],[18.2665,45.2777],[18.2564,45.2762],[18.2385,45.2783],[18.2198,45.272],[18.2097,45.2787],[18.1909,45.2816],[18.1831,45.2876],[18.1653,45.2753],[18.1556,45.2779],[18.1447,45.2729],[18.1359,45.256],[18.1429,45.2444],[18.1513,45.247],[18.1668,45.2433],[18.1776,45.2438],[18.1899,45.2362],[18.1933,45.2237],[18.216,45.2169],[18.2252,45.2183],[18.2461,45.223],[18.2714,45.2265],[18.2851,45.2396],[18.3027,45.2447],[18.3297,45.2443],[18.3293,45.2598],[18.3233,45.271],[18.3108,45.2767],[18.298,45.2761],[18.3026,45.2878],[18.2964,45.288],[18.293,45.3016],[18.2746,45.3086],[18.2453,45.3062]]]},"properties":{"name":"Općina Trnava","osm":"relation/8796120"}},
{"type":"Feature","geometry":{"type":"Polygon","coordinates":[[[18.1015,45.2566],[18.1338,45.2537],[18.1359,45.256],[18.1447,45.2729],[18.1556,45.2779],[18.1653,45.2753],[18.1831,45.2876],[18.1909,45.2816],[18.2097,45.2787],[18.2198,45.272],[18.2385,45.2783],[18.2564,45.2762],[18.2665,45.2777],[18.2647,45.2855],[18.2582,45.2864],[18.2545,45.2966],[18.2453,45.3062],[18.2223,45.3203],[18.2112,45.3218],[18.1932,45.3334],[18.185,45.3473],[18.1986,45.3541],[18.1965,45.3662],[18.2027,45.3759],[18.1893,45.3807],[18.1828,45.3793],[18.1664,45.3833],[18.1443,45.3947],[18.1388,45.3894],[18.1208,45.383],[18.1186,45.3717],[18.1136,45.3685],[18.1091,45.3622],[18.0987,45.3621],[18.0753,45.3523],[18.0685,45.3442],[18.0714,45.3404],[18.0839,45.3399],[18.0998,45.3266],[18.1013,45.3139],[18.1114,45.3101],[18.1138,45.2977],[18.0994,45.295],[18.0941,45.285],[18.0833,45.2791],[18.0723,45.2657],[18.0829,45.2602],[18.1015,45.2566]]]},"properties":{"name":"Općina Levanjska Varoš","osm":"relation/8796121"}},
{"type":"Feature","geometry":{"type":"MultiPolygon","coordinates":[[[[17.8399,42.7286],[17.8349,42.7333],[17.8406,42.7382],[17.7887,42.753],[17.8051,42.7406],[17.8138,42.7401],[17.8282,42.7303],[17.8399,42.7286]]],[[[17.8969,42.7054],[17.9095,42.6991],[17.9081,42.7037],[17.917,42.7069],[17.91,42.711],[17.9197,42.7145],[17.9179,42.7184],[17.8977,42.7327],[17.8639,42.7456],[17.8643,42.7488],[17.8521,42.755],[17.8289,42.7557],[17.8425,42.7474],[17.8611,42.727],[17.8426,42.7347],[17.8437,42.7317],[17.8644,42.7201],[17.8751,42.7185],[17.8969,42.7054]]],[[[17.9237,42.6894],[17.9353,42.6816],[17.9387,42.6756],[17.9562,42.6758],[17.9535,42.6812],[17.9752,42.6785],[17.9442,42.6978],[17.9403,42.687],[17.9237,42.6894]]],[[[17.9863,42.6759],[17.9955,42.6713],[18.0128,42.6696],[18.0158,42.6619],[18.0239,42.6671],[18.0189,42.6692],[18.0121,42.6809],[17.9863,42.6759]]],[[[18.1573,42.6539],[18.1462,42.6711],[18.1437,42.6789],[18.1322,42.6823],[18.1028,42.6867],[18.1089,42.7045],[18.1057,42.7122],[18.0982,42.7173],[18.0789,42.7245],[18.0569,42.7398],[18.0412,42.7485],[18.0253,42.7521],[18.0109,42.7523],[17.997,42.7652],[17.9965,42.7759],[17.9746,42.7804],[17.9679,42.7747],[17.9507,42.768],[17.9312,42.7552],[17.9198,42.7428],[17.9283,42.7402],[17.9491,42.7266],[17.9543,42.7286],[17.9645,42.7205],[17.9675,42.7126],[18.0076,42.6949],[18.0187,42.6944],[18.0272,42.6882],[18.0457,42.6847],[18.0392,42.6964],[18.0444,42.7017],[18.0468,42.6907],[18.0562,42.6777],[18.0732,42.6689],[18.0899,42.6732],[18.1094,42.6738],[18.1246,42.6694],[18.1046,42.6721],[18.0785,42.6665],[18.0883,42.6533],[18.0775,42.6632],[18.0613,42.6641],[18.0581,42.6587],[18.0701,42.6556],[18.0618,42.6529],[18.078,42.6445],[18.1025,42.6403],[18.1244,42.6397],[18.1307,42.6328],[18.1418,42.6316],[18.1378,42.6441],[18.1568,42.6466],[18.1573,42.6539]]]]},"properties":{"name":"Grad Dubrovnik","osm":"relation/8796464"}},
{"type":"Feature","geometry":{"type":"Polygon","coordinates":[[[18.2435,42.6066],[18.2411,42.616],[18.2217,42.6233],[18.1915,42.6546],[18.1769,42.6618],[18.1625,42.6586],[18.1573,42.6539],[18.1568,42.6466],[18.1378,42.6441],[18.1418,42.6316],[18.1648,42.6234],[18.1797,42.6146],[18.1952,42.6194],[18.2002,42.6238],[18.2179,42.6122],[18.2237,42.6115],[18.2302,42.5995],[18.2386,42.6006],[18.2435,42.6066]]]},"properties":{"name":"Općina Župa dubrovačka","osm":"relation/8796465"}},
{"type":"Feature","geometry":{"type":"Polygon","coordinates":[[[18.2302,42.5995],[18.2236,42.5925],[18.2264,42.5879],[18.2146,42.5771],[18.2247,42.5735],[18.2328,42.5591],[18.2702,42.5379],[18.2887,42.523],[18.3216,42.5132],[18.3511,42.4974],[18.3727,42.4889],[18.3838,42.4802],[18.3946,42.4771],[18.4203,42.4645],[18.4254,42.4544],[18.4145,42.4593],[18.4107,42.457],[18.4252,42.449],[18.4343,42.4536],[18.4411,42.4465],[18.4504,42.4509],[18.4631,42.4444],[18.4868,42.4209],[18.5086,42.4076],[18.5075,42.4032],[18.5246,42.3937],[18.5338,42.3924],[18.511,42.4065],[18.5098,42.4146],[18.5139,42.4213],[18.5226,42.42],[18.5067,42.4312],[18.4841,42.4515],[18.4748,42.4641],[18.4502,42.4747],[18.4337,42.4841],[18.4385,42.4882],[18.4412,42.5025],[18.4469,42.5106],[18.4369,42.5194],[18.4391,42.5278],[18.4403,42.5506],[18.4368,42.5635],[18.4022,42.5848],[18.3902,42.5893],[18.3671,42.6159],[18.3472,42.6193],[18.3321,42.619],[18.3114,42.615],[18.2819,42.6173],[18.2747,42.6103],[18.2499,42.6031],[18.2435,42.6066],[18.2386,42.6006],[18.2302,42.5995]]]},"properties":{"name":"Općina Konavle","osm":"relation/8796466"}},
{"type":"Feature","geometry":{"type":"Polygon","coordinates":[[[17.9746,42.7804],[17.9502,42.7988],[17.9143,42.8082],[17.9096,42.8107],[17.8913,42.8096],[17.8874,42.8147],[17.9,42.8325],[17.8783,42.8377],[17.8703,42.8465],[17.8566,42.8687],[17.8543,42.8786],[17.8588,42.8847],[17.8442,42.9026],[17.8091,42.9171],[17.7919,42.8948],[17.7859,42.8918],[17.7653,42.908],[17.7521,42.9131],[17.7242,42.9192],[17.6981,42.9221],[17.6913,42.9256],[17.6753,42.9187],[17.6658,42.9067],[17.6484,42.889],[17.6708,42.8764],[17.6956,42.8672],[17.7008,42.8797],[17.7073,42.8821],[17.7186,42.8763],[17.7034,42.8681],[17.7539,42.8436],[17.7581,42.8372],[17.7735,42.8307],[17.7623,42.8226],[17.7525,42.8095],[17.7682,42.8004],[17.7814,42.7872],[17.7979,42.8013],[17.7936,42.807],[17.8069,42.807],[17.8197,42.7994],[17.8397,42.8048],[17.8462,42.7958],[17.8465,42.7884],[17.8588,42.7847],[17.8607,42.7788],[17.8693,42.7788],[17.8888,42.7864],[17.8834,42.7731],[17.8736,42.773],[17.8768,42.7636],[17.9071,42.7449],[17.9198,42.7428],[17.9312,42.7552],[17.9507,42.768],[17.9679,42.7747],[17.9746,42.7804]]]},"properties":{"name":"Općina Dubrovačko primorje","osm":"relation/8796467"}},
{"type":"Feature","geometry":{"type":"Polygon","coordinates":[[[17.7034,42.8681],[17.7074,42.8563],[17.6958,42.8618],[17.7097,42.8513],[17.7186,42.8491],[17.7452,42.8346],[17.7324,42.8337],[17.7145,42.8411],[17.7029,42.8485],[17.7037,42.8528],[17.6805,42.8622],[17.6805,42.8695],[17.6496,42.8802],[17.6654,42.8723],[17.6679,42.8674],[17.6568,42.8684],[17.6256,42.8828],[17.6072,42.8958],[17.599,42.8947],[17.5601,42.9108],[17.5442,42.9134],[17.5239,42.9246],[17.5244,42.919],[17.5332,42.9063],[17.5279,42.9034],[17.5115,42.9099],[17.489,42.9102],[17.4761,42.9187],[17.4789,42.9132],[17.47,42.9148],[17.453,42.902],[17.4493,42.8941],[17.4496,42.8839],[17.4387,42.8833],[17.4381,42.8734],[17.4506,42.8666],[17.4661,42.8639],[17.4866,42.8573],[17.496,42.8571],[17.5091,42.8495],[17.5394,42.8441],[17.5491,42.841],[17.5959,42.832],[17.6309,42.8184],[17.669,42.8118],[17.6787,42.8146],[17.6779,42.808],[17.6883,42.8038],[17.6943,42.806],[17.6974,42.8003],[17.705,42.8027],[17.7107,42.7966],[17.7158,42.801],[17.7192,42.7952],[17.7349,42.7918],[17.7419,42.7971],[17.7506,42.7914],[17.749,42.786],[17.7551,42.7778],[17.7475,42.7721],[17.7547,42.7638],[17.7619,42.7612],[17.7638,42.7723],[17.7707,42.7745],[17.7608,42.7824],[17.7487,42.8016],[17.7185,42.8169],[17.7168,42.822],[17.7013,42.8273],[17.6966,42.8349],[17.7141,42.8241],[17.731,42.8196],[17.7349,42.8158],[17.7525,42.8095],[17.7623,42.8226],[17.7735,42.8307],[17.7581,42.8372],[17.7539,42.8436],[17.7034,42.8681]]]},"properties":{"name":"Općina Ston","osm":"relation/8796468"}},
{"type":"Feature","geometry":{"type":"Polygon","coordinates":[[[17.416,42.9115],[17.4254,42.9038],[17.4493,42.8941],[17.453,42.902],[17.47,42.9148],[17.4691,42.9204],[17.455,42.9239],[17.4485,42.9301],[17.4513,42.9402],[17.4402,42.9534],[17.3923,42.9674],[17.3832,42.9722],[17.3753,42.9603],[17.3701,42.9583],[17.3906,42.9479],[17.3955,42.9423],[17.39,42.9376],[17.4178,42.9155],[17.416,42.9115]]]},"properties":{"name":"Općina Janjina","osm":"relation/8796470"}},
{"type":"Feature","geometry":{"type":"Polygon","coordinates":[[[17.3092,42.9979],[17.3083,43.0002],[17.27,43.011],[17.2641,43.0086],[17.2345,43.0155],[17.202,43.0168],[17.1713,43.0244],[17.1538,43.0251],[17.1216,43.0227],[17.1346,43.007],[17.1497,42.9985],[17.1598,42.9962],[17.1806,43.0011],[17.2098,42.9969],[17.2371,42.9897],[17.2352,42.9873],[17.2649,42.9824],[17.2707,42.9793],[17.2828,42.9944],[17.2998,42.9873],[17.3092,42.9979]]]},"properties":{"name":"Općina Trpanj","osm":"relation/8796471"}},
{"type":"Feature","geometry":{"type":"MultiPolygon","coordinates":[[[[17.1594,42.9574],[17.1507,42.9555],[17.1568,42.9515],[17.1681,42.9506],[17.1697,42.9546],[17.1594,42.9574]]],[[[17.1327,42.9077],[17.1375,42.9185],[17.1349,42.9242],[17.1432,42.9412],[17.1534,42.9464],[17.1456,42.9578],[17.1401,42.9514],[17.1302,42.9631],[17.1201,42.9637],[17.1174,42.9587],[17.1009,42.9622],[17.0841,42.9684],[17.062,42.9689],[17.0413,42.9765],[17.0477,42.9803],[17.0149,42.9776],[17.0038,42.9749],[16.9657,42.9753],[16.9168,42.9718],[16.9073,42.9662],[16.918,42.9513],[16.9126,42.9484],[16.9146,42.9378],[16.9224,42.9312],[16.9202,42.9183],[16.922,42.9086],[16.9351,42.9147],[16.9392,42.91],[16.9521,42.9159],[16.9614,42.9241],[16.9763,42.9277],[16.9894,42.9236],[17.0337,42.9224],[17.103,42.9087],[17.1202,42.9071],[17.1267,42.9118],[17.1327,42.9077]]]]},"properties":{"name":"Grad Korčula","osm":"relation/8796473"}},
{"type":"Feature","geometry":{"type":"Polygon","coordinates":[[[17.1534,42.9464],[17.1432,42.9412],[17.1349,42.9242],[17.1375,42.9185],[17.1327,42.9077],[17.1568,42.9131],[17.1729,42.9115],[17.1882,42.9166],[17.187,42.9124],[17.1973,42.9141],[17.1962,42.9223],[17.1676,42.9244],[17.1644,42.935],[17.1534,42.9464]]]},"properties":{"name":"Općina Lumbarda","osm":"relation/8796474"}},
{"type":"Feature","geometry":{"type":"Polygon","coordinates":[[[16.8371,42.9021],[16.8531,42.9088],[16.8601,42.9033],[16.8489,42.897],[16.8595,42.8937],[16.9056,42.9004],[16.922,42.9086],[16.9202,42.9183],[16.9224,42.9312],[16.9146,42.9378],[16.9126,42.9484],[16.918,42.9513],[16.9073,42.9662],[16.8916,42.9649],[16.8691,42.9581],[16.8511,42.9576],[16.8393,42.9505],[16.831,42.9332],[16.8374,42.9312],[16.8371,42.9021]]]},"properties":{"name":"Općina Smokvica","osm":"relation/8796475"}},
{"type":"Feature","geometry":{"type":"Polygon","coordinates":[[[16.6742,42.9277],[16.6752,42.9251],[16.7094,42.9211],[16.7539,42.9073],[16.7753,42.9034],[16.792,42.9066],[16.8068,42.9043],[16.8264,42.9046],[16.8371,42.9021],[16.8374,42.9312],[16.831,42.9332],[16.8393,42.9505],[16.8511,42.9576],[16.845,42.9604],[16.7928,42.9694],[16.7837,42.9664],[16.7783,42.9732],[16.7658,42.9765],[16.7544,42.9751],[16.7455,42.9778],[16.7453,42.9687],[16.7509,42.9659],[16.7564,42.9503],[16.7443,42.9502],[16.7453,42.9435],[16.7349,42.9395],[16.7392,42.9321],[16.7201,42.9325],[16.7019,42.9393],[16.6861,42.9408],[16.6776,42.9386],[16.6742,42.9277]]]},"properties":{"name":"Općina Blato","osm":"relation/8796476"}},
{"type":"Feature","geometry":{"type":"MultiPolygon","coordinates":[[[[16.6238,42.9823],[16.6168,42.9893],[16.6078,42.9823],[16.6238,42.9823]]],[[[16.7455,42.9778],[16.73,42.982],[16.7304,42.9865],[16.6983,42.9912],[16.6936,42.9941],[16.6828,42.99],[16.6765,42.9935],[16.6666,42.9885],[16.6608,42.9923],[16.6535,42.9862],[16.6407,42.9909],[16.6289,42.9862],[16.6298,42.9817],[16.6399,42.9834],[16.6468,42.9747],[16.654,42.9848],[16.6684,42.9803],[16.6768,42.9689],[16.6945,42.966],[16.7015,42.969],[16.7031,42.9629],[16.7175,42.9623],[16.7104,42.9569],[16.7042,42.9603],[16.6638,42.9543],[16.661,42.95],[16.6705,42.9433],[16.6573,42.9434],[16.6377,42.9366],[16.6457,42.9292],[16.6386,42.9256],[16.6554,42.9177],[16.6668,42.9186],[16.6653,42.9291],[16.6742,42.9277],[16.6776,42.9386],[16.6861,42.9408],[16.7019,42.9393],[16.7201,42.9325],[16.7392,42.9321],[16.7349,42.9395],[16.7453,42.9435],[16.7443,42.9502],[16.7564,42.9503],[16.7509,42.9659],[16.7453,42.9687],[16.7455,42.9778]]]]},"properties":{"name":"Općina Vela Luka","osm":"relation/8796477"}},
{"type":"Feature","geometry":{"type":"Polygon","coordinates":[[[16.132,43.0732],[16.1294,43.0667],[16.136,43.0627],[16.1416,43.0531],[16.1324,43.0465],[16.1447,43.0323],[16.1471,43.0208],[16.1522,43.015],[16.1721,43.0151],[16.1977,43.019],[16.2142,43.0167],[16.212,43.0237],[16.2223,43.0229],[16.2236,43.0287],[16.2343,43.0395],[16.2519,43.0502],[16.2573,43.0605],[16.2531,43.0671],[16.2554,43.0735],[16.2414,43.0648],[16.2433,43.0768],[16.2116,43.0717],[16.1958,43.0576],[16.1896,43.0623],[16.1936,43.0729],[16.1781,43.0779],[16.1582,43.0804],[16.1328,43.0762],[16.132,43.0732]]]},"properties":{"name":"Grad Vis","osm":"relation/8796487"}},
{"type":"Feature","geometry":{"type":"MultiPolygon","coordinates":[[[[15.7452,43.0301],[15.7261,43.0244],[15.7269,43.0191],[15.7403,43.0161],[15.7578,43.0208],[15.7692,43.0316],[15.7512,43.0343],[15.7452,43.0301]]],[[[16.003,42.9707],[16.0013,42.9606],[16.0177,42.959],[16.0221,42.9748],[16.018,42.9855],[16.0052,42.9944],[16.0006,42.9915],[15.9991,42.9762],[16.003,42.9707]]],[[[16.1522,43.015],[16.1471,43.0208],[16.1447,43.0323],[16.1324,43.0465],[16.1416,43.0531],[16.136,43.0627],[16.1294,43.0667],[16.132,43.0732],[16.117,43.0774],[16.1135,43.0738],[16.1022,43.0749],[16.0777,43.069],[16.0739,43.0643],[16.0602,43.0604],[16.0494,43.0532],[16.0597,43.0488],[16.0634,43.0409],[16.0842,43.0481],[16.0893,43.0452],[16.0932,43.0249],[16.0884,43.0205],[16.0706,43.013],[16.0716,43.0053],[16.0873,43.0051],[16.1522,43.015]]]]},"properties":{"name":"Grad Komiža","osm":"relation/8796488"}},
{"type":"Feature","geometry":{"type":"Polygon","coordinates":[[[17.5601,43.0354],[17.5559,43.0286],[17.5407,43.0224],[17.5141,43.0322],[17.5034,43.0335],[17.4636,43.0207],[17.4702,43.0082],[17.4807,43.0086],[17.4901,43.0014],[17.5095,42.997],[17.5237,43.0057],[17.5329,43.0027],[17.5445,43.0085],[17.5615,43.0094],[17.5677,43.0133],[17.576,43.0102],[17.575,43.0016],[17.5902,43],[17.5844,43.0201],[17.58,43.0281],[17.5601,43.0354]]]},"properties":{"name":"Grad Opuzen","osm":"relation/8796589"}},
{"type":"Feature","geometry":{"type":"Polygon","coordinates":[[[17.575,43.0016],[17.576,43.0102],[17.5677,43.0133],[17.5615,43.0094],[17.5445,43.0085],[17.5329,43.0027],[17.5237,43.0057],[17.5095,42.997],[17.4901,43.0014],[17.4807,43.0086],[17.4702,43.0082],[17.4826,43.0015],[17.4739,42.9965],[17.4768,42.9844],[17.4926,42.9779],[17.4931,42.9698],[17.5039,42.9685],[17.5115,42.9558],[17.537,42.9415],[17.5448,42.9394],[17.5461,42.9444],[17.5575,42.9401],[17.5763,42.9427],[17.5811,42.9385],[17.6159,42.9422],[17.6129,42.9475],[17.6017,42.9512],[17.5809,42.9622],[17.5825,42.9784],[17.575,43.0016]]]},"properties":{"name":"Općina Slivno","osm":"relation/8796590"}},
{"type":"Feature","geometry":{"type":"Polygon","coordinates":[[[17.6159,42.9422],[17.6297,42.9471],[17.6476,42.9573],[17.6727,42.964],[17.6849,42.9649],[17.712,42.9729],[17.7053,42.9794],[17.6944,43.0004],[17.6882,43.0073],[17.6688,43.0156],[17.6453,43.0213],[17.6313,43.0166],[17.6216,43.0219],[17.6138,43.0208],[17.6027,43.0045],[17.5902,43],[17.575,43.0016],[17.5825,42.9784],[17.5809,42.9622],[17.6017,42.9512],[17.6129,42.9475],[17.6159,42.9422]]]},"properties":{"name":"Općina Zažablje","osm":"relation/8796591"}},
{"type":"Feature","geometry":{"type":"Polygon","coordinates":[[[17.6882,43.0073],[17.6832,43.0194],[17.6649,43.044],[17.6408,43.0895],[17.6195,43.0983],[17.5864,43.1162],[17.5742,43.1207],[17.5732,43.1075],[17.5809,43.0895],[17.5818,43.0752],[17.5954,43.0603],[17.594,43.0548],[17.6036,43.0474],[17.6035,43.0422],[17.6115,43.0326],[17.6051,43.0271],[17.6138,43.0208],[17.6216,43.0219],[17.6313,43.0166],[17.6453,43.0213],[17.6688,43.0156],[17.6882,43.0073]]]},"properties":{"name":"Grad Metković","osm":"relation/8796592"}},
{"type":"Feature","geometry":{"type":"Polygon","coordinates":[[[17.5452,43.1335],[17.5355,43.122],[17.5223,43.118],[17.5081,43.1052],[17.5036,43.097],[17.514,43.09],[17.5088,43.0711],[17.5161,43.0483],[17.5364,43.0545],[17.5643,43.0409],[17.5601,43.0354],[17.58,43.0281],[17.5844,43.0201],[17.5902,43],[17.6027,43.0045],[17.6138,43.0208],[17.6051,43.0271],[17.6115,43.0326],[17.6035,43.0422],[17.6036,43.0474],[17.594,43.0548],[17.5954,43.0603],[17.5818,43.0752],[17.5809,43.0895],[17.5732,43.1075],[17.5742,43.1207],[17.5452,43.1335]]]},"properties":{"name":"Općina Kula Norinska","osm":"relation/8796593"}},
{"type":"Feature","geometry":{"type":"Polygon","coordinates":[[[17.5452,43.1335],[17.524,43.1426],[17.5088,43.1471],[17.478,43.1603],[17.4508,43.177],[17.4485,43.1701],[17.4359,43.153],[17.4562,43.1257],[17.4676,43.1213],[17.4706,43.1248],[17.4846,43.1198],[17.5081,43.1052],[17.5223,43.118],[17.5355,43.122],[17.5452,43.1335]]]},"properties":{"name":"Općina Pojezerje","osm":"relation/8796594"}},
{"type":"Feature","geometry":{"type":"Polygon","coordinates":[[[17.3561,43.0841],[17.362,43.085],[17.378,43.0638],[17.3969,43.0549],[17.4074,43.0408],[17.4162,43.0396],[17.4225,43.0503],[17.4189,43.0545],[17.4241,43.0632],[17.4359,43.0523],[17.4295,43.0514],[17.4225,43.0428],[17.4217,43.0309],[17.4255,43.027],[17.4405,43.025],[17.4462,43.0188],[17.461,43.023],[17.4636,43.0207],[17.5034,43.0335],[17.5141,43.0322],[17.5407,43.0224],[17.5559,43.0286],[17.5601,43.0354],[17.5643,43.0409],[17.5364,43.0545],[17.5161,43.0483],[17.5088,43.0711],[17.514,43.09],[17.5036,43.097],[17.5081,43.1052],[17.4846,43.1198],[17.4706,43.1248],[17.4676,43.1213],[17.4562,43.1257],[17.4359,43.153],[17.4145,43.1471],[17.4008,43.1463],[17.3693,43.157],[17.3549,43.1551],[17.3458,43.1577],[17.3429,43.1482],[17.3642,43.1429],[17.3769,43.1429],[17.3942,43.118],[17.407,43.1078],[17.3919,43.1093],[17.3606,43.0929],[17.3561,43.0841]]]},"properties":{"name":"Grad Ploče","osm":"relation/8796595"}},
{"type":"Feature","geometry":{"type":"Polygon","coordinates":[[[18.4561,45.0776],[18.4742,45.0636],[18.4952,45.0613],[18.5093,45.0573],[18.5266,45.0603],[18.5298,45.0454],[18.5357,45.0453],[18.5364,45.0614],[18.5498,45.0714],[18.5458,45.0802],[18.5315,45.0854],[18.5307,45.0898],[18.5129,45.0968],[18.5009,45.0967],[18.4703,45.0882],[18.4705,45.0819],[18.4561,45.0776]]]},"properties":{"name":"Općina Slavonski Šamac","osm":"relation/8797194"}},
{"type":"Feature","geometry":{"type":"Polygon","coordinates":[[[18.5655,45.1938],[18.5685,45.215],[18.5739,45.2199],[18.5689,45.229],[18.5589,45.2235],[18.5564,45.2303],[18.5344,45.2341],[18.5211,45.2325],[18.5084,45.2262],[18.5007,45.2135],[18.5157,45.2107],[18.524,45.2276],[18.5374,45.2309],[18.5281,45.2085],[18.5202,45.21],[18.5175,45.2041],[18.489,45.2106],[18.4802,45.2079],[18.4776,45.1956],[18.4557,45.178],[18.4575,45.1691],[18.453,45.1646],[18.4507,45.1488],[18.4544,45.146],[18.4452,45.1354],[18.4511,45.1323],[18.4636,45.1376],[18.4627,45.1337],[18.4899,45.1233],[18.5016,45.1293],[18.5,45.1325],[18.507,45.1477],[18.5269,45.1721],[18.5469,45.1908],[18.5655,45.1938]]]},"properties":{"name":"Općina Gundinci","osm":"relation/8797195"}},
{"type":"Feature","geometry":{"type":"Polygon","coordinates":[[[18.4561,45.0776],[18.4705,45.0819],[18.4703,45.0882],[18.5009,45.0967],[18.5129,45.0968],[18.5028,45.1107],[18.4964,45.1117],[18.4951,45.1209],[18.4899,45.1233],[18.4627,45.1337],[18.4636,45.1376],[18.4511,45.1323],[18.4452,45.1354],[18.4294,45.1291],[18.4291,45.1263],[18.4128,45.1254],[18.4023,45.1217],[18.404,45.1104],[18.4217,45.1089],[18.4314,45.1045],[18.4394,45.095],[18.442,45.0857],[18.4561,45.0776]]]},"properties":{"name":"Općina Sikirevci","osm":"relation/8797196"}},
{"type":"Feature","geometry":{"type":"Polygon","coordinates":[[[18.3873,45.1073],[18.404,45.1104],[18.4023,45.1217],[18.4128,45.1254],[18.4291,45.1263],[18.4294,45.1291],[18.4452,45.1354],[18.4544,45.146],[18.4507,45.1488],[18.453,45.1646],[18.4575,45.1691],[18.4557,45.178],[18.4776,45.1956],[18.4802,45.2079],[18.4747,45.2067],[18.4672,45.2147],[18.4512,45.2087],[18.4385,45.1961],[18.4303,45.196],[18.4143,45.1839],[18.397,45.1842],[18.3844,45.1869],[18.3807,45.1815],[18.3442,45.1722],[18.3299,45.1714],[18.3084,45.1674],[18.3095,45.1562],[18.316,45.154],[18.3114,45.149],[18.3243,45.1435],[18.3311,45.1356],[18.3245,45.1281],[18.3389,45.1302],[18.3477,45.1353],[18.362,45.1363],[18.3578,45.1175],[18.3714,45.1211],[18.3709,45.1158],[18.391,45.1145],[18.3873,45.1073]]]},"properties":{"name":"Općina Velika Kopanica","osm":"relation/8797197"}},
{"type":"Feature","geometry":{"type":"Polygon","coordinates":[[[18.2851,45.2396],[18.2714,45.2265],[18.2461,45.223],[18.2252,45.2183],[18.2242,45.2084],[18.2066,45.2063],[18.2254,45.1943],[18.2351,45.1732],[18.2407,45.1749],[18.2509,45.1682],[18.2615,45.1687],[18.2624,45.1618],[18.2759,45.1575],[18.2701,45.1467],[18.2849,45.1371],[18.2881,45.1276],[18.3038,45.1368],[18.2961,45.1475],[18.2987,45.1529],[18.3095,45.1562],[18.3084,45.1674],[18.3299,45.1714],[18.331,45.1948],[18.3275,45.2057],[18.3143,45.2121],[18.2984,45.211],[18.3021,45.2258],[18.2921,45.225],[18.2851,45.2396]]]},"properties":{"name":"Općina Donji Andrijevci","osm":"relation/8797198"}},
{"type":"Feature","geometry":{"type":"Polygon","coordinates":[[[18.3873,45.1073],[18.391,45.1145],[18.3709,45.1158],[18.3714,45.1211],[18.3578,45.1175],[18.362,45.1363],[18.3477,45.1353],[18.3389,45.1302],[18.3245,45.1281],[18.3311,45.1356],[18.3243,45.1435],[18.3114,45.149],[18.316,45.154],[18.3095,45.1562],[18.2987,45.1529],[18.2961,45.1475],[18.3038,45.1368],[18.2881,45.1276],[18.2849,45.1371],[18.2701,45.1467],[18.2759,45.1575],[18.2624,45.1618],[18.2615,45.1687],[18.2509,45.1682],[18.2407,45.1749],[18.2351,45.1732],[18.2216,45.1597],[18.2116,45.1602],[18.19,45.1477],[18.1756,45.1484],[18.175,45.1433],[18.1658,45.143],[18.161,45.1368],[18.1465,45.1341],[18.1489,45.1155],[18.161,45.1129],[18.185,45.1177],[18.1959,45.1073],[18.2125,45.1071],[18.2101,45.1224],[18.2184,45.1286],[18.2361,45.1361],[18.2519,45.1392],[18.2705,45.1372],[18.2786,45.1291],[18.2788,45.117],[18.2904,45.1134],[18.3069,45.1154],[18.3155,45.1044],[18.3265,45.1015],[18.3741,45.1068],[18.3873,45.1073]]]},"properties":{"name":"Općina Oprisavci","osm":"relation/8797199"}},
{"type":"Feature","geometry":{"type":"Polygon","coordinates":[[[18.1359,45.256],[18.1338,45.2537],[18.1015,45.2566],[18.099,45.2386],[18.1118,45.2267],[18.1098,45.2179],[18.1199,45.2148],[18.1234,45.2033],[18.1324,45.2066],[18.1329,45.1991],[18.1181,45.197],[18.1162,45.1922],[18.0946,45.1854],[18.0994,45.1746],[18.1175,45.1739],[18.126,45.1655],[18.134,45.1654],[18.1331,45.1503],[18.1408,45.1499],[18.1379,45.1356],[18.1465,45.1341],[18.161,45.1368],[18.1658,45.143],[18.175,45.1433],[18.1756,45.1484],[18.19,45.1477],[18.2116,45.1602],[18.2216,45.1597],[18.2351,45.1732],[18.2254,45.1943],[18.2066,45.2063],[18.2242,45.2084],[18.2252,45.2183],[18.216,45.2169],[18.1933,45.2237],[18.1899,45.2362],[18.1776,45.2438],[18.1668,45.2433],[18.1513,45.247],[18.1429,45.2444],[18.1359,45.256]]]},"properties":{"name":"Općina Garčin","osm":"relation/8797200"}},
{"type":"Feature","geometry":{"type":"Polygon","coordinates":[[[15.5881,44.2019],[15.6061,44.1849],[15.5983,44.1821],[15.6018,44.1685],[15.6075,44.1684],[15.609,44.1619],[15.6324,44.1443],[15.6297,44.1349],[15.6183,44.1296],[15.6292,44.1189],[15.6257,44.1157],[15.6341,44.1067],[15.6437,44.1063],[15.6718,44.0868],[15.6937,44.0888],[15.7017,44.0866],[15.7141,44.0731],[15.7352,44.0787],[15.7408,44.0891],[15.7138,44.1085],[15.72,44.1148],[15.7271,44.1094],[15.7516,44.1171],[15.786,44.1493],[15.81,44.1308],[15.8138,44.1203],[15.8302,44.1197],[15.8326,44.1115],[15.8473,44.1037],[15.8639,44.101],[15.8796,44.1118],[15.8905,44.1276],[15.8977,44.1325],[15.9186,44.1407],[15.9263,44.1513],[15.9262,44.1588],[15.9359,44.1612],[15.9435,44.1712],[15.963,44.1888],[15.97,44.1929],[15.951,44.2059],[15.9439,44.2212],[15.9373,44.2223],[15.9282,44.2332],[15.9279,44.2397],[15.9184,44.2364],[15.909,44.2411],[15.8789,44.2426],[15.8615,44.2384],[15.8413,44.2388],[15.8098,44.2434],[15.7879,44.2485],[15.7456,44.252],[15.7344,44.2556],[15.7083,44.2167],[15.713,44.2042],[15.6997,44.2051],[15.6979,44.1995],[15.6762,44.2004],[15.6514,44.21],[15.6475,44.2166],[15.6387,44.2153],[15.621,44.2219],[15.5966,44.2153],[15.5901,44.2109],[15.5881,44.2019]]]},"properties":{"name":"Grad Obrovac","osm":"relation/8799918"}},
{"type":"Feature","geometry":{"type":"Polygon","coordinates":[[[15.5448,43.9818],[15.5543,43.9919],[15.5664,43.9947],[15.5415,44.019],[15.5389,44.026],[15.5096,44.0427],[15.4985,44.0355],[15.4898,44.0366],[15.4862,44.021],[15.4934,44.0127],[15.4781,43.9982],[15.5096,43.981],[15.525,43.9778],[15.5448,43.9818]]]},"properties":{"name":"Općina Polača","osm":"relation/8800008"}},
{"type":"Feature","geometry":{"type":"Polygon","coordinates":[[[15.7688,43.9323],[15.7632,43.9349],[15.7474,43.9556],[15.736,43.9493],[15.7297,43.9541],[15.741,43.9634],[15.7442,43.9729],[15.741,43.9797],[15.7549,43.9896],[15.7647,44.0124],[15.7819,44.0241],[15.7838,44.0341],[15.8091,44.0214],[15.831,44.0132],[15.8348,44.0225],[15.8471,44.0304],[15.8501,44.0374],[15.8592,44.0436],[15.8517,44.052],[15.8381,44.0605],[15.7973,44.0726],[15.7867,44.0776],[15.7929,44.0838],[15.802,44.0791],[15.8104,44.0827],[15.8233,44.0771],[15.8344,44.0781],[15.8473,44.1037],[15.8326,44.1115],[15.8302,44.1197],[15.8138,44.1203],[15.81,44.1308],[15.786,44.1493],[15.7516,44.1171],[15.7271,44.1094],[15.72,44.1148],[15.7138,44.1085],[15.7408,44.0891],[15.7352,44.0787],[15.7141,44.0731],[15.7017,44.0866],[15.6937,44.0888],[15.6718,44.0868],[15.6437,44.1063],[15.6341,44.1067],[15.6257,44.1157],[15.6292,44.1189],[15.6183,44.1296],[15.6116,44.1326],[15.6014,44.1273],[15.5829,44.1124],[15.5738,44.1134],[15.5338,44.1412],[15.528,44.1369],[15.5043,44.1448],[15.5012,44.1486],[15.4832,44.156],[15.4859,44.164],[15.4707,44.1682],[15.4477,44.1844],[15.4289,44.1751],[15.422,44.1652],[15.424,44.1576],[15.4343,44.1504],[15.4191,44.1412],[15.422,44.1318],[15.4518,44.1144],[15.4467,44.1109],[15.4718,44.0902],[15.4806,44.0884],[15.4847,44.0763],[15.4647,44.0628],[15.451,44.0597],[15.4664,44.0551],[15.4655,44.0495],[15.4555,44.0414],[15.4582,44.0356],[15.4511,44.0286],[15.446,44.0165],[15.476,43.9996],[15.4781,43.9982],[15.4934,44.0127],[15.4862,44.021],[15.4898,44.0366],[15.4985,44.0355],[15.5096,44.0427],[15.5389,44.026],[15.5415,44.019],[15.5664,43.9947],[15.5543,43.9919],[15.5448,43.9818],[15.5746,43.9791],[15.5712,43.9754],[15.5995,43.9558],[15.6006,43.9369],[15.6113,43.9333],[15.5898,43.9305],[15.5738,43.917],[15.5833,43.9026],[15.6074,43.8848],[15.633,43.906],[15.6438,43.9068],[15.6543,43.9122],[15.6482,43.9192],[15.6534,43.9277],[15.664,43.9338],[15.6585,43.942],[15.678,43.9514],[15.6807,43.9453],[15.6988,43.9379],[15.7056,43.9318],[15.7206,43.9249],[15.7421,43.9112],[15.7688,43.9323]]]},"properties":{"name":"Grad Benkovac","osm":"relation/8800009"}},
{"type":"Feature","geometry":{"type":"Polygon","coordinates":[[[18.6213,45.3458],[18.6332,45.3302],[18.6545,45.3302],[18.6756,45.3259],[18.6943,45.3243],[18.7018,45.3263],[18.7008,45.3345],[18.7248,45.3369],[18.7296,45.3334],[18.7462,45.3336],[18.7524,45.3384],[18.7652,45.3376],[18.7621,45.3276],[18.7668,45.317],[18.7923,45.3242],[18.8139,45.3204],[18.8184,45.3235],[18.8192,45.3362],[18.8272,45.3423],[18.8262,45.3498],[18.8034,45.35],[18.8076,45.3615],[18.7995,45.3652],[18.7891,45.354],[18.7764,45.3585],[18.7745,45.3662],[18.7788,45.3717],[18.7673,45.3775],[18.7685,45.368],[18.7586,45.36],[18.7284,45.3538],[18.7209,45.3591],[18.7269,45.3749],[18.705,45.3768],[18.7046,45.3834],[18.7221,45.3833],[18.7314,45.3881],[18.7145,45.3956],[18.7081,45.4075],[18.6982,45.399],[18.6902,45.3976],[18.657,45.39],[18.6445,45.3931],[18.6427,45.3883],[18.6491,45.374],[18.6452,45.3666],[18.6518,45.3538],[18.6213,45.3458]]]},"properties":{"name":"Općina Markušica","osm":"relation/8800240"}},
{"type":"Feature","geometry":{"type":"Polygon","coordinates":[[[18.8575,45.3523],[18.8597,45.3595],[18.8404,45.3633],[18.8442,45.3675],[18.8389,45.3795],[18.8232,45.397],[18.8029,45.4051],[18.7941,45.4063],[18.7855,45.4074],[18.7714,45.4018],[18.7695,45.4126],[18.7545,45.4165],[18.731,45.4129],[18.73,45.4092],[18.7078,45.4091],[18.7081,45.4075],[18.7145,45.3956],[18.7314,45.3881],[18.7221,45.3833],[18.7046,45.3834],[18.705,45.3768],[18.7269,45.3749],[18.7209,45.3591],[18.7284,45.3538],[18.7586,45.36],[18.7685,45.368],[18.7673,45.3775],[18.7788,45.3717],[18.7745,45.3662],[18.7764,45.3585],[18.7891,45.354],[18.7995,45.3652],[18.8076,45.3615],[18.8034,45.35],[18.8262,45.3498],[18.8264,45.3604],[18.8326,45.3625],[18.8575,45.3523]]]},"properties":{"name":"Općina Tordinci","osm":"relation/8800241"}},
{"type":"Feature","geometry":{"type":"Polygon","coordinates":[[[18.9789,45.2949],[18.9781,45.2895],[18.9702,45.2899],[18.9709,45.2662],[18.9841,45.2618],[18.9918,45.2635],[19.0077,45.253],[19.0181,45.2561],[19.0313,45.2645],[19.038,45.2642],[19.04,45.2758],[19.0468,45.283],[19.0353,45.2913],[19.0205,45.2908],[19.009,45.3016],[18.9957,45.3006],[18.9789,45.2949]]]},"properties":{"name":"Općina Negoslavci","osm":"relation/8800242"}},
{"type":"Feature","geometry":{"type":"Polygon","coordinates":[[[18.8575,45.3523],[18.8326,45.3625],[18.8264,45.3604],[18.8262,45.3498],[18.8272,45.3423],[18.8192,45.3362],[18.8184,45.3235],[18.8303,45.3265],[18.8415,45.3132],[18.8452,45.316],[18.8473,45.3013],[18.8414,45.2926],[18.8613,45.2843],[18.8745,45.2861],[18.8927,45.2871],[18.9001,45.3007],[18.9111,45.3025],[18.9311,45.311],[18.9223,45.3156],[18.907,45.3324],[18.9083,45.3418],[18.9257,45.3469],[18.9119,45.3575],[18.9025,45.3564],[18.8971,45.3434],[18.8682,45.3365],[18.8676,45.3445],[18.8575,45.3523]]]},"properties":{"name":"Općina Nuštar","osm":"relation/8800243"}},
{"type":"Feature","geometry":{"type":"Polygon","coordinates":[[[18.8927,45.2871],[18.9237,45.2774],[18.9544,45.2632],[18.9589,45.2497],[18.9594,45.2379],[18.9946,45.2255],[19.0014,45.2432],[19.0077,45.253],[18.9918,45.2635],[18.9841,45.2618],[18.9709,45.2662],[18.9702,45.2899],[18.9781,45.2895],[18.9789,45.2949],[18.9795,45.2992],[18.9663,45.3006],[18.9705,45.3116],[18.9629,45.3187],[18.9569,45.3547],[18.9373,45.3553],[18.9257,45.3469],[18.9083,45.3418],[18.907,45.3324],[18.9223,45.3156],[18.9311,45.311],[18.9111,45.3025],[18.9001,45.3007],[18.8927,45.2871]]]},"properties":{"name":"Općina Bogdanovci","osm":"relation/8800244"}},
{"type":"Feature","geometry":{"type":"Polygon","coordinates":[[[19.0148,45.2002],[19.0422,45.1919],[19.0443,45.2026],[19.039,45.2038],[19.0478,45.2149],[19.0607,45.212],[19.0709,45.2132],[19.0774,45.2087],[19.0949,45.2086],[19.1433,45.217],[19.1378,45.2284],[19.1387,45.237],[19.1331,45.2493],[19.1206,45.2637],[19.1136,45.2738],[19.0917,45.2676],[19.0846,45.2714],[19.0744,45.2696],[19.0813,45.2808],[19.0708,45.2896],[19.0468,45.283],[19.04,45.2758],[19.038,45.2642],[19.0313,45.2645],[19.0181,45.2561],[19.0077,45.253],[19.0014,45.2432],[18.9946,45.2255],[19.0184,45.2097],[19.0148,45.2002]]]},"properties":{"name":"Općina Tompojevci","osm":"relation/8800245"}},
{"type":"Feature","geometry":{"type":"Polygon","coordinates":[[[19.0865,45.1454],[19.1145,45.1375],[19.1201,45.1338],[19.142,45.1299],[19.1872,45.166],[19.1946,45.179],[19.1661,45.1898],[19.16,45.188],[19.1548,45.2026],[19.1433,45.217],[19.0949,45.2086],[19.0774,45.2087],[19.0702,45.2028],[19.0682,45.1929],[19.0732,45.1852],[19.0649,45.1734],[19.0684,45.1642],[19.0625,45.1526],[19.0822,45.1489],[19.0865,45.1454]]]},"properties":{"name":"Općina Tovarnik","osm":"relation/8800246"}},
{"type":"Feature","geometry":{"type":"Polygon","coordinates":[[[19.2057,45.1924],[19.2098,45.1957],[19.211,45.2238],[19.2095,45.2298],[19.1932,45.2411],[19.1865,45.2491],[19.1964,45.2649],[19.18,45.2685],[19.1676,45.2742],[19.142,45.2812],[19.1279,45.2665],[19.1206,45.2637],[19.1331,45.2493],[19.1387,45.237],[19.1378,45.2284],[19.1433,45.217],[19.1548,45.2026],[19.16,45.188],[19.1661,45.1898],[19.1762,45.2025],[19.1909,45.2012],[19.2057,45.1924]]]},"properties":{"name":"Općina Lovas","osm":"relation/8800247"}},
{"type":"Feature","geometry":{"type":"Polygon","coordinates":[[[19.2057,45.1924],[19.2272,45.1848],[19.2378,45.1754],[19.2475,45.1778],[19.2501,45.1728],[19.2723,45.1758],[19.2773,45.1717],[19.2965,45.1712],[19.2939,45.1786],[19.2813,45.1932],[19.2877,45.1935],[19.2827,45.2072],[19.288,45.205],[19.3186,45.2078],[19.3324,45.1815],[19.33,45.1771],[19.347,45.1714],[19.3494,45.1648],[19.3672,45.1722],[19.3882,45.1732],[19.419,45.1658],[19.4357,45.1731],[19.428,45.1876],[19.4354,45.1932],[19.4473,45.1959],[19.4263,45.2191],[19.4207,45.2334],[19.3565,45.2313],[19.3418,45.2318],[19.3016,45.2361],[19.2889,45.2364],[19.2607,45.2427],[19.2602,45.2533],[19.2744,45.2694],[19.2681,45.2803],[19.251,45.2784],[19.244,45.2715],[19.2204,45.2644],[19.1964,45.2649],[19.1865,45.2491],[19.1932,45.2411],[19.2095,45.2298],[19.211,45.2238],[19.2098,45.1957],[19.2057,45.1924]]]},"properties":{"name":"Grad Ilok","osm":"relation/8800248"}},
{"type":"Feature","geometry":{"type":"Polygon","coordinates":[[[18.9508,45.4307],[18.9428,45.4269],[18.9423,45.4091],[18.9256,45.3925],[18.9419,45.3859],[18.9437,45.3904],[18.9713,45.3899],[18.9841,45.3985],[19.0222,45.4027],[19.0296,45.41],[19.029,45.4197],[19.0143,45.4311],[19.0048,45.435],[19.0018,45.4321],[18.9841,45.4324],[18.979,45.4353],[18.9647,45.4346],[18.9508,45.4307]]]},"properties":{"name":"Općina Borovo","osm":"relation/8800249"}},
{"type":"Feature","geometry":{"type":"Polygon","coordinates":[[[19.0468,45.283],[19.0708,45.2896],[19.0813,45.2808],[19.0744,45.2696],[19.0846,45.2714],[19.0917,45.2676],[19.1136,45.2738],[19.1206,45.2637],[19.1279,45.2665],[19.142,45.2812],[19.1142,45.2928],[19.1037,45.2998],[19.0975,45.3135],[19.0975,45.3272],[19.0927,45.3348],[19.0731,45.3417],[19.0536,45.3431],[19.0485,45.3485],[19.0247,45.3514],[19.0138,45.3577],[19.0051,45.3572],[18.9745,45.3736],[18.9695,45.3828],[18.9713,45.3899],[18.9437,45.3904],[18.9419,45.3859],[18.9256,45.3925],[18.9215,45.3859],[18.9048,45.3953],[18.894,45.3965],[18.886,45.402],[18.8743,45.3909],[18.9053,45.3781],[18.9228,45.3774],[18.9216,45.3731],[18.933,45.3538],[18.9373,45.3553],[18.9569,45.3547],[18.9629,45.3187],[18.9705,45.3116],[18.9663,45.3006],[18.9795,45.2992],[18.9789,45.2949],[18.9957,45.3006],[19.009,45.3016],[19.0205,45.2908],[19.0353,45.2913],[19.0468,45.283]]]},"properties":{"name":"Grad Vukovar","osm":"relation/8800250"}},
{"type":"Feature","geometry":{"type":"Polygon","coordinates":[[[18.9373,45.3553],[18.933,45.3538],[18.9216,45.3731],[18.9228,45.3774],[18.9053,45.3781],[18.8743,45.3909],[18.886,45.402],[18.894,45.3965],[18.9048,45.3953],[18.9215,45.3859],[18.9256,45.3925],[18.9423,45.4091],[18.9428,45.4269],[18.9508,45.4307],[18.946,45.4324],[18.9446,45.4422],[18.9367,45.4514],[18.9187,45.4566],[18.9244,45.4619],[18.9141,45.4655],[18.9167,45.4723],[18.9075,45.4739],[18.8862,45.4857],[18.8483,45.4817],[18.8519,45.4756],[18.8429,45.4643],[18.8354,45.4683],[18.8165,45.4579],[18.8026,45.4641],[18.7947,45.4566],[18.8034,45.4537],[18.8106,45.4462],[18.7966,45.4473],[18.7864,45.4344],[18.7996,45.4218],[18.8028,45.4088],[18.7941,45.4063],[18.8029,45.4051],[18.8232,45.397],[18.8389,45.3795],[18.8442,45.3675],[18.8404,45.3633],[18.8597,45.3595],[18.8575,45.3523],[18.8676,45.3445],[18.8682,45.3365],[18.8971,45.3434],[18.9025,45.3564],[18.9119,45.3575],[18.9257,45.3469],[18.9373,45.3553]]]},"properties":{"name":"Općina Trpinja","osm":"relation/8800251"}},
{"type":"Feature","geometry":{"type":"Polygon","coordinates":[[[17.9166,45.3323],[17.9229,45.3311],[17.9253,45.3379],[17.9166,45.3394],[17.9219,45.3589],[17.9326,45.3687],[17.9474,45.3624],[17.9618,45.3665],[17.9642,45.3762],[17.9531,45.3767],[17.9536,45.3857],[17.9596,45.3923],[17.9648,45.3904],[17.9728,45.4156],[17.9814,45.424],[17.9637,45.4303],[17.9601,45.4367],[17.9508,45.4382],[17.9368,45.4519],[17.906,45.4537],[17.8976,45.4536],[17.8848,45.461],[17.8857,45.4737],[17.872,45.4782],[17.8649,45.4868],[17.8533,45.4884],[17.8413,45.4843],[17.8301,45.4724],[17.7908,45.4766],[17.7779,45.4741],[17.7784,45.4656],[17.7948,45.4533],[17.7846,45.4315],[17.7783,45.4255],[17.7751,45.413],[17.7622,45.4129],[17.7601,45.4013],[17.7604,45.3958],[17.7847,45.3922],[17.7859,45.3815],[17.8115,45.3822],[17.8184,45.3784],[17.8288,45.3582],[17.8345,45.3578],[17.8399,45.3675],[17.847,45.3554],[17.8462,45.3471],[17.8507,45.3258],[17.864,45.322],[17.8758,45.3276],[17.869,45.3306],[17.8631,45.345],[17.8677,45.3577],[17.8746,45.3575],[17.8823,45.3654],[17.8824,45.3528],[17.8941,45.3511],[17.8949,45.3448],[17.9074,45.3403],[17.9072,45.3359],[17.9166,45.3323]]]},"properties":{"name":"Grad Kutjevo","osm":"relation/8801752"}},
{"type":"Feature","geometry":{"type":"Polygon","coordinates":[[[17.6033,45.5224],[17.6096,45.5347],[17.6013,45.5362],[17.5904,45.5507],[17.5724,45.5496],[17.5485,45.5674],[17.5364,45.5717],[17.5257,45.5795],[17.5127,45.5797],[17.5061,45.5615],[17.4979,45.5567],[17.486,45.5596],[17.483,45.5698],[17.465,45.5693],[17.4612,45.5803],[17.4458,45.5784],[17.4415,45.5751],[17.4529,45.5636],[17.4492,45.5552],[17.444,45.5559],[17.4383,45.5407],[17.4417,45.5272],[17.4411,45.5142],[17.4533,45.5217],[17.4749,45.5226],[17.4766,45.5155],[17.4721,45.5068],[17.4656,45.5039],[17.4694,45.492],[17.4671,45.4855],[17.4714,45.4773],[17.4683,45.4684],[17.4562,45.4571],[17.4652,45.4471],[17.4604,45.4338],[17.4461,45.4246],[17.4466,45.4131],[17.4331,45.4134],[17.4254,45.4045],[17.4077,45.3963],[17.4045,45.3917],[17.4143,45.3834],[17.4261,45.3801],[17.4366,45.3688],[17.4477,45.3643],[17.4488,45.358],[17.4606,45.3507],[17.4727,45.347],[17.4901,45.3459],[17.4851,45.3347],[17.4932,45.3209],[17.5094,45.3096],[17.5158,45.3055],[17.5228,45.3061],[17.5508,45.2977],[17.5672,45.2818],[17.5852,45.2884],[17.5969,45.2881],[17.6172,45.2992],[17.6146,45.3132],[17.6229,45.321],[17.636,45.3248],[17.6374,45.3325],[17.6174,45.3327],[17.6033,45.3375],[17.6012,45.3422],[17.6065,45.3551],[17.6011,45.3651],[17.5866,45.3718],[17.5884,45.3798],[17.5824,45.383],[17.5715,45.4012],[17.5489,45.4007],[17.5458,45.4129],[17.5399,45.4164],[17.536,45.4289],[17.5276,45.432],[17.5281,45.4254],[17.5215,45.4214],[17.5244,45.4351],[17.5133,45.4444],[17.5235,45.4495],[17.5297,45.4596],[17.5545,45.4653],[17.5562,45.493],[17.5498,45.497],[17.5606,45.5023],[17.5663,45.5114],[17.5885,45.5209],[17.6033,45.5224]]]},"properties":{"name":"Općina Brestovac","osm":"relation/8801753"}},
{"type":"Feature","geometry":{"type":"Polygon","coordinates":[[[17.6409,45.5163],[17.6358,45.5149],[17.6033,45.5224],[17.5885,45.5209],[17.5663,45.5114],[17.5606,45.5023],[17.5498,45.497],[17.5562,45.493],[17.5545,45.4653],[17.5297,45.4596],[17.5235,45.4495],[17.5133,45.4444],[17.5244,45.4351],[17.5215,45.4214],[17.5281,45.4254],[17.5276,45.432],[17.536,45.4289],[17.5399,45.4164],[17.5458,45.4129],[17.5489,45.4007],[17.5715,45.4012],[17.5824,45.383],[17.5884,45.3798],[17.5997,45.3904],[17.5961,45.3948],[17.6173,45.4047],[17.626,45.3934],[17.6369,45.3936],[17.6408,45.3886],[17.6526,45.3946],[17.6634,45.3932],[17.665,45.3865],[17.6729,45.3882],[17.6708,45.3955],[17.6766,45.4025],[17.6897,45.4031],[17.6839,45.4057],[17.6875,45.4227],[17.6863,45.4364],[17.6825,45.4401],[17.6871,45.4496],[17.6849,45.4635],[17.6939,45.4845],[17.7042,45.4915],[17.7191,45.4955],[17.7154,45.4999],[17.6987,45.5081],[17.6781,45.5147],[17.6698,45.5094],[17.6409,45.5163]]]},"properties":{"name":"Općina Velika","osm":"relation/8801754"}},
{"type":"Feature","geometry":{"type":"Polygon","coordinates":[[[17.7409,45.5026],[17.7263,45.4989],[17.7154,45.4999],[17.7191,45.4955],[17.7042,45.4915],[17.6939,45.4845],[17.6849,45.4635],[17.6871,45.4496],[17.6825,45.4401],[17.6863,45.4364],[17.6875,45.4227],[17.6839,45.4057],[17.6897,45.4031],[17.6864,45.3914],[17.6924,45.3898],[17.6941,45.3815],[17.6983,45.3869],[17.7214,45.3911],[17.7205,45.3848],[17.7371,45.3872],[17.7363,45.3934],[17.7438,45.3938],[17.7601,45.4013],[17.7622,45.4129],[17.7751,45.413],[17.7783,45.4255],[17.7846,45.4315],[17.7948,45.4533],[17.7784,45.4656],[17.7779,45.4741],[17.8001,45.4808],[17.7836,45.4951],[17.7409,45.5026]]]},"properties":{"name":"Općina Kaptol","osm":"relation/8801755"}},
{"type":"Feature","geometry":{"type":"Polygon","coordinates":[[[17.7501,45.3364],[17.7722,45.3319],[17.7783,45.3344],[17.7869,45.3506],[17.7989,45.3467],[17.7993,45.342],[17.8105,45.343],[17.8037,45.3527],[17.8084,45.3575],[17.8215,45.3438],[17.8288,45.3582],[17.8184,45.3784],[17.8115,45.3822],[17.7859,45.3815],[17.7847,45.3922],[17.7604,45.3958],[17.7601,45.4013],[17.7438,45.3938],[17.7363,45.3934],[17.7371,45.3872],[17.7205,45.3848],[17.7176,45.3677],[17.7198,45.3615],[17.7069,45.3523],[17.7163,45.3449],[17.7346,45.3454],[17.7501,45.3364]]]},"properties":{"name":"Općina Jakšić","osm":"relation/8801756"}},
{"type":"Feature","geometry":{"type":"Polygon","coordinates":[[[17.7501,45.3364],[17.7337,45.3058],[17.7403,45.3087],[17.7517,45.3064],[17.7486,45.2981],[17.7405,45.2913],[17.7166,45.2817],[17.7132,45.2822],[17.6941,45.2706],[17.7018,45.2574],[17.7094,45.2505],[17.7039,45.2387],[17.7164,45.2132],[17.7129,45.2068],[17.6998,45.204],[17.7061,45.1981],[17.7222,45.1939],[17.7234,45.1873],[17.743,45.1841],[17.7538,45.1859],[17.7582,45.1818],[17.7659,45.1874],[17.7799,45.1904],[17.7704,45.1961],[17.7749,45.2012],[17.7908,45.2011],[17.7835,45.2062],[17.7882,45.2099],[17.7831,45.2171],[17.7927,45.2193],[17.7992,45.2109],[17.8189,45.2068],[17.8363,45.2191],[17.8382,45.2293],[17.8483,45.2326],[17.8508,45.2376],[17.8614,45.2413],[17.8653,45.2475],[17.8836,45.256],[17.8825,45.2675],[17.8935,45.2857],[17.9155,45.2885],[17.9249,45.2872],[17.9255,45.295],[17.9171,45.2999],[17.9204,45.308],[17.9145,45.3235],[17.9166,45.3323],[17.9072,45.3359],[17.9074,45.3403],[17.8949,45.3448],[17.8941,45.3511],[17.8824,45.3528],[17.8823,45.3654],[17.8746,45.3575],[17.8677,45.3577],[17.8631,45.345],[17.869,45.3306],[17.8758,45.3276],[17.864,45.322],[17.8507,45.3258],[17.8462,45.3471],[17.847,45.3554],[17.8399,45.3675],[17.8345,45.3578],[17.8288,45.3582],[17.8215,45.3438],[17.8084,45.3575],[17.8037,45.3527],[17.8105,45.343],[17.7993,45.342],[17.7989,45.3467],[17.7869,45.3506],[17.7783,45.3344],[17.7722,45.3319],[17.7501,45.3364]]]},"properties":{"name":"Grad Pleternica","osm":"relation/8801757"}},
{"type":"Feature","geometry":{"type":"Polygon","coordinates":[[[17.6941,45.2706],[17.7132,45.2822],[17.7166,45.2817],[17.7405,45.2913],[17.7486,45.2981],[17.7517,45.3064],[17.7403,45.3087],[17.7337,45.3058],[17.7501,45.3364],[17.7346,45.3454],[17.7163,45.3449],[17.7069,45.3523],[17.7198,45.3615],[17.7176,45.3677],[17.7205,45.3848],[17.7214,45.3911],[17.6983,45.3869],[17.6941,45.3815],[17.6924,45.3898],[17.6864,45.3914],[17.6897,45.4031],[17.6766,45.4025],[17.6708,45.3955],[17.6729,45.3882],[17.665,45.3865],[17.6634,45.3932],[17.6526,45.3946],[17.6408,45.3886],[17.6369,45.3936],[17.626,45.3934],[17.6173,45.4047],[17.5961,45.3948],[17.5997,45.3904],[17.5884,45.3798],[17.5866,45.3718],[17.6011,45.3651],[17.6065,45.3551],[17.6012,45.3422],[17.6033,45.3375],[17.6174,45.3327],[17.6374,45.3325],[17.636,45.3248],[17.6229,45.321],[17.6146,45.3132],[17.6172,45.2992],[17.5969,45.2881],[17.5852,45.2884],[17.5672,45.2818],[17.602,45.2706],[17.6089,45.2682],[17.6635,45.2727],[17.6826,45.2696],[17.6941,45.2706]]]},"properties":{"name":"Grad Požega","osm":"relation/8801758"}},
{"type":"Feature","geometry":{"type":"Polygon","coordinates":[[[16.616,46.4652],[16.6059,46.4764],[16.5751,46.4714],[16.5625,46.4744],[16.5543,46.4804],[16.5436,46.4758],[16.5334,46.4809],[16.522,46.4782],[16.5153,46.4817],[16.5179,46.4879],[16.5075,46.4921],[16.4987,46.4879],[16.4914,46.4766],[16.4917,46.4719],[16.503,46.4708],[16.493,46.4438],[16.4976,46.4352],[16.5097,46.4423],[16.5281,46.4403],[16.5406,46.444],[16.5664,46.44],[16.5666,46.4446],[16.5866,46.4572],[16.6134,46.4615],[16.616,46.4652]]]},"properties":{"name":"Općina Podturen","osm":"relation/8804935"}},
{"type":"Feature","geometry":{"type":"Polygon","coordinates":[[[16.6257,46.4679],[16.616,46.4652],[16.6134,46.4615],[16.5866,46.4572],[16.5666,46.4446],[16.5664,46.44],[16.5744,46.4385],[16.5864,46.4401],[16.5964,46.4463],[16.6056,46.4448],[16.6151,46.4539],[16.6205,46.4534],[16.6257,46.4679]]]},"properties":{"name":"Općina Dekanovec","osm":"relation/8804936"}},
{"type":"Feature","geometry":{"type":"Polygon","coordinates":[[[16.5771,46.4209],[16.5803,46.4283],[16.5744,46.4385],[16.5664,46.44],[16.5406,46.444],[16.5281,46.4403],[16.5097,46.4423],[16.4976,46.4352],[16.4936,46.4311],[16.4903,46.413],[16.5034,46.3927],[16.5119,46.386],[16.5326,46.3923],[16.5504,46.4087],[16.5577,46.4107],[16.5628,46.4189],[16.5771,46.4209]]]},"properties":{"name":"Općina Belica","osm":"relation/8804937"}},
{"type":"Feature","geometry":{"type":"Polygon","coordinates":[[[16.6857,46.4312],[16.6733,46.4488],[16.6607,46.4451],[16.6644,46.459],[16.6532,46.4631],[16.6284,46.4629],[16.6257,46.4679],[16.6205,46.4534],[16.6151,46.4539],[16.6056,46.4448],[16.5964,46.4463],[16.5864,46.4401],[16.5744,46.4385],[16.5803,46.4283],[16.5771,46.4209],[16.589,46.4118],[16.5884,46.4066],[16.5962,46.4033],[16.6076,46.4059],[16.6195,46.4161],[16.631,46.4182],[16.6408,46.4139],[16.6705,46.4107],[16.6741,46.4201],[16.6787,46.4189],[16.6822,46.4227],[16.674,46.4298],[16.6857,46.4312]]]},"properties":{"name":"Općina Domašinec","osm":"relation/8804938"}},
{"type":"Feature","geometry":{"type":"Polygon","coordinates":[[[16.5807,46.3723],[16.5966,46.3664],[16.596,46.3696],[16.6166,46.374],[16.6374,46.3561],[16.6513,46.3593],[16.6686,46.3579],[16.6871,46.3721],[16.7037,46.3757],[16.7043,46.3823],[16.6814,46.3767],[16.673,46.3805],[16.6531,46.376],[16.6429,46.3795],[16.6575,46.3799],[16.6473,46.3931],[16.6509,46.3992],[16.678,46.3984],[16.678,46.4055],[16.6849,46.4055],[16.6883,46.4119],[16.6787,46.4189],[16.6741,46.4201],[16.6705,46.4107],[16.6408,46.4139],[16.631,46.4182],[16.6195,46.4161],[16.6076,46.4059],[16.5962,46.4033],[16.5884,46.4066],[16.5907,46.4025],[16.5804,46.3934],[16.5904,46.3813],[16.5807,46.3782],[16.5807,46.3723]]]},"properties":{"name":"Općina Donji Kraljevec","osm":"relation/8804939"}},
{"type":"Feature","geometry":{"type":"Polygon","coordinates":[[[16.6686,46.3579],[16.6513,46.3593],[16.6374,46.3561],[16.6166,46.374],[16.596,46.3696],[16.5966,46.3664],[16.5807,46.3723],[16.5754,46.3609],[16.5635,46.3609],[16.5618,46.3523],[16.5532,46.349],[16.5594,46.3389],[16.5673,46.3284],[16.5851,46.3184],[16.5989,46.3185],[16.6028,46.3109],[16.6103,46.3085],[16.6235,46.3121],[16.643,46.3086],[16.6436,46.319],[16.6495,46.3197],[16.6534,46.3116],[16.6669,46.3138],[16.6653,46.32],[16.6782,46.3215],[16.6914,46.323],[16.7181,46.3063],[16.7123,46.3174],[16.7023,46.3246],[16.7061,46.3329],[16.6967,46.3408],[16.715,46.3464],[16.7162,46.3545],[16.7248,46.3686],[16.7349,46.3693],[16.7428,46.3786],[16.7404,46.3847],[16.7354,46.3821],[16.7121,46.3843],[16.704,46.3753],[16.707,46.3682],[16.6907,46.3557],[16.6686,46.3579]]]},"properties":{"name":"Grad Prelog","osm":"relation/8804940"}},
{"type":"Feature","geometry":{"type":"Polygon","coordinates":[[[16.7237,46.3155],[16.7336,46.3145],[16.7382,46.3237],[16.7449,46.3207],[16.7386,46.3096],[16.7546,46.3046],[16.7626,46.3279],[16.762,46.3423],[16.7567,46.353],[16.7608,46.3597],[16.7485,46.3633],[16.7501,46.3703],[16.7428,46.3786],[16.7349,46.3693],[16.7248,46.3686],[16.7162,46.3545],[16.715,46.3464],[16.6967,46.3408],[16.7061,46.3329],[16.7023,46.3246],[16.7123,46.3174],[16.7125,46.3212],[16.7266,46.3202],[16.7237,46.3155]]]},"properties":{"name":"Općina Sveta Marija","osm":"relation/8804941"}},
{"type":"Feature","geometry":{"type":"Polygon","coordinates":[[[16.8579,46.3525],[16.8507,46.3546],[16.8507,46.3613],[16.8357,46.3659],[16.8341,46.3748],[16.8295,46.3679],[16.8241,46.3725],[16.8129,46.3718],[16.8035,46.3774],[16.8008,46.3853],[16.7913,46.387],[16.7795,46.3773],[16.7688,46.3865],[16.7627,46.3781],[16.7578,46.3857],[16.7416,46.3858],[16.7404,46.3847],[16.7428,46.3786],[16.7501,46.3703],[16.7485,46.3633],[16.7608,46.3597],[16.7699,46.3544],[16.7864,46.354],[16.7979,46.3417],[16.8036,46.3401],[16.8157,46.3437],[16.8332,46.3377],[16.8474,46.341],[16.8579,46.3525]]]},"properties":{"name":"Općina Kotoriba","osm":"relation/8804942"}},
{"type":"Feature","geometry":{"type":"Polygon","coordinates":[[[16.7778,46.3026],[16.8042,46.3074],[16.8072,46.2906],[16.8169,46.2872],[16.8363,46.3081],[16.8443,46.3219],[16.8575,46.3314],[16.8469,46.3359],[16.8474,46.341],[16.8332,46.3377],[16.8157,46.3437],[16.8036,46.3401],[16.8003,46.3291],[16.794,46.3263],[16.7884,46.3165],[16.7819,46.3141],[16.7778,46.3026]]]},"properties":{"name":"Općina Donja Dubrava","osm":"relation/8804943"}},
{"type":"Feature","geometry":{"type":"Polygon","coordinates":[[[16.7736,46.3048],[16.7778,46.3026],[16.7819,46.3141],[16.7884,46.3165],[16.794,46.3263],[16.8003,46.3291],[16.8036,46.3401],[16.7979,46.3417],[16.7864,46.354],[16.7699,46.3544],[16.7608,46.3597],[16.7567,46.353],[16.762,46.3423],[16.7626,46.3279],[16.7546,46.3046],[16.7645,46.3075],[16.7647,46.3148],[16.7736,46.3048]]]},"properties":{"name":"Općina Donji Vidovec","osm":"relation/8804944"}},
{"type":"Feature","geometry":{"type":"Polygon","coordinates":[[[16.3327,46.4878],[16.334,46.4779],[16.3459,46.4747],[16.3476,46.4645],[16.354,46.4663],[16.3792,46.4633],[16.3884,46.4639],[16.4107,46.457],[16.4148,46.461],[16.4302,46.4581],[16.4193,46.4647],[16.4131,46.473],[16.424,46.4813],[16.4259,46.4915],[16.4179,46.4951],[16.4221,46.5002],[16.4066,46.5078],[16.3944,46.4995],[16.3817,46.5145],[16.3737,46.5107],[16.3651,46.4951],[16.3681,46.4901],[16.3464,46.4835],[16.3327,46.4878]]]},"properties":{"name":"Općina Selnica","osm":"relation/8806166"}},
{"type":"Feature","geometry":{"type":"Polygon","coordinates":[[[16.3178,46.5259],[16.3129,46.5244],[16.3077,46.5138],[16.3011,46.512],[16.2836,46.5164],[16.266,46.5154],[16.2669,46.5049],[16.2603,46.5011],[16.2418,46.4985],[16.2408,46.4848],[16.2517,46.4815],[16.2598,46.4689],[16.2592,46.4612],[16.2645,46.4556],[16.2658,46.4389],[16.2716,46.4312],[16.2852,46.4433],[16.2804,46.4482],[16.2803,46.4603],[16.3091,46.4664],[16.3251,46.4652],[16.3361,46.4679],[16.3432,46.4609],[16.3476,46.4645],[16.3459,46.4747],[16.334,46.4779],[16.3327,46.4878],[16.3309,46.4957],[16.3188,46.4941],[16.3334,46.5194],[16.3208,46.5164],[16.3178,46.5259]]]},"properties":{"name":"Općina Štrigova","osm":"relation/8806167"}},
{"type":"Feature","geometry":{"type":"Polygon","coordinates":[[[16.3327,46.4878],[16.3464,46.4835],[16.3681,46.4901],[16.3651,46.4951],[16.3737,46.5107],[16.3817,46.5145],[16.3963,46.536],[16.3869,46.5363],[16.3821,46.5426],[16.3758,46.5411],[16.3697,46.5469],[16.3788,46.5477],[16.3795,46.5526],[16.3688,46.555],[16.3661,46.5468],[16.3441,46.5411],[16.3419,46.5303],[16.3178,46.5259],[16.3208,46.5164],[16.3334,46.5194],[16.3188,46.4941],[16.3309,46.4957],[16.3327,46.4878]]]},"properties":{"name":"Općina Sveti Martin na Muri","osm":"relation/8806168"}},
{"type":"Feature","geometry":{"type":"Polygon","coordinates":[[[16.4356,46.4627],[16.4401,46.4695],[16.44,46.4899],[16.4687,46.4859],[16.4774,46.4765],[16.4914,46.4766],[16.4987,46.4879],[16.5075,46.4921],[16.5088,46.4953],[16.4929,46.4976],[16.4853,46.5032],[16.4882,46.5083],[16.4788,46.5126],[16.4701,46.5117],[16.4712,46.5171],[16.4617,46.5145],[16.4515,46.5174],[16.4406,46.515],[16.4402,46.5262],[16.4254,46.5278],[16.41,46.534],[16.4113,46.5274],[16.3963,46.536],[16.3817,46.5145],[16.3944,46.4995],[16.4066,46.5078],[16.4221,46.5002],[16.4179,46.4951],[16.4259,46.4915],[16.424,46.4813],[16.4131,46.473],[16.4193,46.4647],[16.4302,46.4581],[16.4303,46.4579],[16.4356,46.4627]]]},"properties":{"name":"Grad Mursko Središće","osm":"relation/8806169"}},
{"type":"Feature","geometry":{"type":"Polygon","coordinates":[[[16.4914,46.4766],[16.4774,46.4765],[16.4687,46.4859],[16.44,46.4899],[16.4401,46.4695],[16.4356,46.4627],[16.4489,46.4604],[16.4675,46.4527],[16.4633,46.4448],[16.493,46.4438],[16.503,46.4708],[16.4917,46.4719],[16.4914,46.4766]]]},"properties":{"name":"Općina Vratišinec","osm":"relation/8806170"}},
{"type":"Feature","geometry":{"type":"Polygon","coordinates":[[[16.8475,46.2206],[16.8587,46.2141],[16.8682,46.221],[16.8763,46.218],[16.8815,46.21],[16.9021,46.2056],[16.917,46.1914],[16.9313,46.1957],[16.943,46.2099],[16.9551,46.2019],[16.9672,46.2072],[16.963,46.2176],[16.946,46.2272],[16.9456,46.2327],[16.9737,46.2367],[16.9732,46.2427],[16.9548,46.2392],[16.9339,46.2542],[16.93,46.2458],[16.922,46.2399],[16.9047,46.2404],[16.8928,46.2348],[16.8877,46.2295],[16.8711,46.2274],[16.8568,46.2291],[16.8508,46.2341],[16.8475,46.2206]]]},"properties":{"name":"Općina Drnje","osm":"relation/8806305"}},
{"type":"Feature","geometry":{"type":"Polygon","coordinates":[[[18.6396,45.4534],[18.6383,45.4415],[18.6591,45.4283],[18.6647,45.411],[18.6735,45.4082],[18.6941,45.4137],[18.6969,45.4048],[18.6902,45.3976],[18.6982,45.399],[18.7081,45.4075],[18.7078,45.4091],[18.7164,45.4181],[18.7204,45.4281],[18.7292,45.4386],[18.73,45.4483],[18.6849,45.4543],[18.6706,45.4791],[18.6632,45.4786],[18.6537,45.4587],[18.6396,45.4534]]]},"properties":{"name":"Općina Ernestinovo","osm":"relation/8807640"}},
{"type":"Feature","geometry":{"type":"Polygon","coordinates":[[[18.6998,45.6689],[18.7005,45.6597],[18.7152,45.6515],[18.7186,45.6353],[18.7398,45.6225],[18.7253,45.6038],[18.711,45.6015],[18.7077,45.5739],[18.7272,45.5757],[18.7258,45.5698],[18.7374,45.5676],[18.7346,45.5632],[18.754,45.5555],[18.7601,45.5462],[18.7691,45.5424],[18.7879,45.5451],[18.813,45.5517],[18.8207,45.5503],[18.8351,45.5589],[18.8388,45.5495],[18.8588,45.5511],[18.8774,45.5519],[18.8932,45.5465],[18.9271,45.5438],[18.9234,45.5498],[18.9334,45.558],[18.9317,45.5635],[18.9142,45.5686],[18.9033,45.5684],[18.8973,45.5794],[18.903,45.5912],[18.9126,45.6009],[18.9324,45.5982],[18.9448,45.6038],[18.9452,45.6191],[18.9279,45.6143],[18.914,45.6143],[18.9161,45.6217],[18.9249,45.6258],[18.9418,45.6214],[18.9519,45.627],[18.9452,45.6342],[18.9366,45.6313],[18.9351,45.6444],[18.9469,45.6437],[18.9722,45.6511],[18.9757,45.6574],[18.9713,45.6647],[18.9579,45.6695],[18.9592,45.6777],[18.9506,45.6854],[18.9333,45.6881],[18.9159,45.7035],[18.9071,45.6945],[18.9058,45.6833],[18.8755,45.6849],[18.8637,45.6763],[18.8572,45.6656],[18.8461,45.6716],[18.8547,45.681],[18.8539,45.6874],[18.8426,45.6936],[18.8364,45.7021],[18.8187,45.6965],[18.8144,45.6916],[18.7949,45.6895],[18.7764,45.698],[18.764,45.6925],[18.7631,45.6763],[18.7192,45.6824],[18.7201,45.6791],[18.7076,45.6768],[18.7098,45.6695],[18.6998,45.6689]]]},"properties":{"name":"Općina Bilje","osm":"relation/8811408"}},
{"type":"Feature","geometry":{"type":"Polygon","coordinates":[[[17.2582,46.0116],[17.2711,46.0171],[17.2719,46.0209],[17.292,46.0228],[17.2922,46.0323],[17.2596,46.0325],[17.2577,46.0462],[17.2717,46.0534],[17.27,46.0573],[17.2379,46.0585],[17.2307,46.0609],[17.2395,46.0669],[17.2387,46.0773],[17.2213,46.0813],[17.2046,46.0761],[17.2012,46.0801],[17.1909,46.0874],[17.1873,46.0802],[17.1712,46.086],[17.1567,46.0779],[17.153,46.0848],[17.1452,46.0809],[17.1576,46.074],[17.1543,46.0625],[17.1582,46.0563],[17.1452,46.0515],[17.1436,46.0468],[17.1556,46.0469],[17.1721,46.0565],[17.1786,46.0512],[17.1816,46.0373],[17.1924,46.0283],[17.206,46.0293],[17.2126,46.0255],[17.2158,46.017],[17.2279,46.0169],[17.2299,46.0105],[17.2504,46.0068],[17.2582,46.0116]]]},"properties":{"name":"Općina Ferdinandovac","osm":"relation/8815115"}},
{"type":"Feature","geometry":{"type":"Polygon","coordinates":[[[17.1392,46.1257],[17.138,46.1155],[17.1309,46.1087],[17.114,46.1134],[17.1071,46.1185],[17.1003,46.1072],[17.0856,46.11],[17.093,46.104],[17.0895,46.1006],[17.0735,46.0987],[17.0674,46.0889],[17.0727,46.0798],[17.0857,46.094],[17.0997,46.0848],[17.1077,46.0902],[17.1199,46.0806],[17.1452,46.0809],[17.153,46.0848],[17.1567,46.0779],[17.1712,46.086],[17.1873,46.0802],[17.1909,46.0874],[17.2012,46.0801],[17.2191,46.0827],[17.2234,46.0942],[17.2301,46.0998],[17.2095,46.0993],[17.218,46.108],[17.213,46.1143],[17.2101,46.109],[17.2031,46.1123],[17.1858,46.1064],[17.1761,46.112],[17.1721,46.123],[17.1673,46.1192],[17.1392,46.1257]]]},"properties":{"name":"Općina Novo Virje","osm":"relation/8815116"}},
{"type":"Feature","geometry":{"type":"Polygon","coordinates":[[[16.4499,45.5324],[16.4554,45.5245],[16.4641,45.5227],[16.4847,45.51],[16.4895,45.5162],[16.4787,45.5237],[16.5024,45.5454],[16.5159,45.5532],[16.5114,45.5605],[16.5154,45.5663],[16.5261,45.5593],[16.5383,45.5688],[16.5619,45.5825],[16.5688,45.5751],[16.5815,45.5824],[16.5825,45.5864],[16.605,45.595],[16.6068,45.5928],[16.6332,45.6041],[16.639,45.5965],[16.6558,45.6011],[16.6527,45.6116],[16.6595,45.6195],[16.6869,45.6374],[16.6938,45.645],[16.7017,45.6452],[16.7079,45.6518],[16.7022,45.6575],[16.6819,45.6519],[16.6684,45.6513],[16.6684,45.6646],[16.6621,45.6697],[16.6483,45.6676],[16.6427,45.6631],[16.624,45.6641],[16.6099,45.6704],[16.6069,45.6503],[16.5923,45.6477],[16.59,45.6391],[16.594,45.6332],[16.574,45.6219],[16.5639,45.6221],[16.5583,45.6266],[16.5471,45.6241],[16.5339,45.6097],[16.5166,45.6083],[16.5004,45.6014],[16.4932,45.586],[16.4815,45.582],[16.4808,45.5699],[16.4712,45.5756],[16.4628,45.5674],[16.4624,45.557],[16.4521,45.5531],[16.4537,45.5459],[16.4499,45.5324]]]},"properties":{"name":"Općina Velika Ludina","osm":"relation/8820147"}},
{"type":"Feature","geometry":{"type":"Polygon","coordinates":[[[16.6848,45.4672],[16.6891,45.4753],[16.7,45.4839],[16.7056,45.4979],[16.7309,45.5155],[16.7314,45.5242],[16.747,45.536],[16.7196,45.5343],[16.7098,45.5389],[16.7132,45.5448],[16.6966,45.5606],[16.7054,45.5715],[16.7069,45.5815],[16.7179,45.5911],[16.715,45.5974],[16.7282,45.6057],[16.7402,45.6184],[16.7486,45.6199],[16.7411,45.6249],[16.7297,45.6228],[16.7283,45.6325],[16.7221,45.6425],[16.7079,45.6518],[16.7017,45.6452],[16.6938,45.645],[16.6869,45.6374],[16.6595,45.6195],[16.6527,45.6116],[16.6558,45.6011],[16.639,45.5965],[16.6332,45.6041],[16.6068,45.5928],[16.605,45.595],[16.5825,45.5864],[16.5815,45.5824],[16.5688,45.5751],[16.5619,45.5825],[16.5383,45.5688],[16.5261,45.5593],[16.5154,45.5663],[16.5114,45.5605],[16.5159,45.5532],[16.5024,45.5454],[16.4787,45.5237],[16.4895,45.5162],[16.4931,45.5208],[16.5117,45.5222],[16.5161,45.5183],[16.5315,45.5194],[16.541,45.4946],[16.5567,45.5029],[16.5636,45.4886],[16.5984,45.4779],[16.6062,45.4812],[16.6172,45.4792],[16.6573,45.4609],[16.6797,45.4618],[16.6848,45.4672]]]},"properties":{"name":"Grad Popovača","osm":"relation/8820148"}},
{"type":"Feature","geometry":{"type":"Polygon","coordinates":[[[18.1234,45.6806],[18.1193,45.6748],[18.1086,45.6787],[18.1032,45.6743],[18.0941,45.6762],[18.0939,45.6679],[18.0133,45.6687],[18.0164,45.6554],[18.0232,45.6571],[18.034,45.6424],[18.0447,45.6452],[18.0671,45.6432],[18.0674,45.6302],[18.0891,45.6282],[18.1196,45.6163],[18.1207,45.614],[18.155,45.6115],[18.1696,45.6161],[18.1739,45.6032],[18.2005,45.5944],[18.212,45.588],[18.2162,45.5774],[18.2249,45.585],[18.2358,45.5892],[18.2489,45.5873],[18.2549,45.592],[18.2499,45.5965],[18.2546,45.6213],[18.2537,45.6284],[18.2639,45.628],[18.2573,45.6423],[18.2484,45.6412],[18.239,45.6463],[18.2321,45.6713],[18.2116,45.6756],[18.2144,45.6825],[18.2033,45.6793],[18.1931,45.681],[18.1893,45.6672],[18.1757,45.6689],[18.1737,45.6619],[18.1616,45.6642],[18.1568,45.6736],[18.1429,45.6791],[18.1394,45.675],[18.1234,45.6806]]]},"properties":{"name":"Općina Magadenovac","osm":"relation/8820185"}},
{"type":"Feature","geometry":{"type":"Polygon","coordinates":[[[18.0515,45.5217],[18.0572,45.5158],[18.076,45.5251],[18.0869,45.5179],[18.0921,45.5279],[18.0965,45.5265],[18.1034,45.554],[18.1118,45.5568],[18.1141,45.563],[18.1308,45.5616],[18.1302,45.5589],[18.1461,45.5576],[18.151,45.5759],[18.1618,45.5817],[18.1826,45.5816],[18.1924,45.5784],[18.2017,45.5812],[18.205,45.5767],[18.2159,45.5773],[18.2162,45.5774],[18.212,45.588],[18.2005,45.5944],[18.1739,45.6032],[18.1696,45.6161],[18.155,45.6115],[18.1207,45.614],[18.1196,45.6163],[18.0891,45.6282],[18.0674,45.6302],[18.0471,45.634],[18.0268,45.6052],[18.013,45.5908],[18.0012,45.5859],[18.0018,45.5806],[17.992,45.5741],[17.9898,45.5625],[17.9883,45.5576],[18,45.5505],[18.0237,45.5405],[18.0236,45.5349],[18.0342,45.5261],[18.0515,45.5217]]]},"properties":{"name":"Općina Đurđenovac","osm":"relation/8820186"}},
{"type":"Feature","geometry":{"type":"Polygon","coordinates":[[[14.9596,45.3934],[14.942,45.3832],[14.9139,45.3844],[14.9107,45.3938],[14.9218,45.4021],[14.9299,45.403],[14.9203,45.4122],[14.9133,45.4062],[14.8926,45.4143],[14.8887,45.4067],[14.8652,45.3949],[14.8723,45.3932],[14.8797,45.3844],[14.893,45.3769],[14.8887,45.3733],[14.8701,45.3693],[14.8604,45.3574],[14.849,45.3528],[14.8523,45.3436],[14.8588,45.3446],[14.8926,45.327],[14.9177,45.3195],[14.9734,45.3225],[14.9988,45.3264],[15.01,45.3286],[14.9975,45.3407],[14.9907,45.3614],[15.0043,45.3666],[15.0135,45.3765],[15.0132,45.3854],[15.0069,45.3933],[14.9779,45.3957],[14.9596,45.3934]]]},"properties":{"name":"Općina Ravna Gora","osm":"relation/8820566"}},
{"type":"Feature","geometry":{"type":"Polygon","coordinates":[[[14.8652,45.3949],[14.8887,45.4067],[14.8926,45.4143],[14.9133,45.4062],[14.9203,45.4122],[14.9299,45.403],[14.9218,45.4021],[14.9107,45.3938],[14.9139,45.3844],[14.942,45.3832],[14.9596,45.3934],[14.9647,45.4004],[14.9729,45.4199],[14.9667,45.4246],[14.9581,45.427],[14.9557,45.4349],[14.9607,45.442],[14.9545,45.4489],[14.9306,45.4625],[14.9294,45.467],[14.9183,45.4696],[14.9113,45.4655],[14.903,45.4688],[14.8857,45.4643],[14.8702,45.4574],[14.8598,45.4453],[14.8757,45.44],[14.8619,45.4331],[14.8655,45.4159],[14.8652,45.3949]]]},"properties":{"name":"Općina Skrad","osm":"relation/8820567"}},
{"type":"Feature","geometry":{"type":"Polygon","coordinates":[[[15.0376,45.4868],[15.0273,45.4857],[15.0105,45.4977],[14.9877,45.4964],[14.981,45.4987],[14.9425,45.5242],[14.9315,45.5293],[14.9212,45.5277],[14.9136,45.5188],[14.9166,45.5046],[14.9117,45.5011],[14.9158,45.4944],[14.9108,45.4905],[14.9116,45.4816],[14.918,45.4799],[14.9183,45.4696],[14.9294,45.467],[14.9306,45.4625],[14.9545,45.4489],[14.9607,45.442],[14.9557,45.4349],[14.9581,45.427],[14.9667,45.4246],[14.9746,45.4254],[14.9867,45.4321],[14.9949,45.4495],[15.0051,45.4614],[15.0192,45.4592],[15.0291,45.4513],[15.0291,45.4598],[15.0506,45.4714],[15.0376,45.4868]]]},"properties":{"name":"Općina Brod Moravice","osm":"relation/8820568"}},
{"type":"Feature","geometry":{"type":"Polygon","coordinates":[[[15.2767,45.2753],[15.2804,45.2748],[15.3078,45.2432],[15.3163,45.2302],[15.3347,45.2122],[15.3845,45.1992],[15.383,45.1906],[15.3935,45.17],[15.4141,45.1564],[15.4306,45.1591],[15.4527,45.1712],[15.4511,45.1805],[15.4349,45.1908],[15.4288,45.1989],[15.4352,45.2062],[15.4321,45.2164],[15.4399,45.2291],[15.4378,45.2321],[15.4262,45.2384],[15.4183,45.2563],[15.4123,45.2553],[15.3961,45.2696],[15.3885,45.2696],[15.3791,45.276],[15.3721,45.2762],[15.3377,45.2899],[15.318,45.2891],[15.3093,45.2781],[15.2999,45.2748],[15.2965,45.2818],[15.2858,45.2851],[15.2681,45.2773],[15.2767,45.2753]]]},"properties":{"name":"Općina Tounj","osm":"relation/8820569"}},
{"type":"Feature","geometry":{"type":"Polygon","coordinates":[[[15.4141,45.1564],[15.3935,45.17],[15.383,45.1906],[15.3845,45.1992],[15.3347,45.2122],[15.3163,45.2302],[15.3078,45.2432],[15.2804,45.2748],[15.2767,45.2753],[15.2788,45.2606],[15.2694,45.2472],[15.2715,45.2429],[15.2582,45.2316],[15.2599,45.2257],[15.2501,45.218],[15.2436,45.2177],[15.2521,45.1954],[15.2582,45.1842],[15.266,45.178],[15.2561,45.1736],[15.2568,45.1643],[15.2281,45.1495],[15.2,45.1568],[15.1887,45.1652],[15.174,45.1572],[15.1598,45.1622],[15.164,45.149],[15.1751,45.1459],[15.1873,45.1258],[15.1842,45.1195],[15.1907,45.1119],[15.2026,45.1063],[15.2061,45.099],[15.2216,45.0951],[15.2354,45.0824],[15.235,45.0777],[15.2542,45.0709],[15.2448,45.0767],[15.2428,45.0848],[15.2648,45.0907],[15.2754,45.1041],[15.2858,45.1067],[15.2791,45.1171],[15.2865,45.1172],[15.2905,45.1239],[15.3061,45.1226],[15.3107,45.1157],[15.3255,45.1146],[15.3368,45.1197],[15.3512,45.1319],[15.3783,45.144],[15.3827,45.153],[15.394,45.148],[15.3986,45.1523],[15.3927,45.1628],[15.4141,45.1564]]]},"properties":{"name":"Općina Josipdol","osm":"relation/8820570"}},
{"type":"Feature","geometry":{"type":"Polygon","coordinates":[[[15.342,45.0186],[15.3468,45.0248],[15.3644,45.0178],[15.3718,45.0214],[15.3622,45.0279],[15.3566,45.037],[15.3812,45.0426],[15.3858,45.0502],[15.3936,45.0539],[15.4142,45.0436],[15.4135,45.0324],[15.4265,45.0304],[15.4388,45.0321],[15.4458,45.0285],[15.4603,45.0364],[15.4691,45.0345],[15.4877,45.0224],[15.4995,45.0187],[15.5104,45.0476],[15.5001,45.0579],[15.4841,45.0629],[15.4726,45.0708],[15.4558,45.0771],[15.4439,45.0978],[15.4507,45.0985],[15.4404,45.1093],[15.4193,45.1128],[15.4081,45.1235],[15.4082,45.1333],[15.3993,45.1344],[15.3881,45.1447],[15.394,45.148],[15.3827,45.153],[15.3783,45.144],[15.3512,45.1319],[15.3368,45.1197],[15.3255,45.1146],[15.3107,45.1157],[15.3061,45.1226],[15.2905,45.1239],[15.2865,45.1172],[15.2791,45.1171],[15.2858,45.1067],[15.2754,45.1041],[15.2648,45.0907],[15.2428,45.0848],[15.2448,45.0767],[15.2542,45.0709],[15.2725,45.0685],[15.2736,45.0629],[15.3015,45.0496],[15.3151,45.0329],[15.3329,45.0211],[15.342,45.0186]]]},"properties":{"name":"Općina Plaški","osm":"relation/8820571"}},
{"type":"Feature","geometry":{"type":"Polygon","coordinates":[[[15.4995,45.0187],[15.4877,45.0224],[15.4691,45.0345],[15.4603,45.0364],[15.4458,45.0285],[15.4388,45.0321],[15.4265,45.0304],[15.4135,45.0324],[15.4142,45.0436],[15.3936,45.0539],[15.3858,45.0502],[15.3812,45.0426],[15.3566,45.037],[15.3622,45.0279],[15.3718,45.0214],[15.3644,45.0178],[15.3801,45.0081],[15.3796,45.0031],[15.393,44.9927],[15.3984,44.9819],[15.4139,44.9754],[15.4216,44.9535],[15.4347,44.9403],[15.4395,44.9354],[15.4684,44.9259],[15.5001,44.933],[15.5069,44.9294],[15.5151,44.9338],[15.5216,44.9146],[15.5174,44.9145],[15.5303,44.9021],[15.531,44.9123],[15.5487,44.8914],[15.5574,44.8872],[15.5617,44.8797],[15.5751,44.8874],[15.557,44.9012],[15.5517,44.9096],[15.5261,44.9216],[15.5371,44.9425],[15.5444,44.9387],[15.5541,44.9458],[15.5532,44.9575],[15.5674,44.9608],[15.5558,44.9741],[15.55,44.9743],[15.5379,44.9823],[15.5374,44.9887],[15.5258,45.0026],[15.5293,45.0077],[15.5092,45.0187],[15.4995,45.0187]]]},"properties":{"name":"Općina Saborsko","osm":"relation/8820572"}},
{"type":"Feature","geometry":{"type":"Polygon","coordinates":[[[15.5617,44.8797],[15.5574,44.8872],[15.5487,44.8914],[15.531,44.9123],[15.5303,44.9021],[15.5174,44.9145],[15.5216,44.9146],[15.5151,44.9338],[15.5069,44.9294],[15.5001,44.933],[15.4684,44.9259],[15.4395,44.9354],[15.4347,44.9403],[15.4413,44.924],[15.4369,44.9149],[15.4478,44.8986],[15.4348,44.8873],[15.4382,44.8791],[15.4237,44.8828],[15.4222,44.8884],[15.4015,44.8889],[15.3985,44.8864],[15.3775,44.8841],[15.3737,44.8766],[15.3791,44.8712],[15.3713,44.8675],[15.3611,44.8691],[15.3574,44.8635],[15.351,44.8708],[15.3406,44.872],[15.3234,44.8621],[15.3331,44.8489],[15.346,44.849],[15.3591,44.8429],[15.3776,44.829],[15.3916,44.8268],[15.4097,44.8102],[15.4229,44.806],[15.436,44.7946],[15.448,44.7747],[15.4635,44.7631],[15.4656,44.7541],[15.5099,44.7487],[15.5148,44.752],[15.5323,44.7516],[15.5323,44.7575],[15.5413,44.7656],[15.5499,44.7621],[15.5575,44.7725],[15.5816,44.7852],[15.5883,44.7862],[15.5947,44.797],[15.597,44.8093],[15.5706,44.8104],[15.569,44.8178],[15.5591,44.8226],[15.54,44.8389],[15.5407,44.8434],[15.5251,44.8437],[15.5355,44.8484],[15.5489,44.8631],[15.5586,44.8642],[15.5737,44.8747],[15.5617,44.8797]]]},"properties":{"name":"Općina Vrhovine","osm":"relation/8820573"}},
{"type":"Feature","geometry":{"type":"Polygon","coordinates":[[[14.9667,45.4246],[14.9729,45.4199],[14.9647,45.4004],[14.9596,45.3934],[14.9779,45.3957],[15.0069,45.3933],[15.0132,45.3854],[15.0135,45.3765],[15.0043,45.3666],[14.9907,45.3614],[14.9975,45.3407],[15.01,45.3286],[14.9988,45.3264],[14.9908,45.312],[15.0158,45.3204],[15.021,45.324],[15.0299,45.3135],[15.0327,45.3026],[15.0481,45.2966],[15.0673,45.2964],[15.0893,45.2985],[15.0842,45.2846],[15.1085,45.2785],[15.1236,45.3044],[15.1389,45.3062],[15.1461,45.3038],[15.1769,45.312],[15.1828,45.323],[15.1768,45.3273],[15.1819,45.332],[15.1766,45.3366],[15.1797,45.3462],[15.1889,45.3491],[15.2119,45.3689],[15.2187,45.389],[15.2298,45.4008],[15.2236,45.4134],[15.2337,45.4202],[15.2261,45.4269],[15.2021,45.4268],[15.1959,45.4355],[15.1765,45.4215],[15.1664,45.4222],[15.1468,45.4312],[15.1371,45.4449],[15.1261,45.4461],[15.1041,45.4626],[15.0852,45.4678],[15.0857,45.4832],[15.0614,45.4879],[15.0567,45.4933],[15.0481,45.4936],[15.0376,45.4868],[15.0506,45.4714],[15.0291,45.4598],[15.0291,45.4513],[15.0192,45.4592],[15.0051,45.4614],[14.9949,45.4495],[14.9867,45.4321],[14.9746,45.4254],[14.9667,45.4246]]]},"properties":{"name":"Grad Vrbovsko","osm":"relation/8820582"}},
{"type":"Feature","geometry":{"type":"Polygon","coordinates":[[[15.394,45.148],[15.3881,45.1447],[15.3993,45.1344],[15.4082,45.1333],[15.4081,45.1235],[15.4193,45.1128],[15.4404,45.1093],[15.4507,45.0985],[15.4439,45.0978],[15.4558,45.0771],[15.4726,45.0708],[15.4841,45.0629],[15.5001,45.0579],[15.5104,45.0476],[15.5234,45.0629],[15.5344,45.0675],[15.5447,45.0674],[15.5802,45.062],[15.6024,45.0716],[15.6077,45.0795],[15.6296,45.0653],[15.6468,45.0639],[15.6497,45.0586],[15.6721,45.0539],[15.6616,45.0418],[15.682,45.0511],[15.6962,45.0508],[15.7093,45.0446],[15.722,45.0438],[15.7251,45.0399],[15.7349,45.0544],[15.7342,45.0616],[15.7409,45.0635],[15.7263,45.0667],[15.7152,45.0778],[15.6984,45.0779],[15.6939,45.0854],[15.6987,45.093],[15.7099,45.097],[15.7034,45.1028],[15.7056,45.1124],[15.683,45.1191],[15.6796,45.1144],[15.6678,45.1214],[15.6458,45.12],[15.6493,45.1301],[15.6474,45.1399],[15.6573,45.1481],[15.6498,45.1584],[15.6509,45.1726],[15.6569,45.1783],[15.6502,45.18],[15.6498,45.1875],[15.6287,45.2007],[15.6242,45.2138],[15.629,45.2209],[15.6329,45.2228],[15.6321,45.2371],[15.6383,45.2391],[15.6281,45.2466],[15.6267,45.2544],[15.6162,45.2537],[15.6109,45.2648],[15.601,45.2618],[15.5968,45.2652],[15.5856,45.2632],[15.5739,45.276],[15.5739,45.2847],[15.5617,45.2812],[15.5637,45.2856],[15.5501,45.2898],[15.5419,45.2834],[15.5464,45.2785],[15.5416,45.269],[15.5223,45.27],[15.5046,45.2638],[15.4962,45.2347],[15.5024,45.226],[15.496,45.2263],[15.4645,45.2394],[15.4466,45.2381],[15.4378,45.2321],[15.4399,45.2291],[15.4321,45.2164],[15.4352,45.2062],[15.4288,45.1989],[15.4349,45.1908],[15.4511,45.1805],[15.4527,45.1712],[15.4306,45.1591],[15.4141,45.1564],[15.3927,45.1628],[15.3986,45.1523],[15.394,45.148]]]},"properties":{"name":"Grad Slunj","osm":"relation/8820603"}},
{"type":"Feature","geometry":{"type":"Polygon","coordinates":[[[15.7413,45.0619],[15.7409,45.0635],[15.7342,45.0616],[15.7349,45.0544],[15.7251,45.0399],[15.722,45.0438],[15.7093,45.0446],[15.6962,45.0508],[15.682,45.0511],[15.6616,45.0418],[15.6721,45.0539],[15.6497,45.0586],[15.6468,45.0639],[15.6296,45.0653],[15.6077,45.0795],[15.6024,45.0716],[15.5802,45.062],[15.5447,45.0674],[15.5344,45.0675],[15.5234,45.0629],[15.5104,45.0476],[15.4995,45.0187],[15.5092,45.0187],[15.5293,45.0077],[15.5258,45.0026],[15.5374,44.9887],[15.5379,44.9823],[15.55,44.9743],[15.5558,44.9741],[15.5674,44.9608],[15.5532,44.9575],[15.5541,44.9458],[15.5444,44.9387],[15.556,44.9288],[15.572,44.9255],[15.5759,44.9289],[15.5886,44.9257],[15.5887,44.9327],[15.6052,44.9273],[15.599,44.9343],[15.6055,44.9426],[15.6091,44.9326],[15.6181,44.9373],[15.6216,44.9249],[15.6297,44.9379],[15.647,44.947],[15.6612,44.9482],[15.6787,44.9323],[15.6913,44.9285],[15.6949,44.9227],[15.7013,44.9252],[15.7039,44.9197],[15.7123,44.924],[15.7254,44.9254],[15.7367,44.9356],[15.7499,44.9507],[15.7456,44.9548],[15.7487,44.9673],[15.7707,44.9717],[15.781,44.9694],[15.7805,44.983],[15.7859,44.9952],[15.7733,45.0062],[15.7646,45.0197],[15.7529,45.055],[15.7413,45.0619]]]},"properties":{"name":"Općina Rakovica","osm":"relation/8820612"}},
{"type":"Feature","geometry":{"type":"Polygon","coordinates":[[[15.5617,44.8797],[15.5737,44.8747],[15.5586,44.8642],[15.5489,44.8631],[15.5355,44.8484],[15.5251,44.8437],[15.5407,44.8434],[15.54,44.8389],[15.5591,44.8226],[15.569,44.8178],[15.5706,44.8104],[15.597,44.8093],[15.5947,44.797],[15.5883,44.7862],[15.5816,44.7852],[15.5575,44.7725],[15.5499,44.7621],[15.5413,44.7656],[15.5323,44.7575],[15.5323,44.7516],[15.5148,44.752],[15.5099,44.7487],[15.4656,44.7541],[15.4601,44.7364],[15.4877,44.7199],[15.508,44.7127],[15.5116,44.7043],[15.5216,44.6939],[15.5299,44.6898],[15.538,44.684],[15.5436,44.6907],[15.5549,44.6944],[15.5696,44.6905],[15.575,44.6934],[15.5863,44.6902],[15.5734,44.7003],[15.5756,44.7068],[15.6049,44.6989],[15.6146,44.7026],[15.6378,44.7001],[15.6531,44.709],[15.6655,44.7093],[15.674,44.7051],[15.676,44.7146],[15.6789,44.7062],[15.7011,44.6932],[15.7171,44.6992],[15.7434,44.6958],[15.7697,44.6832],[15.7912,44.6927],[15.8006,44.699],[15.7898,44.7122],[15.7798,44.7128],[15.788,44.7208],[15.7968,44.7202],[15.7986,44.7299],[15.8125,44.7373],[15.8022,44.7434],[15.7886,44.7459],[15.7468,44.7954],[15.7401,44.8003],[15.7428,44.8092],[15.7287,44.8255],[15.7618,44.8296],[15.7805,44.8396],[15.7929,44.8429],[15.7933,44.8466],[15.7602,44.8696],[15.7602,44.8874],[15.7545,44.9034],[15.7394,44.9351],[15.7367,44.9356],[15.7254,44.9254],[15.7123,44.924],[15.7039,44.9197],[15.7013,44.9252],[15.6949,44.9227],[15.6913,44.9285],[15.6787,44.9323],[15.6612,44.9482],[15.647,44.947],[15.6297,44.9379],[15.6216,44.9249],[15.6181,44.9373],[15.6091,44.9326],[15.6055,44.9426],[15.599,44.9343],[15.6052,44.9273],[15.5887,44.9327],[15.5886,44.9257],[15.5759,44.9289],[15.572,44.9255],[15.556,44.9288],[15.5444,44.9387],[15.5371,44.9425],[15.5261,44.9216],[15.5517,44.9096],[15.557,44.9012],[15.5751,44.8874],[15.5617,44.8797]]]},"properties":{"name":"Općina Plitvička Jezera","osm":"relation/8820631"}},
{"type":"Feature","geometry":{"type":"MultiPolygon","coordinates":[[[[16.1539,43.6957],[16.1356,43.6999],[16.1175,43.6987],[16.1069,43.7124],[16.1003,43.7283],[16.0948,43.731],[16.0833,43.7279],[16.0725,43.732],[16.0696,43.7394],[16.0238,43.761],[16.0313,43.7739],[16.0504,43.7768],[16.0534,43.7798],[16.0396,43.7864],[16.0385,43.7948],[16.0424,43.8026],[16.0377,43.8058],[16.0595,43.8184],[16.0542,43.826],[16.0362,43.8331],[16.0174,43.8246],[16.0151,43.8196],[16.0005,43.8096],[15.982,43.8026],[15.9739,43.8047],[15.9665,43.8037],[15.9535,43.8122],[15.9446,43.8213],[15.9347,43.8186],[15.9207,43.8129],[15.9141,43.8063],[15.9225,43.7996],[15.9257,43.7813],[15.939,43.7702],[15.9262,43.7563],[15.9149,43.7515],[15.905,43.7553],[15.8993,43.7532],[15.8787,43.7684],[15.8756,43.7768],[15.8649,43.7887],[15.8508,43.7897],[15.8496,43.7775],[15.8435,43.774],[15.8508,43.763],[15.8767,43.7462],[15.8887,43.7401],[15.8887,43.735],[15.9058,43.7202],[15.8994,43.7135],[15.8895,43.7197],[15.8878,43.7265],[15.871,43.7271],[15.8584,43.7227],[15.8556,43.7156],[15.8644,43.7069],[15.8876,43.6935],[15.8937,43.6997],[15.9028,43.6929],[15.9145,43.6795],[15.9265,43.672],[15.944,43.6739],[15.9464,43.6801],[15.9394,43.6917],[15.9448,43.6932],[15.9587,43.6828],[15.9381,43.6666],[15.9454,43.6539],[15.9505,43.653],[15.947,43.6454],[15.9505,43.6401],[15.9324,43.6505],[15.9194,43.6504],[15.9057,43.6439],[15.9174,43.6411],[15.9368,43.6438],[15.9469,43.6359],[15.9685,43.6334],[15.9745,43.6305],[15.9462,43.6315],[15.93,43.6302],[15.9169,43.6322],[15.924,43.6277],[15.9757,43.6235],[16.002,43.6184],[16.024,43.6118],[16.0416,43.6101],[16.0554,43.6054],[16.0691,43.6093],[16.0827,43.6172],[16.1022,43.6106],[16.1054,43.6239],[16.1107,43.6319],[16.1203,43.6352],[16.1158,43.6525],[16.1295,43.6517],[16.1344,43.6572],[16.1539,43.6957]]],[[[15.8289,43.7298],[15.8505,43.7217],[15.8465,43.7275],[15.8557,43.7249],[15.8701,43.7295],[15.8799,43.7293],[15.8692,43.7459],[15.8487,43.7594],[15.8431,43.77],[15.8229,43.7863],[15.8371,43.7777],[15.8435,43.7772],[15.85,43.784],[15.8499,43.7917],[15.8617,43.7906],[15.86,43.804],[15.8507,43.8139],[15.8564,43.815],[15.8469,43.8243],[15.8333,43.8397],[15.8224,43.8465],[15.8073,43.835],[15.8165,43.8272],[15.8095,43.8222],[15.7921,43.8229],[15.7998,43.8151],[15.793,43.808],[15.8004,43.7965],[15.8112,43.7869],[15.806,43.7633],[15.8225,43.7613],[15.8469,43.7453],[15.8588,43.7406],[15.852,43.735],[15.8289,43.7298]]],[[[15.6007,43.6774],[15.6125,43.6627],[15.6242,43.6586],[15.6224,43.6657],[15.6571,43.6398],[15.6929,43.6284],[15.6803,43.6366],[15.6988,43.6319],[15.7097,43.6338],[15.7283,43.6281],[15.7255,43.6339],[15.7,43.6436],[15.6876,43.6448],[15.668,43.6626],[15.6599,43.6661],[15.6586,43.6605],[15.6377,43.6716],[15.6223,43.672],[15.6239,43.6689],[15.6007,43.6774]]],[[[15.64,43.7106],[15.6438,43.7006],[15.6655,43.6898],[15.6698,43.6844],[15.6814,43.6796],[15.6935,43.6793],[15.6903,43.6853],[15.6777,43.6893],[15.6745,43.694],[15.666,43.6917],[15.6586,43.6984],[15.6504,43.6997],[15.64,43.7106]]],[[[15.7033,43.69],[15.6952,43.6876],[15.697,43.6815],[15.7099,43.6793],[15.7225,43.67],[15.7167,43.6804],[15.723,43.68],[15.7268,43.6927],[15.7152,43.6905],[15.7049,43.6992],[15.7074,43.7025],[15.6841,43.7175],[15.6713,43.7195],[15.685,43.7052],[15.6809,43.7028],[15.7033,43.69]]],[[[15.8375,43.7095],[15.8353,43.6967],[15.823,43.7016],[15.8195,43.6977],[15.8393,43.6827],[15.8597,43.6719],[15.8613,43.6651],[15.8706,43.662],[15.8669,43.6726],[15.8693,43.6783],[15.8603,43.6926],[15.8375,43.7095]]]]},"properties":{"name":"Grad Šibenik","osm":"relation/8820767"}},
{"type":"Feature","geometry":{"type":"Polygon","coordinates":[[[15.778,43.9121],[15.7902,43.8939],[15.8012,43.8907],[15.8185,43.8723],[15.8046,43.859],[15.8182,43.8518],[15.8224,43.8465],[15.8333,43.8397],[15.8469,43.8243],[15.8581,43.836],[15.8788,43.8239],[15.8813,43.8154],[15.8938,43.8083],[15.9091,43.8074],[15.921,43.8161],[15.9347,43.8186],[15.9446,43.8213],[15.9535,43.8122],[15.9665,43.8037],[15.9739,43.8047],[15.9743,43.8184],[15.9868,43.8233],[15.9894,43.845],[15.9826,43.8578],[15.9724,43.8607],[15.9686,43.8663],[15.9749,43.8708],[15.9785,43.8836],[15.974,43.9039],[15.9777,43.9078],[15.9844,43.9263],[15.9895,43.935],[15.9777,43.9412],[15.9448,43.942],[15.9416,43.9331],[15.9042,43.9176],[15.9011,43.914],[15.8879,43.913],[15.8825,43.9281],[15.8737,43.9352],[15.8632,43.93],[15.8581,43.9352],[15.8455,43.9376],[15.8458,43.9446],[15.833,43.9448],[15.8243,43.9503],[15.8115,43.9356],[15.8032,43.9333],[15.7932,43.9462],[15.7855,43.9439],[15.7717,43.9505],[15.7632,43.9349],[15.7688,43.9323],[15.7816,43.9255],[15.7732,43.9197],[15.778,43.9121]]]},"properties":{"name":"Grad Skradin","osm":"relation/8820768"}},
{"type":"Feature","geometry":{"type":"MultiPolygon","coordinates":[[[[15.7959,43.725],[15.8074,43.7241],[15.7978,43.7341],[15.7899,43.7363],[15.7863,43.7435],[15.7804,43.7396],[15.7965,43.7184],[15.7959,43.725]]],[[[15.7625,43.6876],[15.7722,43.6802],[15.7771,43.6861],[15.7446,43.7046],[15.7384,43.6999],[15.7529,43.6854],[15.7625,43.6876]]],[[[15.7746,43.7061],[15.7689,43.7186],[15.7797,43.7164],[15.7569,43.7335],[15.7503,43.7278],[15.7632,43.718],[15.764,43.7136],[15.7746,43.7061]]],[[[15.769,43.837],[15.7639,43.8179],[15.7525,43.8028],[15.7355,43.787],[15.7392,43.7753],[15.7487,43.7684],[15.7573,43.7523],[15.7694,43.754],[15.7783,43.7589],[15.8069,43.7402],[15.8289,43.7298],[15.852,43.735],[15.8588,43.7406],[15.8469,43.7453],[15.8225,43.7613],[15.806,43.7633],[15.8112,43.7869],[15.8004,43.7965],[15.793,43.808],[15.7998,43.8151],[15.7921,43.8229],[15.8095,43.8222],[15.8165,43.8272],[15.8073,43.835],[15.8224,43.8465],[15.8182,43.8518],[15.8046,43.859],[15.8185,43.8723],[15.8012,43.8907],[15.7902,43.8939],[15.778,43.9121],[15.7621,43.8993],[15.7551,43.8982],[15.7469,43.9049],[15.7354,43.8989],[15.7445,43.8937],[15.757,43.8922],[15.7567,43.8881],[15.7454,43.87],[15.741,43.8575],[15.7578,43.851],[15.7711,43.8401],[15.769,43.837]]]]},"properties":{"name":"Grad Vodice","osm":"relation/8820769"}},
{"type":"Feature","geometry":{"type":"Polygon","coordinates":[[[15.9402,43.5645],[15.9582,43.5651],[15.9665,43.5708],[15.9768,43.568],[15.9968,43.5695],[16.0136,43.5772],[16.0408,43.5725],[16.046,43.5681],[16.0535,43.571],[16.0569,43.5712],[16.046,43.5943],[16.0554,43.6054],[16.0416,43.6101],[16.024,43.6118],[16.002,43.6184],[15.9757,43.6235],[15.924,43.6277],[15.9169,43.6322],[15.9126,43.6269],[15.9264,43.6116],[15.9192,43.6074],[15.926,43.5971],[15.9201,43.5865],[15.931,43.5843],[15.9286,43.577],[15.9165,43.5748],[15.918,43.5703],[15.9341,43.5641],[15.9405,43.5716],[15.9402,43.5645]]]},"properties":{"name":"Općina Primošten","osm":"relation/8820790"}},
{"type":"Feature","geometry":{"type":"Polygon","coordinates":[[[15.8243,43.9503],[15.833,43.9448],[15.8458,43.9446],[15.8455,43.9376],[15.8581,43.9352],[15.8632,43.93],[15.8737,43.9352],[15.8825,43.9281],[15.8879,43.913],[15.9011,43.914],[15.9042,43.9176],[15.9416,43.9331],[15.9448,43.942],[15.9777,43.9412],[15.9895,43.935],[15.9925,43.9461],[15.998,43.9517],[15.9926,43.9596],[15.9936,43.9672],[16.0028,43.9727],[16.0174,43.9723],[16.0285,43.9793],[16.0168,43.9901],[16.0183,44.0026],[16.0281,44.0045],[16.0268,44.0159],[16.0379,44.0094],[16.0432,44.0107],[16.0436,44.0211],[16.0304,44.0402],[16.0201,44.0432],[16.0163,44.0491],[16.0056,44.0518],[15.9842,44.0708],[15.9783,44.063],[15.9624,44.0579],[15.9389,44.0755],[15.9161,44.0768],[15.9109,44.0723],[15.8786,44.0891],[15.8639,44.101],[15.8473,44.1037],[15.8344,44.0781],[15.8233,44.0771],[15.8104,44.0827],[15.802,44.0791],[15.7929,44.0838],[15.7867,44.0776],[15.7973,44.0726],[15.8381,44.0605],[15.8517,44.052],[15.8592,44.0436],[15.8501,44.0374],[15.8471,44.0304],[15.8348,44.0225],[15.831,44.0132],[15.8366,44.0058],[15.8477,44.0022],[15.8138,43.9846],[15.792,43.9824],[15.7951,43.9744],[15.805,43.9618],[15.8263,43.9514],[15.8243,43.9503]]]},"properties":{"name":"Općina Kistanje","osm":"relation/8820791"}},
{"type":"Feature","geometry":{"type":"Polygon","coordinates":[[[16.4418,44.0287],[16.436,44.0554],[16.4415,44.0673],[16.4285,44.0687],[16.3827,44.0621],[16.3823,44.0585],[16.3559,44.0393],[16.3426,44.0256],[16.332,44.025],[16.3427,44.0174],[16.3301,43.9872],[16.3298,43.963],[16.3361,43.9433],[16.3535,43.9433],[16.3933,43.9662],[16.3946,43.9753],[16.4035,43.9845],[16.4076,43.9979],[16.4165,43.9982],[16.4321,44.0126],[16.4418,44.0287]]]},"properties":{"name":"Općina Kijevo","osm":"relation/8820948"}},
{"type":"Feature","geometry":{"type":"Polygon","coordinates":[[[16.151,44.0192],[16.143,44.0164],[16.1404,44.009],[16.1479,44.0041],[16.15,43.9929],[16.1606,43.9818],[16.1562,43.9731],[16.1548,43.9445],[16.1564,43.9337],[16.1645,43.9308],[16.1718,43.9229],[16.1774,43.9247],[16.1935,43.9161],[16.2026,43.9078],[16.2224,43.9159],[16.232,43.917],[16.2616,43.9154],[16.2713,43.9168],[16.2994,43.9325],[16.305,43.9303],[16.3175,43.9401],[16.3361,43.9433],[16.3298,43.963],[16.3151,43.9532],[16.308,43.9516],[16.2926,43.9723],[16.2799,43.9748],[16.2801,43.9891],[16.2742,43.9974],[16.2783,44.0092],[16.2507,44.0328],[16.2262,44.0337],[16.2177,44.0243],[16.2146,44.0074],[16.2025,44.01],[16.1994,44.021],[16.1883,44.0317],[16.1678,44.0265],[16.151,44.0192]]]},"properties":{"name":"Općina Biskupija","osm":"relation/8820949"}},
{"type":"Feature","geometry":{"type":"Polygon","coordinates":[[[16.1725,44.2092],[16.158,44.2118],[16.1376,44.2121],[16.1393,44.2024],[16.1313,44.1962],[16.1338,44.1775],[16.1374,44.1694],[16.1326,44.1408],[16.1446,44.1349],[16.1434,44.1277],[16.1484,44.1213],[16.1349,44.1133],[16.1401,44.1095],[16.1378,44.1011],[16.1483,44.0992],[16.1502,44.0926],[16.1422,44.0897],[16.1183,44.0689],[16.0881,44.0538],[16.106,44.0335],[16.1202,44.0239],[16.1383,44.0385],[16.151,44.0192],[16.1678,44.0265],[16.1883,44.0317],[16.1994,44.021],[16.2025,44.01],[16.2146,44.0074],[16.2177,44.0243],[16.2262,44.0337],[16.2507,44.0328],[16.2783,44.0092],[16.2742,43.9974],[16.2801,43.9891],[16.2799,43.9748],[16.2926,43.9723],[16.308,43.9516],[16.3151,43.9532],[16.3298,43.963],[16.3301,43.9872],[16.3427,44.0174],[16.332,44.025],[16.3426,44.0256],[16.3559,44.0393],[16.3823,44.0585],[16.3827,44.0621],[16.4285,44.0687],[16.4415,44.0673],[16.4277,44.0832],[16.4018,44.0796],[16.3774,44.0801],[16.3695,44.0821],[16.3593,44.102],[16.3339,44.1126],[16.3185,44.1145],[16.3083,44.1267],[16.3097,44.1432],[16.295,44.1537],[16.2898,44.1624],[16.2631,44.1766],[16.2367,44.2019],[16.2263,44.2096],[16.2072,44.2172],[16.1907,44.2134],[16.1758,44.2123],[16.1725,44.2092]]]},"properties":{"name":"Grad Knin","osm":"relation/8820950"}},
{"type":"Feature","geometry":{"type":"Polygon","coordinates":[[[16.0379,44.0094],[16.0268,44.0159],[16.0281,44.0045],[16.0183,44.0026],[16.0168,43.9901],[16.0285,43.9793],[16.0174,43.9723],[16.0028,43.9727],[15.9936,43.9672],[15.9926,43.9596],[15.998,43.9517],[15.9925,43.9461],[15.9895,43.935],[15.9844,43.9263],[16.0131,43.9173],[16.0193,43.9133],[16.0437,43.9102],[16.0546,43.9014],[16.0712,43.8953],[16.0967,43.9077],[16.1151,43.9123],[16.148,43.9267],[16.1564,43.9337],[16.1548,43.9445],[16.1562,43.9731],[16.1606,43.9818],[16.15,43.9929],[16.1479,44.0041],[16.1404,44.009],[16.143,44.0164],[16.151,44.0192],[16.1383,44.0385],[16.1202,44.0239],[16.0988,44.0148],[16.0958,44.0109],[16.083,44.0095],[16.0801,44.0128],[16.0601,44.0127],[16.0572,44.008],[16.0379,44.0094]]]},"properties":{"name":"Općina Promina","osm":"relation/8820951"}},
{"type":"Feature","geometry":{"type":"Polygon","coordinates":[[[15.963,44.1888],[15.9435,44.1712],[15.9359,44.1612],[15.9262,44.1588],[15.9263,44.1513],[15.9186,44.1407],[15.8977,44.1325],[15.8905,44.1276],[15.8796,44.1118],[15.8639,44.101],[15.8786,44.0891],[15.9109,44.0723],[15.9161,44.0768],[15.9389,44.0755],[15.9624,44.0579],[15.9783,44.063],[15.9842,44.0708],[16.0056,44.0518],[16.0163,44.0491],[16.0201,44.0432],[16.0304,44.0402],[16.0436,44.0211],[16.0432,44.0107],[16.0379,44.0094],[16.0572,44.008],[16.0601,44.0127],[16.0801,44.0128],[16.083,44.0095],[16.0958,44.0109],[16.0988,44.0148],[16.1202,44.0239],[16.106,44.0335],[16.0881,44.0538],[16.1183,44.0689],[16.1422,44.0897],[16.1502,44.0926],[16.1483,44.0992],[16.1378,44.1011],[16.1401,44.1095],[16.1349,44.1133],[16.1484,44.1213],[16.1434,44.1277],[16.1446,44.1349],[16.1326,44.1408],[16.1061,44.1287],[16.0966,44.1271],[16.0928,44.1187],[16.0758,44.1178],[16.0593,44.1264],[16.0544,44.1327],[16.0444,44.1366],[16.0218,44.1401],[16.002,44.149],[15.9892,44.1513],[15.9813,44.1793],[15.963,44.1888]]]},"properties":{"name":"Općina Ervenik","osm":"relation/8820952"}},
{"type":"Feature","geometry":{"type":"Polygon","coordinates":[[[15.9141,43.8063],[15.8926,43.8044],[15.8819,43.8055],[15.8866,43.7982],[15.8937,43.797],[15.898,43.7899],[15.8768,43.7903],[15.8649,43.7887],[15.8756,43.7768],[15.8787,43.7684],[15.8993,43.7532],[15.905,43.7553],[15.9149,43.7515],[15.9262,43.7563],[15.939,43.7702],[15.9257,43.7813],[15.9225,43.7996],[15.9141,43.8063]]]},"properties":{"name":"Općina Bilice","osm":"relation/8820953"}},
{"type":"Feature","geometry":{"type":"Polygon","coordinates":[[[16.2338,43.7766],[16.244,43.7824],[16.2495,43.7742],[16.2557,43.7756],[16.2717,43.7685],[16.2755,43.7633],[16.299,43.7525],[16.302,43.7566],[16.3212,43.7485],[16.3348,43.735],[16.3486,43.7471],[16.3609,43.7499],[16.3431,43.7676],[16.3794,43.7861],[16.387,43.7856],[16.3954,43.7932],[16.4198,43.8084],[16.4392,43.8137],[16.4294,43.8259],[16.4092,43.843],[16.3983,43.85],[16.4039,43.8504],[16.3646,43.8727],[16.3433,43.8782],[16.3391,43.8763],[16.2819,43.8645],[16.2508,43.8498],[16.2493,43.8456],[16.2383,43.843],[16.2422,43.8358],[16.2373,43.8291],[16.2428,43.8153],[16.2307,43.8016],[16.2142,43.8057],[16.2061,43.8112],[16.1893,43.8168],[16.1859,43.8074],[16.2042,43.7987],[16.2338,43.7766]]]},"properties":{"name":"Općina Ružić","osm":"relation/8820976"}},
{"type":"Feature","geometry":{"type":"Polygon","coordinates":[[[16.0725,43.732],[16.0833,43.7279],[16.0948,43.731],[16.1003,43.7283],[16.1069,43.7124],[16.1175,43.6987],[16.1356,43.6999],[16.1539,43.6957],[16.1801,43.6911],[16.1852,43.6838],[16.2312,43.6709],[16.2501,43.6979],[16.2814,43.6874],[16.2815,43.6917],[16.2944,43.6938],[16.3216,43.688],[16.3346,43.6929],[16.353,43.7131],[16.3468,43.7231],[16.3348,43.735],[16.3212,43.7485],[16.302,43.7566],[16.299,43.7525],[16.2755,43.7633],[16.2717,43.7685],[16.2557,43.7756],[16.2495,43.7742],[16.244,43.7824],[16.2338,43.7766],[16.2131,43.7669],[16.1863,43.7788],[16.144,43.7942],[16.132,43.7962],[16.13,43.7885],[16.099,43.7869],[16.0804,43.7691],[16.0635,43.77],[16.0607,43.7618],[16.0777,43.7437],[16.0725,43.732]]]},"properties":{"name":"Općina Unešić","osm":"relation/8820977"}},
{"type":"Feature","geometry":{"type":"Polygon","coordinates":[[[16.1799,46.3851],[16.1559,46.4021],[16.1477,46.405],[16.1292,46.4015],[16.0886,46.3886],[16.0581,46.3936],[16.0503,46.3821],[16.0608,46.3762],[16.0724,46.365],[16.0773,46.348],[16.0692,46.34],[16.0691,46.3353],[16.0786,46.336],[16.1074,46.3293],[16.1114,46.3422],[16.1171,46.3425],[16.1257,46.3575],[16.1522,46.3522],[16.1638,46.3592],[16.1673,46.3657],[16.1654,46.3686],[16.1799,46.3851]]]},"properties":{"name":"Općina Cestica","osm":"relation/8824701"}},
{"type":"Feature","geometry":{"type":"Polygon","coordinates":[[[16.1074,46.3293],[16.1062,46.3216],[16.112,46.3175],[16.1259,46.3202],[16.1263,46.3123],[16.1358,46.3011],[16.1341,46.2947],[16.1485,46.2956],[16.1597,46.3074],[16.194,46.32],[16.1828,46.3277],[16.1975,46.3422],[16.1947,46.3525],[16.1711,46.3566],[16.1739,46.3651],[16.1673,46.3657],[16.1638,46.3592],[16.1522,46.3522],[16.1257,46.3575],[16.1171,46.3425],[16.1114,46.3422],[16.1074,46.3293]]]},"properties":{"name":"Općina Vinica","osm":"relation/8824702"}},
{"type":"Feature","geometry":{"type":"Polygon","coordinates":[[[16.0568,46.2577],[16.073,46.257],[16.0725,46.2491],[16.0824,46.244],[16.0939,46.2484],[16.1108,46.2442],[16.1068,46.2557],[16.1105,46.2616],[16.1191,46.2626],[16.1262,46.2579],[16.1207,46.2692],[16.1125,46.2772],[16.1076,46.2743],[16.1002,46.2828],[16.092,46.2848],[16.0806,46.2931],[16.0671,46.2938],[16.0465,46.2994],[16.0297,46.2858],[16.0405,46.2614],[16.0568,46.2577]]]},"properties":{"name":"Općina Klenovnik","osm":"relation/8824704"}},
{"type":"Feature","geometry":{"type":"Polygon","coordinates":[[[15.9818,46.1993],[15.9929,46.1989],[16.0037,46.2031],[16.005,46.2083],[16.0195,46.2097],[16.0179,46.2169],[16.0059,46.2262],[16.0088,46.2336],[15.9972,46.2535],[16.0005,46.2633],[15.9837,46.2714],[15.9784,46.2796],[15.9682,46.2845],[15.9745,46.2897],[15.974,46.2987],[15.967,46.2997],[15.917,46.2854],[15.9128,46.2897],[15.8843,46.2801],[15.8743,46.2793],[15.8782,46.2749],[15.8785,46.2626],[15.8837,46.2579],[15.8788,46.2438],[15.8824,46.235],[15.8925,46.2343],[15.9039,46.2276],[15.925,46.2263],[15.9363,46.2168],[15.9461,46.2147],[15.9401,46.2056],[15.9508,46.2007],[15.9749,46.2003],[15.9818,46.1993]]]},"properties":{"name":"Općina Bednja","osm":"relation/8824705"}},
{"type":"Feature","geometry":{"type":"Polygon","coordinates":[[[15.9818,46.1993],[15.983,46.1951],[15.9963,46.1858],[16.011,46.1869],[16.0245,46.1893],[16.0289,46.186],[16.0536,46.1944],[16.0578,46.1923],[16.0768,46.1971],[16.0801,46.2062],[16.0872,46.2111],[16.0765,46.228],[16.0736,46.2239],[16.0581,46.2249],[16.0504,46.2344],[16.0486,46.2485],[16.0568,46.2577],[16.0405,46.2614],[16.0297,46.2858],[16.0465,46.2994],[16.0419,46.31],[16.0326,46.3161],[16.0283,46.3263],[16.0199,46.3213],[16.0219,46.3144],[16.014,46.3089],[16.0017,46.3074],[15.9902,46.3147],[15.9831,46.3094],[15.9769,46.3123],[15.967,46.2997],[15.974,46.2987],[15.9745,46.2897],[15.9682,46.2845],[15.9784,46.2796],[15.9837,46.2714],[16.0005,46.2633],[15.9972,46.2535],[16.0088,46.2336],[16.0059,46.2262],[16.0179,46.2169],[16.0195,46.2097],[16.005,46.2083],[16.0037,46.2031],[15.9929,46.1989],[15.9818,46.1993]]]},"properties":{"name":"Grad Lepoglava","osm":"relation/8824706"}},
{"type":"Feature","geometry":{"type":"Polygon","coordinates":[[[16.1341,46.2947],[16.1358,46.3011],[16.1263,46.3123],[16.1259,46.3202],[16.112,46.3175],[16.1062,46.3216],[16.1074,46.3293],[16.0786,46.336],[16.0691,46.3353],[16.0692,46.34],[16.0641,46.3423],[16.0531,46.3351],[16.0365,46.3372],[16.0275,46.3315],[16.0283,46.3263],[16.0326,46.3161],[16.0419,46.31],[16.0465,46.2994],[16.0671,46.2938],[16.0806,46.2931],[16.092,46.2848],[16.1002,46.2828],[16.1076,46.2743],[16.1125,46.2772],[16.1207,46.2692],[16.1274,46.2711],[16.1344,46.2819],[16.1341,46.2947]]]},"properties":{"name":"Općina Donja Voća","osm":"relation/8825379"}},
{"type":"Feature","geometry":{"type":"Polygon","coordinates":[[[18.7874,44.9956],[18.7958,44.9924],[18.7935,44.9838],[18.7845,44.9718],[18.7885,44.9587],[18.801,44.9489],[18.8038,44.9384],[18.7953,44.9348],[18.7772,44.9362],[18.762,44.9442],[18.7514,44.9406],[18.7581,44.928],[18.7726,44.9205],[18.7628,44.9099],[18.765,44.9044],[18.7893,44.8895],[18.8134,44.8803],[18.817,44.892],[18.8242,44.8945],[18.8259,44.9083],[18.836,44.9069],[18.8451,44.9111],[18.857,44.9097],[18.8754,44.8975],[18.8746,44.8926],[18.8865,44.8896],[18.8899,44.8805],[18.9051,44.8731],[18.8995,44.8698],[18.9026,44.8632],[18.9111,44.863],[18.9121,44.8517],[18.937,44.8497],[18.981,44.85],[19.0046,44.8549],[19.0214,44.8554],[19.0032,44.8849],[18.9927,44.894],[18.989,44.9059],[18.9976,44.9153],[18.9973,44.9263],[18.98,44.9278],[18.9765,44.9328],[18.9566,44.9316],[18.9468,44.937],[18.9466,44.9444],[18.9318,44.9549],[18.9181,44.9528],[18.9076,44.948],[18.896,44.9553],[18.8919,44.9669],[18.8805,44.9715],[18.8919,44.9978],[18.8763,45.0378],[18.8383,45.0472],[18.8438,45.0078],[18.7875,44.9982],[18.7874,44.9956]]]},"properties":{"name":"Općina Drenovci","osm":"relation/8827891"}},
{"type":"Feature","geometry":{"type":"Polygon","coordinates":[[[18.9976,44.9153],[19.0143,44.9211],[19.0352,44.9215],[19.044,44.9125],[19.0662,44.9013],[19.0871,44.9105],[19.0805,44.9134],[19.0882,44.9182],[19.0872,44.9255],[19.1112,44.9326],[19.1253,44.9389],[19.1431,44.9412],[19.1435,44.9474],[19.1561,44.953],[19.1468,44.9574],[19.1474,44.9755],[19.1344,44.9806],[19.1192,44.9759],[19.1097,44.9699],[19.0919,44.9714],[19.0874,44.9743],[19.0755,44.9712],[19.052,44.9772],[19.0462,44.9832],[19.041,45.004],[19.0328,45.0086],[19.013,45.0059],[19.0008,45.0129],[19.0065,45.0195],[18.9846,45.0349],[18.9905,45.0513],[18.9867,45.0554],[18.9953,45.0574],[18.9876,45.0662],[18.8763,45.0378],[18.8919,44.9978],[18.8805,44.9715],[18.8919,44.9669],[18.896,44.9553],[18.9076,44.948],[18.9181,44.9528],[18.9318,44.9549],[18.9466,44.9444],[18.9468,44.937],[18.9566,44.9316],[18.9765,44.9328],[18.98,44.9278],[18.9973,44.9263],[18.9976,44.9153]]]},"properties":{"name":"Općina Vrbanja","osm":"relation/8827892"}},
{"type":"Feature","geometry":{"type":"Polygon","coordinates":[[[19.0774,45.2087],[19.0709,45.2132],[19.0607,45.212],[19.0478,45.2149],[19.039,45.2038],[19.0443,45.2026],[19.0422,45.1919],[19.0148,45.2002],[19.0203,45.1947],[19.0171,45.19],[19.0016,45.1862],[18.9795,45.1877],[18.9769,45.1783],[18.9717,45.1758],[18.9934,45.1718],[18.9861,45.154],[18.9772,45.1491],[18.9786,45.1384],[18.9697,45.1313],[18.9663,45.1187],[18.9538,45.1141],[18.9384,45.122],[18.9337,45.1172],[18.9212,45.0943],[18.9029,45.0803],[18.8992,45.0736],[18.8779,45.0629],[18.872,45.0626],[18.8763,45.0378],[18.9876,45.0662],[18.9953,45.0574],[18.9867,45.0554],[18.9905,45.0513],[18.9846,45.0349],[19.0065,45.0195],[19.0008,45.0129],[19.013,45.0059],[19.0328,45.0086],[19.041,45.004],[19.0462,44.9832],[19.052,44.9772],[19.0553,44.9804],[19.078,44.9868],[19.0927,44.9951],[19.0961,45.0053],[19.1028,45.0109],[19.0974,45.0245],[19.0991,45.033],[19.0944,45.0379],[19.1026,45.0441],[19.1056,45.0518],[19.0952,45.0585],[19.1059,45.0792],[19.0916,45.093],[19.0944,45.0977],[19.0844,45.1113],[19.0769,45.1138],[19.0779,45.1277],[19.0877,45.1383],[19.0865,45.1454],[19.0822,45.1489],[19.0625,45.1526],[19.0684,45.1642],[19.0649,45.1734],[19.0732,45.1852],[19.0682,45.1929],[19.0702,45.2028],[19.0774,45.2087]]]},"properties":{"name":"Općina Nijemci","osm":"relation/8827893"}},
{"type":"Feature","geometry":{"type":"Polygon","coordinates":[[[18.7938,45.0906],[18.7597,45.0858],[18.7481,45.0768],[18.7413,45.0764],[18.7228,45.0637],[18.7159,45.0457],[18.7103,45.0382],[18.7178,45.0352],[18.7217,45.0253],[18.7384,45.016],[18.7286,45.0001],[18.7317,44.9927],[18.7437,44.9926],[18.7567,44.9996],[18.7874,44.9956],[18.7875,44.9982],[18.8438,45.0078],[18.8383,45.0472],[18.8763,45.0378],[18.872,45.0626],[18.8521,45.0765],[18.8255,45.0873],[18.821,45.0826],[18.7938,45.0906]]]},"properties":{"name":"Općina Bošnjaci","osm":"relation/8827946"}},
{"type":"Feature","geometry":{"type":"Polygon","coordinates":[[[18.7938,45.0906],[18.821,45.0826],[18.8255,45.0873],[18.8521,45.0765],[18.872,45.0626],[18.8779,45.0629],[18.8992,45.0736],[18.9029,45.0803],[18.9212,45.0943],[18.9337,45.1172],[18.9384,45.122],[18.9538,45.1141],[18.9663,45.1187],[18.9697,45.1313],[18.9786,45.1384],[18.9772,45.1491],[18.9861,45.154],[18.9934,45.1718],[18.9717,45.1758],[18.9481,45.1785],[18.927,45.1876],[18.9141,45.1902],[18.8968,45.1892],[18.8784,45.192],[18.8724,45.1778],[18.8486,45.1709],[18.8486,45.1749],[18.8313,45.172],[18.8284,45.1638],[18.8164,45.1464],[18.8227,45.1426],[18.8119,45.1415],[18.8043,45.1384],[18.7922,45.1275],[18.7938,45.0906]]]},"properties":{"name":"Grad Otok","osm":"relation/8827947"}},
{"type":"Feature","geometry":{"type":"Polygon","coordinates":[[[19.0148,45.2002],[19.0184,45.2097],[18.9946,45.2255],[18.9594,45.2379],[18.9589,45.2497],[18.9544,45.2632],[18.9237,45.2774],[18.8927,45.2871],[18.8745,45.2861],[18.8703,45.2639],[18.8667,45.2572],[18.8757,45.2479],[18.8481,45.2294],[18.8509,45.2225],[18.8662,45.2015],[18.8784,45.192],[18.8968,45.1892],[18.9141,45.1902],[18.927,45.1876],[18.9481,45.1785],[18.9717,45.1758],[18.9769,45.1783],[18.9795,45.1877],[19.0016,45.1862],[19.0171,45.19],[19.0203,45.1947],[19.0148,45.2002]]]},"properties":{"name":"Općina Stari Jankovci","osm":"relation/8827948"}},
{"type":"Feature","geometry":{"type":"Polygon","coordinates":[[[18.8184,45.3235],[18.8139,45.3204],[18.7923,45.3242],[18.7668,45.317],[18.7349,45.3082],[18.7444,45.2874],[18.7396,45.2772],[18.7369,45.2625],[18.749,45.2607],[18.7612,45.2629],[18.7635,45.2557],[18.7731,45.2491],[18.7641,45.2446],[18.7687,45.2374],[18.7528,45.2261],[18.7629,45.2173],[18.7889,45.2135],[18.7925,45.2085],[18.806,45.2028],[18.8129,45.2179],[18.808,45.2228],[18.8187,45.2272],[18.826,45.2369],[18.8345,45.2364],[18.8509,45.2225],[18.8481,45.2294],[18.8757,45.2479],[18.8667,45.2572],[18.8703,45.2639],[18.8745,45.2861],[18.8613,45.2843],[18.8414,45.2926],[18.8473,45.3013],[18.8452,45.316],[18.8415,45.3132],[18.8303,45.3265],[18.8184,45.3235]]]},"properties":{"name":"Grad Vinkovci","osm":"relation/8827949"}},
{"type":"Feature","geometry":{"type":"Polygon","coordinates":[[[18.7668,45.317],[18.7621,45.3276],[18.7652,45.3376],[18.7524,45.3384],[18.7462,45.3336],[18.7296,45.3334],[18.7248,45.3369],[18.7008,45.3345],[18.7018,45.3263],[18.6943,45.3243],[18.7103,45.3216],[18.7145,45.3116],[18.7324,45.3108],[18.7349,45.3082],[18.7668,45.317]]]},"properties":{"name":"Općina Jarmina","osm":"relation/8827950"}},
{"type":"Feature","geometry":{"type":"Polygon","coordinates":[[[18.7629,45.2173],[18.7528,45.2261],[18.7687,45.2374],[18.7641,45.2446],[18.7731,45.2491],[18.7635,45.2557],[18.7612,45.2629],[18.749,45.2607],[18.7369,45.2625],[18.7086,45.2591],[18.7021,45.2496],[18.6993,45.2284],[18.6932,45.2261],[18.6924,45.2164],[18.687,45.2102],[18.7034,45.2068],[18.7068,45.1971],[18.7297,45.1831],[18.749,45.1892],[18.7628,45.2012],[18.7679,45.2106],[18.7629,45.2173]]]},"properties":{"name":"Općina Andrijaševci","osm":"relation/8828242"}},
{"type":"Feature","geometry":{"type":"Polygon","coordinates":[[[18.6924,45.2164],[18.6932,45.2261],[18.6993,45.2284],[18.7021,45.2496],[18.7086,45.2591],[18.7369,45.2625],[18.7396,45.2772],[18.7444,45.2874],[18.7349,45.3082],[18.7324,45.3108],[18.7145,45.3116],[18.7103,45.3216],[18.6943,45.3243],[18.6756,45.3259],[18.6545,45.3302],[18.6332,45.3302],[18.6317,45.3145],[18.6409,45.3136],[18.6389,45.3024],[18.6496,45.2904],[18.633,45.2829],[18.6391,45.2654],[18.6219,45.2595],[18.6325,45.2504],[18.6093,45.2466],[18.6106,45.2424],[18.598,45.2373],[18.5919,45.2403],[18.5689,45.229],[18.5739,45.2199],[18.5685,45.215],[18.5655,45.1938],[18.5656,45.1936],[18.5975,45.2081],[18.6112,45.1996],[18.623,45.2042],[18.63,45.2171],[18.6357,45.2193],[18.6409,45.2102],[18.648,45.2114],[18.6563,45.2067],[18.6735,45.2116],[18.6722,45.2142],[18.6924,45.2164]]]},"properties":{"name":"Općina Ivankovo","osm":"relation/8828261"}},
{"type":"Feature","geometry":{"type":"Polygon","coordinates":[[[18.7938,45.0906],[18.7922,45.1275],[18.7762,45.1218],[18.7675,45.1118],[18.7414,45.1159],[18.7043,45.1122],[18.6856,45.1165],[18.6781,45.1141],[18.6716,45.1077],[18.669,45.0948],[18.6752,45.0945],[18.6877,45.0803],[18.6837,45.0718],[18.6706,45.0671],[18.6679,45.0621],[18.6921,45.0405],[18.7103,45.0382],[18.7159,45.0457],[18.7228,45.0637],[18.7413,45.0764],[18.7481,45.0768],[18.7597,45.0858],[18.7938,45.0906]]]},"properties":{"name":"Grad Županja","osm":"relation/8829047"}},
{"type":"Feature","geometry":{"type":"Polygon","coordinates":[[[18.669,45.0948],[18.6716,45.1077],[18.6781,45.1141],[18.6693,45.121],[18.6728,45.1244],[18.6593,45.13],[18.6668,45.1406],[18.6578,45.1451],[18.6284,45.146],[18.6267,45.1352],[18.6215,45.1291],[18.6126,45.1221],[18.5997,45.1239],[18.6052,45.1112],[18.5955,45.0949],[18.5852,45.092],[18.5972,45.0831],[18.613,45.0804],[18.6205,45.0857],[18.6243,45.0962],[18.6356,45.0921],[18.6309,45.0811],[18.6077,45.0711],[18.6061,45.0657],[18.6185,45.0612],[18.6383,45.0623],[18.6584,45.0568],[18.661,45.0642],[18.6535,45.0785],[18.6605,45.0897],[18.669,45.0948]]]},"properties":{"name":"Općina Štitar","osm":"relation/8829078"}},
{"type":"Feature","geometry":{"type":"Polygon","coordinates":[[[18.5307,45.0898],[18.5481,45.0927],[18.5696,45.0773],[18.5712,45.068],[18.5799,45.0693],[18.5805,45.0821],[18.5689,45.0894],[18.5743,45.0952],[18.5852,45.092],[18.5955,45.0949],[18.6052,45.1112],[18.5997,45.1239],[18.6126,45.1221],[18.6215,45.1291],[18.607,45.1473],[18.5899,45.1492],[18.5873,45.1555],[18.6023,45.1662],[18.6064,45.1834],[18.5656,45.1936],[18.5655,45.1938],[18.5469,45.1908],[18.5269,45.1721],[18.507,45.1477],[18.5,45.1325],[18.5016,45.1293],[18.4899,45.1233],[18.4951,45.1209],[18.4964,45.1117],[18.5028,45.1107],[18.5129,45.0968],[18.5307,45.0898]]]},"properties":{"name":"Općina Babina Greda","osm":"relation/8829131"}},
{"type":"Feature","geometry":{"type":"Polygon","coordinates":[[[18.6781,45.1141],[18.6856,45.1165],[18.7043,45.1122],[18.7414,45.1159],[18.7675,45.1118],[18.7762,45.1218],[18.7922,45.1275],[18.8043,45.1384],[18.8119,45.1415],[18.7932,45.1502],[18.7688,45.1647],[18.78,45.1652],[18.7778,45.1709],[18.7689,45.1747],[18.7751,45.1786],[18.7708,45.1848],[18.7647,45.1788],[18.7316,45.1784],[18.6955,45.1648],[18.6817,45.1516],[18.6785,45.1418],[18.6668,45.1406],[18.6593,45.13],[18.6728,45.1244],[18.6693,45.121],[18.6781,45.1141]]]},"properties":{"name":"Općina Gradište","osm":"relation/8829251"}},
{"type":"Feature","geometry":{"type":"Polygon","coordinates":[[[18.7628,45.2012],[18.749,45.1892],[18.7297,45.1831],[18.7068,45.1971],[18.7034,45.2068],[18.687,45.2102],[18.6924,45.2164],[18.6722,45.2142],[18.6735,45.2116],[18.6563,45.2067],[18.648,45.2114],[18.6409,45.2102],[18.6357,45.2193],[18.63,45.2171],[18.623,45.2042],[18.6112,45.1996],[18.5975,45.2081],[18.5656,45.1936],[18.6064,45.1834],[18.6023,45.1662],[18.5873,45.1555],[18.5899,45.1492],[18.607,45.1473],[18.6215,45.1291],[18.6267,45.1352],[18.6284,45.146],[18.6578,45.1451],[18.6668,45.1406],[18.6785,45.1418],[18.6817,45.1516],[18.6955,45.1648],[18.7316,45.1784],[18.7647,45.1788],[18.7708,45.1848],[18.7657,45.1904],[18.7711,45.1969],[18.7628,45.2012]]]},"properties":{"name":"Općina Cerna","osm":"relation/8829252"}},
{"type":"Feature","geometry":{"type":"Polygon","coordinates":[[[18.8119,45.1415],[18.8227,45.1426],[18.8164,45.1464],[18.8284,45.1638],[18.8313,45.172],[18.8486,45.1749],[18.8486,45.1709],[18.8724,45.1778],[18.8784,45.192],[18.8662,45.2015],[18.8509,45.2225],[18.8345,45.2364],[18.826,45.2369],[18.8187,45.2272],[18.808,45.2228],[18.8129,45.2179],[18.806,45.2028],[18.7925,45.2085],[18.7889,45.2135],[18.7629,45.2173],[18.7679,45.2106],[18.7628,45.2012],[18.7711,45.1969],[18.7657,45.1904],[18.7708,45.1848],[18.7751,45.1786],[18.7689,45.1747],[18.7778,45.1709],[18.78,45.1652],[18.7688,45.1647],[18.7932,45.1502],[18.8119,45.1415]]]},"properties":{"name":"Općina Privlaka","osm":"relation/8829868"}},
{"type":"Feature","geometry":{"type":"Polygon","coordinates":[[[18.8134,44.8803],[18.8254,44.8746],[18.8399,44.8602],[18.8498,44.8545],[18.8625,44.8526],[18.9121,44.8517],[18.9111,44.863],[18.9026,44.8632],[18.8995,44.8698],[18.9051,44.8731],[18.8899,44.8805],[18.8865,44.8896],[18.8746,44.8926],[18.8754,44.8975],[18.857,44.9097],[18.8451,44.9111],[18.836,44.9069],[18.8259,44.9083],[18.8242,44.8945],[18.817,44.892],[18.8134,44.8803]]]},"properties":{"name":"Općina Gunja","osm":"relation/8843412"}},
{"type":"Feature","geometry":{"type":"Polygon","coordinates":[[[15.7542,44.4079],[15.7781,44.4063],[15.7804,44.3986],[15.7913,44.3978],[15.7917,44.3935],[15.7744,44.3783],[15.7727,44.367],[15.7909,44.3631],[15.7976,44.3663],[15.8084,44.3649],[15.8162,44.3582],[15.8144,44.3475],[15.8227,44.3248],[15.8286,44.3176],[15.8275,44.3067],[15.8114,44.2958],[15.801,44.2827],[15.7787,44.2754],[15.7821,44.2712],[15.7383,44.2721],[15.7115,44.276],[15.7065,44.2729],[15.6941,44.2765],[15.6905,44.2723],[15.7251,44.2607],[15.7344,44.2556],[15.7456,44.252],[15.7879,44.2485],[15.8098,44.2434],[15.8413,44.2388],[15.8615,44.2384],[15.8789,44.2426],[15.909,44.2411],[15.9184,44.2364],[15.9279,44.2397],[15.9282,44.2332],[15.9373,44.2223],[15.9439,44.2212],[15.951,44.2059],[15.97,44.1929],[15.963,44.1888],[15.9813,44.1793],[15.9892,44.1513],[16.002,44.149],[16.0218,44.1401],[16.0444,44.1366],[16.0544,44.1327],[16.0593,44.1264],[16.0758,44.1178],[16.0928,44.1187],[16.0966,44.1271],[16.1061,44.1287],[16.1326,44.1408],[16.1374,44.1694],[16.1338,44.1775],[16.1313,44.1962],[16.1393,44.2024],[16.1376,44.2121],[16.158,44.2118],[16.1725,44.2092],[16.1753,44.2125],[16.1847,44.2153],[16.1972,44.2154],[16.207,44.2181],[16.2122,44.2168],[16.2195,44.2235],[16.2208,44.2326],[16.2101,44.25],[16.1997,44.252],[16.191,44.2713],[16.1923,44.2835],[16.187,44.2958],[16.1887,44.3095],[16.2055,44.3365],[16.2183,44.3431],[16.2187,44.3481],[16.2062,44.3601],[16.1984,44.3632],[16.1753,44.3669],[16.1687,44.3748],[16.155,44.3801],[16.1521,44.3771],[16.1313,44.3781],[16.1276,44.3946],[16.1392,44.3925],[16.1501,44.3968],[16.1573,44.3946],[16.172,44.4029],[16.1647,44.4134],[16.1533,44.4224],[16.1458,44.4195],[16.1385,44.4403],[16.1434,44.4485],[16.1323,44.4545],[16.1206,44.4514],[16.123,44.4607],[16.1128,44.4519],[16.0959,44.4471],[16.0815,44.4464],[16.0696,44.4507],[16.0642,44.4644],[16.0499,44.4677],[16.0578,44.4567],[16.0558,44.4504],[16.0585,44.4259],[16.0515,44.4288],[16.0331,44.4453],[16.0303,44.4653],[16.0053,44.4878],[15.9977,44.4897],[15.9902,44.4978],[15.9641,44.5074],[15.945,44.5036],[15.9312,44.5084],[15.9205,44.5003],[15.9073,44.4858],[15.8935,44.4755],[15.8838,44.4716],[15.8694,44.4727],[15.8628,44.4624],[15.8441,44.4462],[15.8238,44.4429],[15.8101,44.4348],[15.7926,44.4343],[15.7774,44.4247],[15.7773,44.4106],[15.767,44.4084],[15.7576,44.4119],[15.7542,44.4079]]]},"properties":{"name":"Općina Gračac","osm":"relation/8843446"}},
{"type":"Feature","geometry":{"type":"Polygon","coordinates":[[[15.5881,44.2019],[15.5901,44.2109],[15.5966,44.2153],[15.621,44.2219],[15.6387,44.2153],[15.6475,44.2166],[15.6514,44.21],[15.6762,44.2004],[15.6979,44.1995],[15.6997,44.2051],[15.713,44.2042],[15.7083,44.2167],[15.7344,44.2556],[15.7251,44.2607],[15.6905,44.2723],[15.6776,44.2712],[15.6598,44.2861],[15.6483,44.2908],[15.6366,44.2852],[15.6167,44.2911],[15.5975,44.2913],[15.579,44.3],[15.5707,44.2934],[15.5477,44.2905],[15.5377,44.2594],[15.5337,44.2557],[15.5378,44.2482],[15.5222,44.2478],[15.5282,44.227],[15.5336,44.2231],[15.5616,44.2111],[15.5724,44.209],[15.5881,44.2019]]]},"properties":{"name":"Općina Jasenice","osm":"relation/8843447"}},
{"type":"Feature","geometry":{"type":"Polygon","coordinates":[[[17.906,45.4537],[17.9111,45.4623],[17.9244,45.472],[17.9429,45.4726],[17.9497,45.478],[17.9813,45.4822],[17.9782,45.4909],[17.9796,45.5072],[18.0076,45.5175],[18.0105,45.5149],[18.0342,45.5261],[18.0236,45.5349],[18.0237,45.5405],[18,45.5505],[17.9883,45.5576],[17.9898,45.5625],[17.9762,45.5572],[17.9777,45.5506],[17.9672,45.548],[17.9596,45.535],[17.9461,45.5321],[17.9541,45.5276],[17.9406,45.4998],[17.9237,45.4954],[17.9145,45.4893],[17.8933,45.4841],[17.8857,45.4737],[17.8848,45.461],[17.8976,45.4536],[17.906,45.4537]]]},"properties":{"name":"Općina Feričanci","osm":"relation/8896281"}},
{"type":"Feature","geometry":{"type":"Polygon","coordinates":[[[17.906,45.4537],[17.9368,45.4519],[17.9508,45.4382],[17.9601,45.4367],[17.9791,45.4433],[17.9856,45.441],[17.9995,45.4534],[18.0104,45.4514],[18.0246,45.4673],[18.0382,45.4747],[18.0438,45.4896],[18.0348,45.4903],[18.0462,45.498],[18.0505,45.5067],[18.0515,45.5217],[18.0342,45.5261],[18.0105,45.5149],[18.0076,45.5175],[17.9796,45.5072],[17.9782,45.4909],[17.9813,45.4822],[17.9497,45.478],[17.9429,45.4726],[17.9244,45.472],[17.9111,45.4623],[17.906,45.4537]]]},"properties":{"name":"Općina Donja Motičina","osm":"relation/8896282"}},
{"type":"Feature","geometry":{"type":"Polygon","coordinates":[[[17.1221,45.8834],[17.1084,45.8822],[17.0979,45.8998],[17.0909,45.9044],[17.0841,45.9022],[17.0754,45.887],[17.0787,45.8821],[17.0669,45.8699],[17.0815,45.8666],[17.0845,45.8532],[17.0984,45.853],[17.0778,45.8378],[17.064,45.833],[17.0599,45.8403],[17.0486,45.8359],[17.0395,45.838],[17.0219,45.8249],[17.0071,45.8205],[17.0026,45.8054],[17.0098,45.7977],[17.0245,45.7806],[17.0405,45.7676],[17.0544,45.7673],[17.0771,45.7812],[17.0936,45.7825],[17.0968,45.7919],[17.12,45.7963],[17.1383,45.8135],[17.1467,45.8122],[17.1486,45.8233],[17.1359,45.8422],[17.1429,45.8507],[17.1397,45.8578],[17.1467,45.862],[17.1372,45.8732],[17.1393,45.8769],[17.1221,45.8834]]]},"properties":{"name":"Općina Velika Pisanica","osm":"relation/8896853"}},
{"type":"Feature","geometry":{"type":"Polygon","coordinates":[[[17.1322,45.9979],[17.1263,45.9867],[17.112,45.9837],[17.1,45.9661],[17.1029,45.9554],[17.1166,45.9439],[17.1097,45.9352],[17.1011,45.9335],[17.0997,45.9157],[17.0909,45.9044],[17.0979,45.8998],[17.1084,45.8822],[17.1221,45.8834],[17.1197,45.8964],[17.1303,45.9071],[17.1213,45.9076],[17.1256,45.9196],[17.1367,45.9217],[17.1474,45.9326],[17.1574,45.9475],[17.1633,45.9475],[17.1659,45.9568],[17.1858,45.965],[17.1898,45.9779],[17.2002,45.983],[17.2077,45.9771],[17.2095,45.9871],[17.2027,45.989],[17.1946,45.9996],[17.1871,45.9933],[17.1704,45.9989],[17.1467,45.9985],[17.1455,46.0038],[17.1373,46.004],[17.1322,45.9979]]]},"properties":{"name":"Općina Kloštar Podravski","osm":"relation/8898819"}},
{"type":"Feature","geometry":{"type":"Polygon","coordinates":[[[17.2945,45.9884],[17.3062,46],[17.3012,46.0038],[17.2906,46.0008],[17.2771,46.0024],[17.2706,46.0083],[17.2582,46.0116],[17.2504,46.0068],[17.2299,46.0105],[17.2279,46.0169],[17.2158,46.017],[17.2126,46.0255],[17.206,46.0293],[17.1924,46.0283],[17.1878,46.0225],[17.1787,46.021],[17.1763,46.0074],[17.1704,45.9989],[17.1871,45.9933],[17.1946,45.9996],[17.2027,45.989],[17.2095,45.9871],[17.2208,45.9833],[17.2325,45.9836],[17.2566,45.9803],[17.2801,45.984],[17.2844,45.9813],[17.2945,45.9884]]]},"properties":{"name":"Općina Podravske Sesvete","osm":"relation/8898820"}},
{"type":"Feature","geometry":{"type":"Polygon","coordinates":[[[17.1452,46.0515],[17.1398,46.0526],[17.1143,46.0452],[17.1115,46.0396],[17.103,46.042],[17.1032,46.0294],[17.0958,46.0125],[17.0862,46.009],[17.097,46.0033],[17.0911,45.9972],[17.1057,45.9957],[17.1211,46],[17.1322,45.9979],[17.1373,46.004],[17.1455,46.0038],[17.1467,45.9985],[17.1704,45.9989],[17.1763,46.0074],[17.1787,46.021],[17.1878,46.0225],[17.1924,46.0283],[17.1816,46.0373],[17.1786,46.0512],[17.1721,46.0565],[17.1556,46.0469],[17.1436,46.0468],[17.1452,46.0515]]]},"properties":{"name":"Općina Kalinovac","osm":"relation/8898821"}},
{"type":"Feature","geometry":{"type":"Polygon","coordinates":[[[17.4557,45.8306],[17.4758,45.8273],[17.4765,45.8235],[17.5113,45.83],[17.5306,45.8283],[17.5325,45.8257],[17.5503,45.8395],[17.5469,45.8493],[17.5566,45.8486],[17.5658,45.8427],[17.5749,45.8426],[17.587,45.8494],[17.6065,45.8412],[17.6217,45.8398],[17.6248,45.8354],[17.6443,45.8398],[17.6501,45.8315],[17.6606,45.8394],[17.6513,45.8488],[17.648,45.8654],[17.6283,45.8969],[17.6175,45.9076],[17.5989,45.9159],[17.5757,45.9334],[17.5578,45.9383],[17.5288,45.9338],[17.5197,45.938],[17.5147,45.9213],[17.509,45.9209],[17.5059,45.9087],[17.4979,45.9066],[17.4885,45.8984],[17.5063,45.893],[17.4922,45.8855],[17.484,45.8758],[17.4739,45.8726],[17.4611,45.8601],[17.4692,45.8495],[17.4733,45.8439],[17.4601,45.8406],[17.4557,45.8306]]]},"properties":{"name":"Općina Gradina","osm":"relation/8918387"}},
{"type":"Feature","geometry":{"type":"Polygon","coordinates":[[[17.5197,45.938],[17.4984,45.9416],[17.4768,45.9422],[17.4502,45.9496],[17.436,45.9503],[17.4274,45.9423],[17.4374,45.9325],[17.4262,45.9271],[17.4123,45.9302],[17.4109,45.9401],[17.3961,45.9311],[17.3851,45.9374],[17.3864,45.9292],[17.3805,45.9221],[17.3879,45.9181],[17.3764,45.8877],[17.3692,45.8737],[17.3795,45.8663],[17.3927,45.8684],[17.3953,45.8647],[17.4113,45.8585],[17.4129,45.8617],[17.4458,45.8481],[17.4679,45.8471],[17.4692,45.8495],[17.4611,45.8601],[17.4739,45.8726],[17.484,45.8758],[17.4922,45.8855],[17.5063,45.893],[17.4885,45.8984],[17.4979,45.9066],[17.5059,45.9087],[17.509,45.9209],[17.5147,45.9213],[17.5197,45.938]]]},"properties":{"name":"Općina Lukač","osm":"relation/8918388"}},
{"type":"Feature","geometry":{"type":"Polygon","coordinates":[[[17.458,45.7197],[17.4652,45.7252],[17.4554,45.7317],[17.4492,45.7519],[17.4542,45.7608],[17.4504,45.7679],[17.4357,45.7624],[17.4248,45.7616],[17.4224,45.7769],[17.4312,45.7897],[17.4372,45.8082],[17.4484,45.8101],[17.4557,45.8306],[17.4601,45.8406],[17.4733,45.8439],[17.4692,45.8495],[17.4679,45.8471],[17.4458,45.8481],[17.4129,45.8617],[17.4113,45.8585],[17.3953,45.8647],[17.3927,45.8684],[17.3795,45.8663],[17.3692,45.8737],[17.3512,45.867],[17.3398,45.8751],[17.3242,45.8728],[17.3166,45.8655],[17.312,45.8674],[17.3057,45.8599],[17.3069,45.8485],[17.298,45.8351],[17.2968,45.8217],[17.2853,45.8178],[17.2802,45.8082],[17.2763,45.7872],[17.2942,45.7689],[17.3161,45.7721],[17.3268,45.7648],[17.3174,45.7545],[17.3197,45.7489],[17.3387,45.7485],[17.3405,45.763],[17.3491,45.7654],[17.3659,45.7536],[17.364,45.7391],[17.349,45.7216],[17.3618,45.7167],[17.3791,45.7245],[17.3848,45.7006],[17.3977,45.7034],[17.4066,45.7178],[17.4185,45.7165],[17.4221,45.7246],[17.4435,45.7301],[17.458,45.7197]]]},"properties":{"name":"Grad Virovitica","osm":"relation/8918389"}},
{"type":"Feature","geometry":{"type":"Polygon","coordinates":[[[17.6248,45.8354],[17.6217,45.8398],[17.6065,45.8412],[17.587,45.8494],[17.5749,45.8426],[17.5658,45.8427],[17.5566,45.8486],[17.5469,45.8493],[17.5503,45.8395],[17.5325,45.8257],[17.5306,45.8283],[17.5113,45.83],[17.4765,45.8235],[17.4758,45.8273],[17.4557,45.8306],[17.4484,45.8101],[17.4372,45.8082],[17.4312,45.7897],[17.4224,45.7769],[17.4248,45.7616],[17.4357,45.7624],[17.4504,45.7679],[17.4542,45.7608],[17.4492,45.7519],[17.4554,45.7317],[17.4652,45.7252],[17.458,45.7197],[17.4486,45.7138],[17.4473,45.7078],[17.4701,45.7081],[17.4864,45.7049],[17.4952,45.682],[17.4734,45.6735],[17.48,45.6683],[17.4803,45.6736],[17.508,45.6823],[17.5117,45.6942],[17.5261,45.7022],[17.5219,45.7316],[17.5334,45.7304],[17.5568,45.7376],[17.5765,45.7362],[17.5952,45.7439],[17.5995,45.7561],[17.602,45.7647],[17.6074,45.7648],[17.6163,45.7759],[17.6092,45.7778],[17.6095,45.7866],[17.6151,45.7985],[17.6214,45.8038],[17.6023,45.8153],[17.6034,45.8216],[17.6138,45.8219],[17.6152,45.8306],[17.6248,45.8354]]]},"properties":{"name":"Općina Suhopolje","osm":"relation/8920389"}},
{"type":"Feature","geometry":{"type":"Polygon","coordinates":[[[17.3522,45.9413],[17.3344,45.9234],[17.3118,45.932],[17.304,45.9168],[17.2898,45.9032],[17.2448,45.9021],[17.2259,45.8799],[17.2165,45.8754],[17.2014,45.8487],[17.1944,45.8475],[17.2002,45.8356],[17.2055,45.8373],[17.2152,45.83],[17.2232,45.831],[17.2461,45.814],[17.2802,45.8082],[17.2853,45.8178],[17.2968,45.8217],[17.298,45.8351],[17.3069,45.8485],[17.3057,45.8599],[17.312,45.8674],[17.3166,45.8655],[17.3242,45.8728],[17.3398,45.8751],[17.3512,45.867],[17.3692,45.8737],[17.3764,45.8877],[17.3879,45.9181],[17.3805,45.9221],[17.3864,45.9292],[17.3851,45.9374],[17.3861,45.9463],[17.3733,45.9477],[17.3522,45.9413]]]},"properties":{"name":"Općina Špišić Bukovica","osm":"relation/8920475"}},
{"type":"Feature","geometry":{"type":"Polygon","coordinates":[[[17.6248,45.8354],[17.6152,45.8306],[17.6138,45.8219],[17.6034,45.8216],[17.6023,45.8153],[17.6214,45.8038],[17.6151,45.7985],[17.6095,45.7866],[17.6092,45.7778],[17.6163,45.7759],[17.6074,45.7648],[17.602,45.7647],[17.5995,45.7561],[17.6169,45.7533],[17.6158,45.7492],[17.6384,45.7447],[17.6465,45.7469],[17.6525,45.755],[17.6429,45.7787],[17.6636,45.7782],[17.6711,45.7885],[17.6809,45.7861],[17.678,45.7687],[17.7159,45.7682],[17.7203,45.7505],[17.7213,45.7355],[17.728,45.7327],[17.7624,45.7543],[17.7833,45.7629],[17.804,45.7651],[17.805,45.7919],[17.8179,45.7945],[17.815,45.8048],[17.7998,45.8061],[17.7855,45.8162],[17.7771,45.8174],[17.7588,45.812],[17.7464,45.8264],[17.7323,45.8305],[17.7084,45.8315],[17.7005,45.8369],[17.6883,45.8388],[17.6705,45.835],[17.6606,45.8394],[17.6501,45.8315],[17.6443,45.8398],[17.6248,45.8354]]]},"properties":{"name":"Općina Sopje","osm":"relation/8923164"}},
{"type":"Feature","geometry":{"type":"Polygon","coordinates":[[[17.5765,45.7362],[17.5819,45.7289],[17.6091,45.724],[17.6095,45.7133],[17.6194,45.7013],[17.6211,45.6924],[17.6112,45.69],[17.6027,45.6941],[17.5768,45.6768],[17.5996,45.6675],[17.6061,45.6695],[17.6168,45.6585],[17.6276,45.6594],[17.641,45.6448],[17.6486,45.6422],[17.656,45.6538],[17.6582,45.6444],[17.6671,45.6338],[17.6854,45.6287],[17.6891,45.6418],[17.6975,45.653],[17.6986,45.6614],[17.7072,45.654],[17.7102,45.6458],[17.7184,45.638],[17.7328,45.6347],[17.7408,45.6286],[17.7466,45.6354],[17.7473,45.6517],[17.7529,45.6697],[17.7525,45.6822],[17.7722,45.6866],[17.7833,45.694],[17.7676,45.7061],[17.7904,45.7215],[17.7862,45.7226],[17.7833,45.7629],[17.7624,45.7543],[17.728,45.7327],[17.7213,45.7355],[17.7203,45.7505],[17.7159,45.7682],[17.678,45.7687],[17.6809,45.7861],[17.6711,45.7885],[17.6636,45.7782],[17.6429,45.7787],[17.6525,45.755],[17.6465,45.7469],[17.6384,45.7447],[17.6158,45.7492],[17.6169,45.7533],[17.5995,45.7561],[17.5952,45.7439],[17.5765,45.7362]]]},"properties":{"name":"Grad Slatina","osm":"relation/8926113"}},
{"type":"Feature","geometry":{"type":"Polygon","coordinates":[[[17.7904,45.7215],[17.7676,45.7061],[17.7833,45.694],[17.7722,45.6866],[17.7525,45.6822],[17.7529,45.6697],[17.7473,45.6517],[17.7466,45.6354],[17.7408,45.6286],[17.7537,45.6266],[17.7703,45.633],[17.7958,45.6217],[17.8083,45.6245],[17.8058,45.6362],[17.8154,45.6334],[17.8232,45.6472],[17.8221,45.6516],[17.8332,45.6601],[17.8252,45.6334],[17.8493,45.6279],[17.8621,45.6322],[17.8628,45.6399],[17.8788,45.6448],[17.8916,45.6547],[17.8942,45.6627],[17.8794,45.6681],[17.8751,45.6789],[17.8579,45.6816],[17.8451,45.68],[17.8373,45.6844],[17.8409,45.6928],[17.8313,45.6945],[17.8342,45.6998],[17.8281,45.7068],[17.8296,45.7201],[17.8251,45.7223],[17.8138,45.7155],[17.7904,45.7215]]]},"properties":{"name":"Općina Nova Bukovica","osm":"relation/8926114"}},
{"type":"Feature","geometry":{"type":"Polygon","coordinates":[[[17.932,45.7315],[17.9326,45.7532],[17.9256,45.7533],[17.9117,45.7764],[17.9121,45.7907],[17.8974,45.7905],[17.8755,45.7789],[17.8649,45.7668],[17.8557,45.7705],[17.8516,45.7833],[17.8382,45.7869],[17.8329,45.7917],[17.8288,45.8078],[17.8202,45.8099],[17.815,45.8048],[17.8179,45.7945],[17.805,45.7919],[17.804,45.7651],[17.7833,45.7629],[17.7862,45.7226],[17.7904,45.7215],[17.8138,45.7155],[17.8251,45.7223],[17.8296,45.7201],[17.8281,45.7068],[17.8342,45.6998],[17.8313,45.6945],[17.8409,45.6928],[17.8373,45.6844],[17.8451,45.68],[17.8579,45.6816],[17.8751,45.6789],[17.8802,45.6889],[17.8817,45.7077],[17.9039,45.7289],[17.9149,45.7275],[17.932,45.7315]]]},"properties":{"name":"Općina Čađavica","osm":"relation/8926115"}},
{"type":"Feature","geometry":{"type":"Polygon","coordinates":[[[17.3522,45.9413],[17.3456,45.9434],[17.3395,45.9553],[17.3486,45.9606],[17.3552,45.9532],[17.3599,45.9586],[17.3847,45.9563],[17.3911,45.9601],[17.3863,45.9657],[17.3763,45.9616],[17.3639,45.9611],[17.3596,45.967],[17.3753,45.9711],[17.3672,45.9753],[17.3733,45.9817],[17.3719,45.9908],[17.364,45.9916],[17.3602,45.9772],[17.3529,45.9747],[17.3427,45.9844],[17.3376,45.9958],[17.3274,45.9913],[17.3364,45.9844],[17.336,45.978],[17.3239,45.9668],[17.313,45.9663],[17.3083,45.9707],[17.3166,45.9756],[17.324,45.9869],[17.312,45.9892],[17.3087,45.9816],[17.2973,45.984],[17.2945,45.9884],[17.2844,45.9813],[17.2801,45.984],[17.2566,45.9803],[17.2325,45.9836],[17.2208,45.9833],[17.2095,45.9871],[17.2077,45.9771],[17.2002,45.983],[17.1898,45.9779],[17.1858,45.965],[17.1659,45.9568],[17.1633,45.9475],[17.1574,45.9475],[17.1474,45.9326],[17.1367,45.9217],[17.1256,45.9196],[17.1213,45.9076],[17.1303,45.9071],[17.1197,45.8964],[17.1221,45.8834],[17.1393,45.8769],[17.1587,45.8715],[17.1678,45.8718],[17.1718,45.861],[17.1849,45.8619],[17.1944,45.8475],[17.2014,45.8487],[17.2165,45.8754],[17.2259,45.8799],[17.2448,45.9021],[17.2898,45.9032],[17.304,45.9168],[17.3118,45.932],[17.3344,45.9234],[17.3522,45.9413]]]},"properties":{"name":"Općina Pitomača","osm":"relation/8927861"}},
{"type":"Feature","geometry":{"type":"Polygon","coordinates":[[[18.0133,45.6687],[18.0017,45.6817],[18.0078,45.6838],[17.9996,45.7184],[17.9573,45.7173],[17.9662,45.7284],[17.9435,45.7285],[17.932,45.7315],[17.9149,45.7275],[17.9039,45.7289],[17.8817,45.7077],[17.8802,45.6889],[17.8751,45.6789],[17.8794,45.6681],[17.8942,45.6627],[17.9076,45.658],[17.9191,45.6491],[17.9286,45.651],[17.9467,45.6448],[17.9394,45.6604],[17.9626,45.663],[17.9606,45.6525],[17.9679,45.6317],[18.0164,45.6554],[18.0133,45.6687]]]},"properties":{"name":"Općina Crnac","osm":"relation/9024757"}},
{"type":"Feature","geometry":{"type":"Polygon","coordinates":[[[17.8957,45.588],[17.9174,45.5764],[17.9098,45.5712],[17.9271,45.5582],[17.9552,45.5606],[17.9585,45.5537],[17.9777,45.5506],[17.9762,45.5572],[17.9898,45.5625],[17.992,45.5741],[18.0018,45.5806],[18.0012,45.5859],[18.013,45.5908],[18.0268,45.6052],[18.0471,45.634],[18.0674,45.6302],[18.0671,45.6432],[18.0447,45.6452],[18.034,45.6424],[18.0232,45.6571],[18.0164,45.6554],[17.9679,45.6317],[17.9606,45.6525],[17.9626,45.663],[17.9394,45.6604],[17.9467,45.6448],[17.9286,45.651],[17.9191,45.6491],[17.931,45.6273],[17.9179,45.6063],[17.8902,45.5906],[17.8957,45.588]]]},"properties":{"name":"Općina Zdenci","osm":"relation/9024758"}},
{"type":"Feature","geometry":{"type":"Polygon","coordinates":[[[17.8857,45.4737],[17.8933,45.4841],[17.9145,45.4893],[17.9237,45.4954],[17.9406,45.4998],[17.9541,45.5276],[17.9461,45.5321],[17.9596,45.535],[17.9672,45.548],[17.9777,45.5506],[17.9585,45.5537],[17.9552,45.5606],[17.9271,45.5582],[17.9098,45.5712],[17.9174,45.5764],[17.8957,45.588],[17.8906,45.5804],[17.885,45.5818],[17.8795,45.5718],[17.8801,45.5613],[17.8729,45.563],[17.8613,45.5559],[17.8597,45.551],[17.8438,45.5516],[17.8221,45.5567],[17.8132,45.5523],[17.8014,45.5563],[17.7984,45.5482],[17.7747,45.547],[17.7663,45.5361],[17.7677,45.5166],[17.7507,45.5141],[17.7374,45.5058],[17.7409,45.5026],[17.7836,45.4951],[17.8001,45.4808],[17.7779,45.4741],[17.7908,45.4766],[17.8301,45.4724],[17.8413,45.4843],[17.8533,45.4884],[17.8649,45.4868],[17.872,45.4782],[17.8857,45.4737]]]},"properties":{"name":"Grad Orahovica","osm":"relation/9024759"}},
{"type":"Feature","geometry":{"type":"Polygon","coordinates":[[[17.8493,45.6279],[17.8252,45.6334],[17.8332,45.6601],[17.8221,45.6516],[17.8232,45.6472],[17.8154,45.6334],[17.8058,45.6362],[17.8083,45.6245],[17.7958,45.6217],[17.7703,45.633],[17.7537,45.6266],[17.7408,45.6286],[17.7328,45.6347],[17.7352,45.6287],[17.7269,45.6248],[17.7256,45.6183],[17.715,45.6078],[17.7172,45.6033],[17.7374,45.6031],[17.7379,45.6002],[17.7552,45.6027],[17.7713,45.5976],[17.7816,45.5908],[17.7934,45.5889],[17.8111,45.5961],[17.8167,45.5921],[17.8347,45.6012],[17.8311,45.6021],[17.8454,45.6132],[17.8493,45.6279]]]},"properties":{"name":"Općina Mikleuš","osm":"relation/9024760"}},
{"type":"Feature","geometry":{"type":"Polygon","coordinates":[[[17.7154,45.4999],[17.7263,45.4989],[17.7409,45.5026],[17.7374,45.5058],[17.7507,45.5141],[17.7677,45.5166],[17.7663,45.5361],[17.7747,45.547],[17.7984,45.5482],[17.8014,45.5563],[17.8132,45.5523],[17.8221,45.5567],[17.8438,45.5516],[17.8597,45.551],[17.8613,45.5559],[17.8729,45.563],[17.8801,45.5613],[17.8795,45.5718],[17.885,45.5818],[17.8906,45.5804],[17.8957,45.588],[17.8902,45.5906],[17.9179,45.6063],[17.931,45.6273],[17.9191,45.6491],[17.9076,45.658],[17.8942,45.6627],[17.8916,45.6547],[17.8788,45.6448],[17.8628,45.6399],[17.8621,45.6322],[17.8493,45.6279],[17.8454,45.6132],[17.8311,45.6021],[17.8347,45.6012],[17.8167,45.5921],[17.8111,45.5961],[17.7934,45.5889],[17.7816,45.5908],[17.7713,45.5976],[17.7552,45.6027],[17.7379,45.6002],[17.7415,45.5937],[17.7233,45.5902],[17.7151,45.5841],[17.7159,45.5672],[17.7092,45.5709],[17.7018,45.5657],[17.6884,45.5656],[17.6736,45.5529],[17.6657,45.5424],[17.642,45.5355],[17.648,45.5243],[17.6409,45.5163],[17.6698,45.5094],[17.6781,45.5147],[17.6987,45.5081],[17.7154,45.4999]]]},"properties":{"name":"Općina Čačinci","osm":"relation/9024763"}},
{"type":"Feature","geometry":{"type":"Polygon","coordinates":[[[17.7328,45.6347],[17.7184,45.638],[17.7102,45.6458],[17.7072,45.654],[17.6986,45.6614],[17.6975,45.653],[17.6891,45.6418],[17.6854,45.6287],[17.6671,45.6338],[17.6582,45.6444],[17.656,45.6538],[17.6486,45.6422],[17.641,45.6448],[17.6276,45.6594],[17.6168,45.6585],[17.6061,45.6695],[17.5996,45.6675],[17.5768,45.6768],[17.6027,45.6941],[17.6112,45.69],[17.6211,45.6924],[17.6194,45.7013],[17.6095,45.7133],[17.6091,45.724],[17.5819,45.7289],[17.5765,45.7362],[17.5568,45.7376],[17.5334,45.7304],[17.5219,45.7316],[17.5261,45.7022],[17.5117,45.6942],[17.508,45.6823],[17.4803,45.6736],[17.48,45.6683],[17.4758,45.6519],[17.4649,45.6473],[17.4573,45.6333],[17.4509,45.6276],[17.4512,45.6174],[17.4563,45.6092],[17.4536,45.6042],[17.4249,45.6014],[17.4213,45.5853],[17.4295,45.5738],[17.4415,45.5751],[17.4458,45.5784],[17.4612,45.5803],[17.465,45.5693],[17.483,45.5698],[17.486,45.5596],[17.4979,45.5567],[17.5061,45.5615],[17.5127,45.5797],[17.5257,45.5795],[17.5364,45.5717],[17.5485,45.5674],[17.5724,45.5496],[17.5904,45.5507],[17.6013,45.5362],[17.6096,45.5347],[17.6033,45.5224],[17.6358,45.5149],[17.6409,45.5163],[17.648,45.5243],[17.642,45.5355],[17.6657,45.5424],[17.6736,45.5529],[17.6884,45.5656],[17.7018,45.5657],[17.7092,45.5709],[17.7159,45.5672],[17.7151,45.5841],[17.7233,45.5902],[17.7415,45.5937],[17.7379,45.6002],[17.7374,45.6031],[17.7172,45.6033],[17.715,45.6078],[17.7256,45.6183],[17.7269,45.6248],[17.7352,45.6287],[17.7328,45.6347]]]},"properties":{"name":"Općina Voćin","osm":"relation/9024764"}},
{"type":"Feature","geometry":{"type":"Polygon","coordinates":[[[17.9121,45.7907],[17.9117,45.7764],[17.9256,45.7533],[17.9326,45.7532],[17.932,45.7315],[17.9435,45.7285],[17.9662,45.7284],[17.9573,45.7173],[17.9996,45.7184],[17.9922,45.7226],[17.9799,45.7226],[17.9803,45.7369],[17.9876,45.7368],[17.9933,45.7432],[17.9935,45.7511],[18.0017,45.7565],[17.9941,45.7676],[18.0103,45.7717],[18.0245,45.7696],[18.0266,45.7773],[18.0145,45.783],[18.0023,45.7934],[17.9883,45.7948],[17.9699,45.7887],[17.9529,45.7926],[17.9303,45.7859],[17.9121,45.7907]]]},"properties":{"name":"Općina Podravska Moslavina","osm":"relation/9035427"}},
{"type":"Feature","geometry":{"type":"Polygon","coordinates":[[[17.9996,45.7184],[18.0078,45.6838],[18.0017,45.6817],[18.0133,45.6687],[18.0939,45.6679],[18.0941,45.6762],[18.1032,45.6743],[18.1086,45.6787],[18.1193,45.6748],[18.1234,45.6806],[18.133,45.6892],[18.1406,45.6868],[18.1471,45.6914],[18.1541,45.6878],[18.1574,45.6962],[18.1634,45.6975],[18.1455,45.7033],[18.1313,45.705],[18.1434,45.7297],[18.1311,45.7324],[18.1344,45.7392],[18.1138,45.7436],[18.1118,45.7486],[18.0967,45.7499],[18.0949,45.7659],[18.0817,45.7644],[18.0533,45.7731],[18.0266,45.7773],[18.0245,45.7696],[18.0103,45.7717],[17.9941,45.7676],[18.0017,45.7565],[17.9935,45.7511],[17.9933,45.7432],[17.9876,45.7368],[17.9803,45.7369],[17.9799,45.7226],[17.9922,45.7226],[17.9996,45.7184]]]},"properties":{"name":"Općina Viljevo","osm":"relation/9035428"}},
{"type":"Feature","geometry":{"type":"Polygon","coordinates":[[[18.6186,45.7072],[18.6247,45.7071],[18.6463,45.7201],[18.6464,45.7268],[18.6346,45.7452],[18.6287,45.7471],[18.6413,45.7551],[18.6451,45.7731],[18.6562,45.7768],[18.6575,45.7811],[18.6331,45.7946],[18.6381,45.8023],[18.6334,45.8085],[18.6034,45.8279],[18.5952,45.8214],[18.5728,45.8136],[18.5749,45.8003],[18.5583,45.7875],[18.556,45.7809],[18.5491,45.7806],[18.5738,45.7667],[18.5634,45.7657],[18.5621,45.7502],[18.5747,45.7502],[18.5669,45.7426],[18.5928,45.7261],[18.6017,45.7271],[18.6087,45.722],[18.6102,45.7116],[18.6186,45.7072]]]},"properties":{"name":"Grad Beli Manastir","osm":"relation/9037884"}},
{"type":"Feature","geometry":{"type":"Polygon","coordinates":[[[18.8939,45.7516],[18.8587,45.7634],[18.8527,45.7745],[18.8742,45.7844],[18.892,45.779],[18.9164,45.7848],[18.923,45.8057],[18.9149,45.8204],[18.8984,45.826],[18.8858,45.8237],[18.8812,45.8169],[18.8787,45.8065],[18.8602,45.7966],[18.8586,45.7922],[18.858,45.7921],[18.8529,45.7897],[18.8501,45.7887],[18.8438,45.7882],[18.8336,45.7915],[18.8271,45.8036],[18.8364,45.8206],[18.8229,45.8268],[18.8187,45.8216],[18.8121,45.8258],[18.7975,45.8199],[18.791,45.8213],[18.7772,45.8152],[18.7676,45.8213],[18.7612,45.815],[18.7445,45.8075],[18.7311,45.804],[18.7168,45.8059],[18.695,45.7951],[18.6971,45.7904],[18.6778,45.7761],[18.6562,45.7768],[18.6451,45.7731],[18.6413,45.7551],[18.6287,45.7471],[18.6346,45.7452],[18.6464,45.7268],[18.6655,45.7312],[18.6759,45.7363],[18.6744,45.7287],[18.7016,45.7305],[18.7034,45.7241],[18.729,45.7334],[18.7353,45.7035],[18.7455,45.6979],[18.764,45.6925],[18.7764,45.698],[18.7949,45.6895],[18.8144,45.6916],[18.8187,45.6965],[18.8364,45.7021],[18.8426,45.6936],[18.8539,45.6874],[18.8547,45.681],[18.8461,45.6716],[18.8572,45.6656],[18.8637,45.6763],[18.8755,45.6849],[18.9058,45.6833],[18.9071,45.6945],[18.9159,45.7035],[18.9442,45.7045],[18.9533,45.6969],[18.9693,45.6953],[18.9742,45.7004],[18.9776,45.7137],[18.9702,45.7216],[18.962,45.7215],[18.9406,45.715],[18.9285,45.7155],[18.912,45.7118],[18.9085,45.7186],[18.9127,45.7248],[18.9271,45.7287],[18.9441,45.724],[18.9575,45.7239],[18.971,45.7314],[18.9787,45.7423],[18.9728,45.7506],[18.9696,45.7648],[18.9587,45.7674],[18.9228,45.7465],[18.9115,45.7448],[18.8939,45.7516]]]},"properties":{"name":"Općina Kneževi Vinogradi","osm":"relation/9037885"}},
{"type":"Feature","geometry":{"type":"Polygon","coordinates":[[[18.6464,45.7268],[18.6463,45.7201],[18.6247,45.7071],[18.6186,45.7072],[18.6243,45.6983],[18.6174,45.6917],[18.6324,45.6822],[18.6265,45.6753],[18.6175,45.674],[18.6066,45.6596],[18.6062,45.6511],[18.6177,45.6481],[18.6275,45.6562],[18.6323,45.6531],[18.6381,45.6705],[18.6499,45.6672],[18.6777,45.6662],[18.6774,45.6691],[18.6998,45.6689],[18.7098,45.6695],[18.7076,45.6768],[18.7201,45.6791],[18.7192,45.6824],[18.7631,45.6763],[18.764,45.6925],[18.7455,45.6979],[18.7353,45.7035],[18.729,45.7334],[18.7034,45.7241],[18.7016,45.7305],[18.6744,45.7287],[18.6759,45.7363],[18.6655,45.7312],[18.6464,45.7268]]]},"properties":{"name":"Općina Čeminac","osm":"relation/9037886"}},
{"type":"Feature","geometry":{"type":"Polygon","coordinates":[[[14.5238,45.3074],[14.5221,45.3107],[14.5044,45.3138],[14.4867,45.3199],[14.4759,45.3126],[14.4888,45.3075],[14.4881,45.303],[14.4973,45.2949],[14.5059,45.2933],[14.5227,45.2844],[14.5421,45.2778],[14.5528,45.2778],[14.5602,45.2845],[14.5551,45.2892],[14.5335,45.2999],[14.5238,45.3074]]]},"properties":{"name":"Općina Kostrena","osm":"relation/9072034"}},
{"type":"Feature","geometry":{"type":"Polygon","coordinates":[[[18.8812,45.8169],[18.8765,45.8075],[18.8613,45.8063],[18.8493,45.8092],[18.848,45.8151],[18.8534,45.826],[18.8571,45.8413],[18.8553,45.8591],[18.8596,45.8632],[18.8707,45.8594],[18.8856,45.8589],[18.902,45.8658],[18.8982,45.8758],[18.8772,45.8843],[18.8705,45.8934],[18.8795,45.9025],[18.9041,45.9114],[18.9033,45.9182],[18.8902,45.9221],[18.8743,45.9158],[18.8646,45.9207],[18.8682,45.9112],[18.8276,45.9048],[18.8216,45.9146],[18.815,45.9094],[18.8072,45.9032],[18.8126,45.8908],[18.8089,45.8795],[18.7911,45.8782],[18.7672,45.8894],[18.7602,45.8886],[18.7569,45.8968],[18.7221,45.905],[18.7048,45.918],[18.6759,45.9148],[18.6695,45.9107],[18.6595,45.9169],[18.661,45.8953],[18.6413,45.889],[18.6419,45.8845],[18.655,45.8741],[18.6748,45.8703],[18.6805,45.862],[18.6968,45.8504],[18.7091,45.8537],[18.7185,45.8474],[18.7207,45.8358],[18.7097,45.8313],[18.7162,45.8247],[18.7119,45.8171],[18.7168,45.8059],[18.7311,45.804],[18.7445,45.8075],[18.7612,45.815],[18.7676,45.8213],[18.7772,45.8152],[18.791,45.8213],[18.7975,45.8199],[18.8121,45.8258],[18.8187,45.8216],[18.8229,45.8268],[18.8364,45.8206],[18.8271,45.8036],[18.8336,45.7915],[18.8438,45.7882],[18.8501,45.7887],[18.8529,45.7897],[18.858,45.7921],[18.8586,45.7922],[18.8602,45.7966],[18.8787,45.8065],[18.8812,45.8169]]]},"properties":{"name":"Općina Draž","osm":"relation/9100303"}},
{"type":"Feature","geometry":{"type":"Polygon","coordinates":[[[18.655,45.8741],[18.6376,45.8681],[18.6316,45.8768],[18.6278,45.8734],[18.6236,45.8543],[18.6147,45.853],[18.6232,45.8395],[18.6011,45.8338],[18.6034,45.8279],[18.6334,45.8085],[18.6381,45.8023],[18.6331,45.7946],[18.6575,45.7811],[18.6562,45.7768],[18.6778,45.7761],[18.6971,45.7904],[18.695,45.7951],[18.7168,45.8059],[18.7119,45.8171],[18.7162,45.8247],[18.7097,45.8313],[18.7207,45.8358],[18.7185,45.8474],[18.7091,45.8537],[18.6968,45.8504],[18.6805,45.862],[18.6748,45.8703],[18.655,45.8741]]]},"properties":{"name":"Općina Popovac","osm":"relation/9100304"}},
{"type":"Feature","geometry":{"type":"Polygon","coordinates":[[[17.2487,45.3895],[17.2692,45.3876],[17.2803,45.3742],[17.3025,45.3667],[17.3347,45.3675],[17.3373,45.3844],[17.3567,45.3815],[17.3732,45.3832],[17.3895,45.3914],[17.4045,45.3917],[17.4077,45.3963],[17.4254,45.4045],[17.4331,45.4134],[17.4466,45.4131],[17.4461,45.4246],[17.4604,45.4338],[17.4652,45.4471],[17.4562,45.4571],[17.4683,45.4684],[17.4714,45.4773],[17.4671,45.4855],[17.4694,45.492],[17.4656,45.5039],[17.4721,45.5068],[17.4766,45.5155],[17.4749,45.5226],[17.4533,45.5217],[17.4411,45.5142],[17.4417,45.5272],[17.4291,45.5173],[17.4132,45.5085],[17.388,45.5081],[17.3779,45.5132],[17.3612,45.5148],[17.3606,45.5241],[17.328,45.5232],[17.2671,45.5119],[17.2498,45.51],[17.2395,45.5129],[17.229,45.5087],[17.212,45.5229],[17.2021,45.5247],[17.2007,45.5346],[17.1924,45.5333],[17.1747,45.5373],[17.1591,45.5126],[17.1438,45.5124],[17.1313,45.5202],[17.1194,45.5214],[17.0972,45.5149],[17.0849,45.4996],[17.0846,45.4895],[17.0767,45.4777],[17.106,45.4697],[17.1198,45.4625],[17.1247,45.4509],[17.1309,45.4476],[17.1539,45.4513],[17.1549,45.4444],[17.1618,45.4445],[17.1674,45.4278],[17.1846,45.427],[17.1676,45.4132],[17.1709,45.4046],[17.181,45.4035],[17.188,45.4163],[17.1857,45.4215],[17.1967,45.4259],[17.1999,45.4219],[17.2191,45.4255],[17.2328,45.4193],[17.2507,45.4031],[17.2462,45.3965],[17.2487,45.3895]]]},"properties":{"name":"Grad Pakrac","osm":"relation/9100418"}},
{"type":"Feature","geometry":{"type":"Polygon","coordinates":[[[17.0541,45.5218],[17.0448,45.5167],[17.0335,45.5153],[17.0301,45.5076],[17.006,45.5066],[16.9932,45.5111],[16.9931,45.5166],[16.972,45.521],[16.9708,45.5276],[16.9616,45.5326],[16.9568,45.5462],[16.9479,45.5416],[16.9398,45.5306],[16.9376,45.5216],[16.9293,45.5148],[16.9316,45.4912],[16.9356,45.487],[16.93,45.4816],[16.9388,45.477],[16.9541,45.4568],[16.9829,45.4522],[16.9972,45.4571],[17.006,45.4539],[17.0224,45.4416],[17.0125,45.4355],[17.0159,45.426],[17.0216,45.4229],[17.0279,45.4242],[17.0461,45.4195],[17.0487,45.4352],[17.0587,45.4387],[17.07,45.4352],[17.0693,45.4225],[17.058,45.42],[17.0606,45.413],[17.0438,45.3946],[17.0601,45.3931],[17.0731,45.3882],[17.074,45.3832],[17.1183,45.3727],[17.131,45.3643],[17.134,45.3555],[17.1288,45.3498],[17.1365,45.3437],[17.1583,45.3487],[17.1647,45.3538],[17.176,45.3486],[17.1846,45.3519],[17.1903,45.3606],[17.2024,45.368],[17.2143,45.3793],[17.2408,45.392],[17.2487,45.3895],[17.2462,45.3965],[17.2507,45.4031],[17.2328,45.4193],[17.2191,45.4255],[17.1999,45.4219],[17.1967,45.4259],[17.1857,45.4215],[17.188,45.4163],[17.181,45.4035],[17.1709,45.4046],[17.1676,45.4132],[17.1846,45.427],[17.1674,45.4278],[17.1618,45.4445],[17.1549,45.4444],[17.1539,45.4513],[17.1309,45.4476],[17.1247,45.4509],[17.1198,45.4625],[17.106,45.4697],[17.0767,45.4777],[17.0846,45.4895],[17.0849,45.4996],[17.0722,45.5119],[17.0636,45.5139],[17.0541,45.5218]]]},"properties":{"name":"Grad Lipik","osm":"relation/9100419"}},
{"type":"Feature","geometry":{"type":"Polygon","coordinates":[[[16.4903,46.413],[16.4722,46.4123],[16.4705,46.4184],[16.4627,46.4132],[16.4596,46.3918],[16.4734,46.3832],[16.4755,46.3761],[16.4868,46.3759],[16.4861,46.3815],[16.5012,46.3804],[16.5119,46.386],[16.5034,46.3927],[16.4903,46.413]]]},"properties":{"name":"Općina Pribislavec","osm":"relation/9649642"}},
{"type":"Feature","geometry":{"type":"Polygon","coordinates":[[[18.4512,45.2087],[18.4672,45.2147],[18.4747,45.2067],[18.4802,45.2079],[18.489,45.2106],[18.5175,45.2041],[18.5202,45.21],[18.5281,45.2085],[18.5374,45.2309],[18.524,45.2276],[18.5157,45.2107],[18.5007,45.2135],[18.5084,45.2262],[18.5211,45.2325],[18.5082,45.2398],[18.5075,45.248],[18.5132,45.2487],[18.5132,45.2587],[18.4711,45.2438],[18.4712,45.2515],[18.4635,45.2531],[18.3924,45.2403],[18.3877,45.2333],[18.3964,45.2253],[18.4073,45.2263],[18.4251,45.223],[18.4305,45.2154],[18.4512,45.2087]]]},"properties":{"name":"Općina Strizivojna","osm":"relation/9709096"}},
{"type":"Feature","geometry":{"type":"Polygon","coordinates":[[[17.2039,43.4296],[17.2131,43.4315],[17.2439,43.4204],[17.2398,43.4093],[17.2548,43.4101],[17.2561,43.4055],[17.2703,43.4156],[17.2824,43.4312],[17.2847,43.438],[17.2863,43.4632],[17.2687,43.4794],[17.2233,43.4986],[17.2058,43.4974],[17.1998,43.4866],[17.1959,43.4722],[17.1827,43.4635],[17.1775,43.4634],[17.1739,43.4534],[17.1749,43.4428],[17.1806,43.4319],[17.2039,43.4296]]]},"properties":{"name":"Grad Imotski","osm":"relation/9905319"}},
{"type":"Feature","geometry":{"type":"Polygon","coordinates":[[[18.6317,45.3145],[18.615,45.3147],[18.6201,45.3082],[18.6175,45.2951],[18.5969,45.2804],[18.5862,45.2569],[18.5919,45.2403],[18.598,45.2373],[18.6106,45.2424],[18.6093,45.2466],[18.6325,45.2504],[18.6219,45.2595],[18.6391,45.2654],[18.633,45.2829],[18.6496,45.2904],[18.6389,45.3024],[18.6409,45.3136],[18.6317,45.3145]]]},"properties":{"name":"Općina Vođinci","osm":"relation/9971874"}},
{"type":"Feature","geometry":{"type":"MultiPolygon","coordinates":[[[[14.562,45.2566],[14.5554,45.2533],[14.5655,45.2446],[14.5675,45.254],[14.562,45.2566]]],[[[14.5222,45.151],[14.5474,45.1481],[14.5457,45.1543],[14.5505,45.1633],[14.5785,45.1801],[14.5848,45.1794],[14.5868,45.1819],[14.6132,45.187],[14.6161,45.1918],[14.5815,45.23],[14.6039,45.2247],[14.5905,45.2373],[14.5791,45.2417],[14.5757,45.2347],[14.5638,45.2434],[14.5518,45.2428],[14.5507,45.2352],[14.5369,45.2356],[14.5517,45.2235],[14.5491,45.2068],[14.5308,45.2288],[14.5299,45.2164],[14.5468,45.2009],[14.5395,45.2034],[14.5335,45.1988],[14.5374,45.1765],[14.5464,45.1688],[14.535,45.1591],[14.5336,45.1514],[14.5222,45.151]]]]},"properties":{"name":"Općina Omišalj","osm":"relation/10024603"}},
{"type":"Feature","geometry":{"type":"Polygon","coordinates":[[[14.5222,45.151],[14.529,45.1459],[14.5262,45.1248],[14.5142,45.1166],[14.5007,45.1171],[14.494,45.124],[14.475,45.1282],[14.4647,45.118],[14.4716,45.1032],[14.4774,45.1037],[14.4909,45.0962],[14.5028,45.0958],[14.5031,45.0836],[14.5167,45.0824],[14.5323,45.0769],[14.5554,45.0764],[14.5672,45.0856],[14.5719,45.0929],[14.5721,45.0968],[14.5599,45.103],[14.5578,45.13],[14.5694,45.1378],[14.5634,45.1469],[14.5787,45.1543],[14.5836,45.1651],[14.576,45.1733],[14.5848,45.1794],[14.5785,45.1801],[14.5505,45.1633],[14.5457,45.1543],[14.5474,45.1481],[14.5222,45.151]]]},"properties":{"name":"Općina Malinska-Dubašnica","osm":"relation/10025163"}},
{"type":"Feature","geometry":{"type":"Polygon","coordinates":[[[17.3403,42.7717],[17.3805,42.7588],[17.3882,42.7663],[17.3811,42.7654],[17.3742,42.7687],[17.3611,42.767],[17.352,42.777],[17.3578,42.7789],[17.3667,42.7733],[17.3764,42.7724],[17.3772,42.7676],[17.3992,42.7656],[17.408,42.7622],[17.4093,42.7564],[17.4183,42.7585],[17.4219,42.7546],[17.4374,42.7539],[17.4445,42.7453],[17.4562,42.7527],[17.4709,42.7468],[17.4767,42.7481],[17.4965,42.7404],[17.5092,42.7334],[17.5321,42.7343],[17.5623,42.723],[17.5864,42.723],[17.617,42.7211],[17.626,42.7184],[17.6454,42.7172],[17.6586,42.71],[17.6646,42.7108],[17.6995,42.7017],[17.7088,42.6926],[17.7127,42.6992],[17.7325,42.6948],[17.7366,42.7008],[17.7358,42.6896],[17.7435,42.6911],[17.7482,42.6866],[17.7541,42.6925],[17.7417,42.7024],[17.7458,42.7087],[17.7107,42.7178],[17.6929,42.7271],[17.6821,42.7297],[17.6741,42.7251],[17.6685,42.7362],[17.6556,42.7346],[17.6497,42.7297],[17.6454,42.7361],[17.6211,42.7397],[17.6193,42.7368],[17.5984,42.7376],[17.5961,42.7457],[17.6091,42.7448],[17.5934,42.7508],[17.5294,42.7638],[17.5123,42.7657],[17.4942,42.7722],[17.4679,42.7754],[17.454,42.7808],[17.4484,42.7785],[17.4397,42.7832],[17.3847,42.788],[17.3812,42.7898],[17.3962,42.8006],[17.3807,42.8034],[17.374,42.7971],[17.3682,42.7997],[17.349,42.7902],[17.3342,42.7859],[17.3318,42.7793],[17.3268,42.7923],[17.3172,42.7858],[17.3292,42.7808],[17.3288,42.7746],[17.3403,42.7717]]]},"properties":{"name":"Općina Mljet","osm":"relation/10206061"}},
{"type":"Feature","geometry":{"type":"MultiPolygon","coordinates":[[[[16.0854,43.4354],[16.0904,43.444],[16.0981,43.4467],[16.0866,43.4555],[16.0722,43.4556],[16.0688,43.4506],[16.0567,43.4518],[16.0543,43.4456],[16.0825,43.4448],[16.0797,43.4392],[16.0854,43.4354]]],[[[16.1746,43.4471],[16.1656,43.4568],[16.1338,43.459],[16.1455,43.4486],[16.1268,43.452],[16.1086,43.4299],[16.1303,43.4275],[16.1345,43.4309],[16.1461,43.4299],[16.1447,43.4356],[16.1532,43.4388],[16.1688,43.4322],[16.1746,43.4471]]],[[[16.2426,43.5156],[16.2794,43.5268],[16.2885,43.5248],[16.3004,43.5291],[16.292,43.5375],[16.2905,43.5502],[16.2818,43.5548],[16.2637,43.5518],[16.2565,43.5467],[16.2469,43.5501],[16.2363,43.5487],[16.2342,43.5323],[16.2426,43.5156]]],[[[16.3097,43.5115],[16.2924,43.5143],[16.282,43.5133],[16.2618,43.5167],[16.2373,43.5113],[16.2531,43.5105],[16.259,43.5061],[16.2777,43.5053],[16.2845,43.4928],[16.2972,43.487],[16.3022,43.4855],[16.3053,43.4895],[16.3097,43.5115]]]]},"properties":{"name":"Grad Trogir","osm":"relation/10479832"}},
{"type":"Feature","geometry":{"type":"MultiPolygon","coordinates":[[[[16.4901,42.7486],[16.509,42.7611],[16.5281,42.759],[16.5355,42.7633],[16.5265,42.7716],[16.5075,42.7736],[16.488,42.7517],[16.4901,42.7486]]],[[[16.7919,42.7778],[16.782,42.7734],[16.7862,42.7703],[16.7834,42.7609],[16.7961,42.7619],[16.7921,42.7663],[16.7919,42.7778]]],[[[16.8023,42.7675],[16.7978,42.7648],[16.807,42.7591],[16.8082,42.7539],[16.8149,42.7638],[16.8298,42.772],[16.8063,42.7732],[16.8023,42.7675]]],[[[16.8947,42.7278],[16.9107,42.7293],[16.925,42.7383],[16.9303,42.7494],[16.9367,42.7527],[16.9371,42.762],[16.9431,42.7666],[16.9284,42.7699],[16.9241,42.7737],[16.9163,42.7695],[16.9057,42.7733],[16.8824,42.7701],[16.8811,42.7755],[16.8745,42.7716],[16.8562,42.7779],[16.8464,42.7677],[16.8464,42.7749],[16.8356,42.7772],[16.8334,42.7677],[16.8235,42.767],[16.8246,42.7461],[16.8195,42.7435],[16.8242,42.7327],[16.839,42.7298],[16.8577,42.7326],[16.8732,42.7374],[16.8839,42.7316],[16.8886,42.7368],[16.8922,42.7316],[16.8805,42.7255],[16.8947,42.7278]]]]},"properties":{"name":"Općina Lastovo","osm":"relation/10521402"}},
{"type":"Feature","geometry":{"type":"Polygon","coordinates":[[[15.8986,45.9595],[15.8939,45.9723],[15.9085,45.9776],[15.9291,45.979],[15.9392,45.9844],[15.951,45.9854],[15.9651,45.994],[15.9525,46.0062],[15.9519,46.0121],[15.9345,46.0123],[15.9282,46.0185],[15.9101,46.0151],[15.9024,46.0109],[15.8853,46.0115],[15.8716,46.0058],[15.8595,45.9971],[15.8478,45.9876],[15.8463,45.9755],[15.8707,45.974],[15.8737,45.9685],[15.8891,45.967],[15.8986,45.9595]]]},"properties":{"name":"Grad Oroslavje","osm":"relation/10592442"}},
{"type":"Feature","geometry":{"type":"Polygon","coordinates":[[[17.9166,45.3323],[17.9145,45.3235],[17.9204,45.308],[17.9171,45.2999],[17.9255,45.295],[17.9249,45.2872],[17.9328,45.2886],[17.9594,45.286],[17.9704,45.2871],[18.0285,45.2789],[18.0521,45.2706],[18.0723,45.2657],[18.0833,45.2791],[18.0941,45.285],[18.0994,45.295],[18.1138,45.2977],[18.1114,45.3101],[18.1013,45.3139],[18.0998,45.3266],[18.0839,45.3399],[18.0714,45.3404],[18.0685,45.3442],[18.0753,45.3523],[18.0987,45.3621],[18.1091,45.3622],[18.1136,45.3685],[18.1094,45.3832],[18.1013,45.3848],[18.093,45.401],[18.0861,45.397],[18.0781,45.401],[18.0609,45.3999],[18.0575,45.3953],[18.0344,45.3952],[18.0229,45.4023],[18.0165,45.4168],[18.0076,45.4177],[17.9998,45.4126],[17.9839,45.4159],[17.9814,45.424],[17.9728,45.4156],[17.9648,45.3904],[17.9596,45.3923],[17.9536,45.3857],[17.9531,45.3767],[17.9642,45.3762],[17.9618,45.3665],[17.9474,45.3624],[17.9326,45.3687],[17.9219,45.3589],[17.9166,45.3394],[17.9253,45.3379],[17.9229,45.3311],[17.9166,45.3323]]]},"properties":{"name":"Općina Čaglin","osm":"relation/10647998"}},
{"type":"Feature","geometry":{"type":"MultiPolygon","coordinates":[[[[16.4036,43.1565],[16.4005,43.163],[16.3766,43.1688],[16.3674,43.1648],[16.3541,43.1696],[16.3516,43.1771],[16.3428,43.1731],[16.3387,43.1763],[16.3306,43.1677],[16.3498,43.167],[16.3463,43.1619],[16.3571,43.1647],[16.3693,43.1592],[16.3723,43.1537],[16.3817,43.159],[16.3893,43.1522],[16.3976,43.1597],[16.4036,43.1565]]],[[[16.4295,43.1571],[16.4223,43.1648],[16.4123,43.1543],[16.4174,43.1519],[16.4232,43.1602],[16.4295,43.1571]]],[[[16.5674,43.1774],[16.5563,43.1852],[16.5395,43.1896],[16.5387,43.1939],[16.5274,43.2025],[16.5037,43.2076],[16.4692,43.2099],[16.468,43.2034],[16.4537,43.2071],[16.4481,43.1976],[16.4408,43.2024],[16.4397,43.1953],[16.4327,43.1999],[16.4346,43.1912],[16.4276,43.1972],[16.4213,43.1925],[16.4127,43.1974],[16.4184,43.1893],[16.3878,43.198],[16.3788,43.1986],[16.3728,43.1896],[16.3903,43.1867],[16.4283,43.1742],[16.4452,43.1669],[16.4488,43.1616],[16.4551,43.1637],[16.4674,43.157],[16.4871,43.1621],[16.5087,43.1517],[16.5208,43.149],[16.5468,43.1386],[16.5593,43.1416],[16.5848,43.1374],[16.6234,43.128],[16.6272,43.1341],[16.6225,43.1385],[16.6057,43.1415],[16.5869,43.1492],[16.5707,43.1492],[16.5659,43.1462],[16.568,43.1568],[16.5572,43.1673],[16.5674,43.1774]]]]},"properties":{"name":"Grad Hvar","osm":"relation/11102711"}},
{"type":"Feature","geometry":{"type":"Polygon","coordinates":[[[16.9795,43.1181],[16.9874,43.1146],[17.0263,43.1134],[17.0484,43.1175],[17.055,43.1132],[17.097,43.1149],[17.1171,43.1142],[17.139,43.1155],[17.1789,43.1221],[17.1818,43.1252],[17.1964,43.1245],[17.1882,43.1308],[17.1575,43.1376],[17.1413,43.1394],[17.1177,43.1352],[17.0943,43.1375],[17.0659,43.1376],[17.0215,43.1439],[17.0164,43.1408],[17.0085,43.1449],[16.9687,43.1504],[16.9705,43.1367],[16.9762,43.1311],[16.9795,43.1181]]]},"properties":{"name":"Općina Sućuraj","osm":"relation/11102712"}},
{"type":"Feature","geometry":{"type":"Polygon","coordinates":[[[16.66,43.1995],[16.6645,43.2],[16.6689,43.21],[16.6507,43.2184],[16.6446,43.2119],[16.6433,43.2189],[16.6225,43.2113],[16.6091,43.2135],[16.6084,43.2191],[16.5912,43.2138],[16.58,43.2049],[16.5826,43.2135],[16.5714,43.2118],[16.5669,43.2208],[16.5741,43.2266],[16.5707,43.2338],[16.5658,43.229],[16.5612,43.2357],[16.5577,43.2318],[16.5451,43.2326],[16.5492,43.2232],[16.5419,43.2279],[16.5338,43.2237],[16.5274,43.2298],[16.5192,43.2247],[16.5337,43.2138],[16.5484,43.2135],[16.5501,43.2194],[16.5579,43.2195],[16.5615,43.2136],[16.5557,43.2107],[16.5622,43.202],[16.5689,43.1999],[16.5759,43.1893],[16.5873,43.1852],[16.5674,43.1774],[16.5572,43.1673],[16.568,43.1568],[16.5659,43.1462],[16.5707,43.1492],[16.5869,43.1492],[16.5886,43.1548],[16.6057,43.1587],[16.6149,43.1569],[16.6382,43.1631],[16.6501,43.1607],[16.6555,43.178],[16.6505,43.1802],[16.66,43.1995]]]},"properties":{"name":"Grad Stari Grad","osm":"relation/11112261"}},
{"type":"Feature","geometry":{"type":"MultiPolygon","coordinates":[[[[16.7237,43.0944],[16.7017,43.0971],[16.7002,43.0898],[16.6949,43.0986],[16.6741,43.095],[16.6616,43.0864],[16.6831,43.0825],[16.7001,43.0835],[16.7059,43.0801],[16.7204,43.081],[16.7239,43.0848],[16.7368,43.0838],[16.7393,43.0911],[16.7237,43.0944]]],[[[16.66,43.1995],[16.6505,43.1802],[16.6555,43.178],[16.6501,43.1607],[16.6382,43.1631],[16.6149,43.1569],[16.6057,43.1587],[16.5886,43.1548],[16.5869,43.1492],[16.6057,43.1415],[16.6225,43.1385],[16.6272,43.1341],[16.6234,43.128],[16.6442,43.1261],[16.6585,43.1216],[16.6833,43.1208],[16.7027,43.1245],[16.733,43.1271],[16.782,43.1271],[16.8058,43.1258],[16.8569,43.1182],[16.8921,43.1155],[16.8947,43.118],[16.9132,43.1138],[16.9165,43.1166],[16.947,43.1125],[16.9689,43.1128],[16.9795,43.1181],[16.9762,43.1311],[16.9705,43.1367],[16.9687,43.1504],[16.9209,43.1532],[16.8985,43.1508],[16.8945,43.1563],[16.8843,43.1483],[16.8843,43.1597],[16.8623,43.1604],[16.8648,43.157],[16.8457,43.1574],[16.8234,43.1616],[16.8133,43.1559],[16.8031,43.1588],[16.775,43.1605],[16.7574,43.1632],[16.7472,43.1587],[16.7274,43.1592],[16.7247,43.156],[16.714,43.1614],[16.6982,43.162],[16.6959,43.1698],[16.6847,43.1738],[16.6877,43.1776],[16.6812,43.1912],[16.6673,43.199],[16.66,43.1995]]]]},"properties":{"name":"Općina Jelsa","osm":"relation/11112262"}},
{"type":"Feature","geometry":{"type":"Polygon","coordinates":[[[16.3135,43.3969],[16.3054,43.3994],[16.3003,43.3929],[16.2972,43.4024],[16.287,43.4069],[16.2645,43.4126],[16.2358,43.4144],[16.2147,43.4118],[16.2069,43.4144],[16.2004,43.4093],[16.2018,43.3992],[16.2105,43.3854],[16.2341,43.3804],[16.2518,43.3794],[16.2577,43.3743],[16.2797,43.3674],[16.2816,43.3726],[16.2917,43.3638],[16.2934,43.3677],[16.3061,43.3548],[16.3152,43.3542],[16.3177,43.348],[16.3479,43.3405],[16.3517,43.336],[16.3848,43.3247],[16.3886,43.3363],[16.3936,43.3281],[16.3988,43.3295],[16.3958,43.338],[16.371,43.3527],[16.3604,43.3727],[16.3493,43.3735],[16.3464,43.3801],[16.3393,43.3815],[16.3338,43.3918],[16.3136,43.382],[16.3183,43.3947],[16.3135,43.3969]]]},"properties":{"name":"Općina Šolta","osm":"relation/11153029"}},
{"type":"Feature","geometry":{"type":"Polygon","coordinates":[[[16.259,43.5061],[16.2609,43.4958],[16.2557,43.4925],[16.2375,43.4955],[16.237,43.4922],[16.2256,43.4987],[16.2055,43.4983],[16.2074,43.4898],[16.2154,43.4866],[16.2344,43.4854],[16.2456,43.4791],[16.2554,43.4859],[16.2699,43.4856],[16.2726,43.4936],[16.2796,43.4886],[16.2972,43.487],[16.2845,43.4928],[16.2777,43.5053],[16.259,43.5061]]]},"properties":{"name":"Općina Okrug","osm":"relation/11153625"}},
{"type":"Feature","geometry":{"type":"Polygon","coordinates":[[[15.9402,43.5645],[15.9406,43.5602],[15.9248,43.5582],[15.926,43.5521],[15.9344,43.5448],[15.9379,43.5475],[15.9519,43.5405],[15.9608,43.5403],[15.9539,43.5304],[15.9627,43.5233],[15.9606,43.5325],[15.9676,43.5319],[15.9675,43.5221],[15.974,43.5217],[15.9678,43.5317],[15.9748,43.5334],[15.9716,43.5394],[15.9806,43.541],[15.992,43.5381],[15.9816,43.5368],[15.9833,43.5234],[15.9884,43.5181],[15.9798,43.5132],[15.9528,43.5183],[15.9645,43.509],[15.9523,43.5087],[15.9621,43.5003],[15.9728,43.5046],[15.9698,43.4939],[15.9801,43.4996],[16.0015,43.4991],[15.9936,43.4915],[16.0015,43.4869],[16.0046,43.4946],[16.0166,43.502],[16.0176,43.5066],[16.0554,43.5085],[16.0688,43.5124],[16.0702,43.5172],[16.0449,43.5255],[16.0378,43.53],[16.04,43.5352],[16.0574,43.5362],[16.0604,43.5392],[16.0816,43.5323],[16.0833,43.5377],[16.0914,43.5377],[16.0903,43.5448],[16.0798,43.5444],[16.0779,43.5527],[16.0539,43.5672],[16.0535,43.571],[16.046,43.5681],[16.0408,43.5725],[16.0136,43.5772],[15.9968,43.5695],[15.9768,43.568],[15.9665,43.5708],[15.9582,43.5651],[15.9402,43.5645]]]},"properties":{"name":"Općina Rogoznica","osm":"relation/11223753"}},
{"type":"Feature","geometry":{"type":"Polygon","coordinates":[[[15.3852,45.4327],[15.3791,45.4353],[15.3716,45.4461],[15.3566,45.4419],[15.3465,45.435],[15.332,45.4357],[15.3226,45.4471],[15.3222,45.4548],[15.2968,45.4593],[15.2775,45.4659],[15.2443,45.4536],[15.2284,45.4366],[15.2261,45.4269],[15.2337,45.4202],[15.2236,45.4134],[15.2298,45.4008],[15.2187,45.389],[15.2275,45.3908],[15.2535,45.3824],[15.2524,45.3602],[15.2331,45.352],[15.2134,45.3517],[15.2201,45.3411],[15.2267,45.3418],[15.2382,45.3329],[15.254,45.336],[15.2693,45.3345],[15.2768,45.3254],[15.2932,45.342],[15.2891,45.3461],[15.3022,45.3558],[15.3093,45.3571],[15.3181,45.3527],[15.3443,45.3479],[15.3464,45.3495],[15.3321,45.3648],[15.318,45.3699],[15.318,45.3856],[15.3281,45.3951],[15.3401,45.3974],[15.3484,45.405],[15.3619,45.4025],[15.3758,45.411],[15.3755,45.4238],[15.3852,45.4327]]]},"properties":{"name":"Općina Bosiljevo","osm":"relation/11522968"}},
{"type":"Feature","geometry":{"type":"Polygon","coordinates":[[[18.5689,45.229],[18.5919,45.2403],[18.5862,45.2569],[18.5969,45.2804],[18.6175,45.2951],[18.6201,45.3082],[18.615,45.3147],[18.5981,45.3178],[18.5843,45.3156],[18.5786,45.301],[18.5642,45.2947],[18.5445,45.3025],[18.5282,45.2982],[18.5105,45.2906],[18.5132,45.2587],[18.5132,45.2487],[18.5075,45.248],[18.5082,45.2398],[18.5211,45.2325],[18.5344,45.2341],[18.5564,45.2303],[18.5589,45.2235],[18.5689,45.229]]]},"properties":{"name":"Općina Stari Mikanovci","osm":"relation/11667441"}},
{"type":"Feature","geometry":{"type":"Polygon","coordinates":[[[16.5999,45.903],[16.6092,45.9022],[16.6176,45.8916],[16.6231,45.8909],[16.6014,45.878],[16.6058,45.8744],[16.6002,45.8688],[16.5985,45.8594],[16.6194,45.8524],[16.6236,45.8478],[16.6113,45.8361],[16.6031,45.8183],[16.6195,45.8254],[16.6263,45.8389],[16.6336,45.845],[16.6454,45.84],[16.6427,45.8265],[16.6523,45.8254],[16.6561,45.8333],[16.6653,45.8332],[16.6714,45.8239],[16.682,45.8209],[16.681,45.8391],[16.6923,45.842],[16.7079,45.846],[16.7141,45.8546],[16.7072,45.8698],[16.7006,45.871],[16.6955,45.8881],[16.7012,45.8915],[16.6995,45.9009],[16.6987,45.9145],[16.7022,45.9231],[16.6941,45.9213],[16.6927,45.9266],[16.6668,45.93],[16.6603,45.9211],[16.6474,45.9242],[16.6378,45.9208],[16.6155,45.9196],[16.6184,45.9278],[16.6105,45.9295],[16.604,45.9198],[16.5999,45.903]]]},"properties":{"name":"Općina Farkaševac","osm":"relation/12091441"}},
{"type":"Feature","geometry":{"type":"Polygon","coordinates":[[[16.1203,43.6352],[16.1107,43.6319],[16.1054,43.6239],[16.1022,43.6106],[16.1265,43.6061],[16.1464,43.5987],[16.1398,43.5894],[16.1222,43.5743],[16.1185,43.5631],[16.1285,43.5632],[16.1342,43.559],[16.1527,43.5537],[16.1643,43.5534],[16.1827,43.5363],[16.1792,43.5197],[16.1694,43.5126],[16.1847,43.5104],[16.1827,43.507],[16.1998,43.5111],[16.2083,43.5101],[16.2226,43.5179],[16.2426,43.5156],[16.2342,43.5323],[16.2363,43.5487],[16.2469,43.5501],[16.2531,43.5554],[16.2423,43.5586],[16.2217,43.5697],[16.2065,43.5952],[16.2121,43.6113],[16.1751,43.6145],[16.169,43.6135],[16.152,43.6227],[16.1203,43.6352]]]},"properties":{"name":"Općina Seget","osm":"relation/12093047"}},
{"type":"Feature","geometry":{"type":"Polygon","coordinates":[[[16.0554,43.6054],[16.046,43.5943],[16.0569,43.5712],[16.0535,43.571],[16.0539,43.5672],[16.0779,43.5527],[16.0798,43.5444],[16.0903,43.5448],[16.0914,43.5377],[16.0833,43.5377],[16.0816,43.5323],[16.0604,43.5392],[16.0574,43.5362],[16.04,43.5352],[16.0378,43.53],[16.0449,43.5255],[16.0702,43.5172],[16.0688,43.5124],[16.0554,43.5085],[16.0176,43.5066],[16.0166,43.502],[16.019,43.4921],[16.0431,43.4902],[16.0362,43.4789],[16.0472,43.4808],[16.0608,43.4758],[16.067,43.4823],[16.0803,43.4812],[16.092,43.4728],[16.1208,43.4721],[16.1289,43.4781],[16.1127,43.4841],[16.1126,43.4892],[16.1207,43.4836],[16.1329,43.481],[16.1723,43.4865],[16.1772,43.4924],[16.1738,43.5003],[16.1599,43.5014],[16.1487,43.5062],[16.1412,43.5053],[16.1144,43.5128],[16.1275,43.5158],[16.1308,43.5202],[16.1445,43.5148],[16.1567,43.5157],[16.1694,43.5126],[16.1792,43.5197],[16.1827,43.5363],[16.1643,43.5534],[16.1527,43.5537],[16.1342,43.559],[16.1285,43.5632],[16.1185,43.5631],[16.1222,43.5743],[16.1398,43.5894],[16.1464,43.5987],[16.1265,43.6061],[16.1022,43.6106],[16.0827,43.6172],[16.0691,43.6093],[16.0554,43.6054]]]},"properties":{"name":"Općina Marina","osm":"relation/12093375"}},
{"type":"Feature","geometry":{"type":"Polygon","coordinates":[[[16.2218,46.0222],[16.2295,46.0219],[16.2534,46.0075],[16.2571,46.0182],[16.2654,46.0154],[16.2748,46.0228],[16.2772,46.0447],[16.2607,46.047],[16.2604,46.0589],[16.2513,46.0717],[16.2485,46.0662],[16.2328,46.0614],[16.2242,46.0594],[16.2078,46.042],[16.2091,46.0352],[16.2216,46.0277],[16.2218,46.0222]]]},"properties":{"name":"Općina Bedenica","osm":"relation/12095025"}},
{"type":"Feature","geometry":{"type":"Polygon","coordinates":[[[15.2895,44.3633],[15.3071,44.3566],[15.3083,44.3508],[15.3209,44.3493],[15.339,44.3376],[15.3616,44.3304],[15.3684,44.3304],[15.4088,44.3157],[15.4278,44.3043],[15.4532,44.2796],[15.4636,44.2839],[15.4762,44.2775],[15.4781,44.2679],[15.4952,44.2694],[15.5049,44.2739],[15.5258,44.2691],[15.5313,44.2596],[15.5377,44.2594],[15.5477,44.2905],[15.5707,44.2934],[15.5414,44.3395],[15.4918,44.36],[15.4642,44.369],[15.3904,44.3858],[15.3383,44.4144],[15.3293,44.4157],[15.3192,44.42],[15.2985,44.3836],[15.2907,44.3753],[15.2895,44.3633]]]},"properties":{"name":"Općina Starigrad","osm":"relation/12104426"}},
{"type":"Feature","geometry":{"type":"Polygon","coordinates":[[[16.784,46.0457],[16.7914,46.0557],[16.7855,46.0562],[16.7838,46.0637],[16.7324,46.0404],[16.7217,46.0403],[16.7198,46.0353],[16.7246,46.0177],[16.72,46.0088],[16.7289,46.0013],[16.7401,45.9968],[16.7529,45.996],[16.7579,45.9837],[16.762,45.994],[16.7577,45.9997],[16.7677,46.0074],[16.7797,46.0033],[16.7797,46.0091],[16.7917,46.0197],[16.7999,46.0141],[16.8092,46.0246],[16.7984,46.0325],[16.7773,46.041],[16.784,46.0457]]]},"properties":{"name":"Općina Zrinski Topolovac","osm":"relation/12472709"}},
{"type":"Feature","geometry":{"type":"Polygon","coordinates":[[[15.7002,43.7686],[15.7268,43.7594],[15.7364,43.7598],[15.7434,43.7535],[15.7573,43.7523],[15.7487,43.7684],[15.7392,43.7753],[15.7355,43.787],[15.7525,43.8028],[15.7639,43.8179],[15.769,43.837],[15.757,43.8327],[15.7457,43.82],[15.7318,43.7985],[15.726,43.7858],[15.7081,43.7772],[15.7002,43.7686]]]},"properties":{"name":"Općina Tribunj","osm":"relation/12534774"}},
{"type":"Feature","geometry":{"type":"Polygon","coordinates":[[[15.7343,43.8594],[15.7267,43.8664],[15.6959,43.8761],[15.6824,43.8893],[15.6705,43.8805],[15.6589,43.8673],[15.6427,43.8595],[15.6273,43.8542],[15.6372,43.8484],[15.6455,43.8507],[15.6604,43.848],[15.6407,43.8325],[15.6681,43.8151],[15.6775,43.8149],[15.6828,43.8004],[15.6907,43.8049],[15.6976,43.8183],[15.7123,43.8316],[15.7283,43.8558],[15.7343,43.8594]]]},"properties":{"name":"Općina Pirovac","osm":"relation/12623070"}},
{"type":"Feature","geometry":{"type":"Polygon","coordinates":[[[14.7001,44.9486],[14.7023,44.9543],[14.7153,44.9611],[14.7005,44.97],[14.6762,44.9946],[14.6715,45.0073],[14.6756,45.0233],[14.6574,45.0195],[14.6517,45.0231],[14.6388,45.0404],[14.626,45.0391],[14.629,45.0342],[14.6276,45.0176],[14.6222,45.0091],[14.6271,44.9997],[14.6275,44.989],[14.6155,44.9842],[14.6204,44.9774],[14.6362,44.9729],[14.6505,44.9642],[14.6664,44.9667],[14.6782,44.9646],[14.6886,44.9561],[14.6872,44.952],[14.7001,44.9486]]]},"properties":{"name":"Općina Punat","osm":"relation/12647198"}},
{"type":"Feature","geometry":{"type":"MultiPolygon","coordinates":[[[[15.4981,43.6943],[15.511,43.6882],[15.5196,43.6897],[15.4773,43.7048],[15.4839,43.6971],[15.4981,43.6943]]],[[[15.4748,43.7199],[15.4829,43.7223],[15.4773,43.7335],[15.468,43.7315],[15.4748,43.7199]]],[[[15.4251,43.7254],[15.4174,43.7326],[15.4088,43.7312],[15.413,43.7271],[15.4251,43.7254]]],[[[15.3691,43.76],[15.3625,43.7586],[15.3585,43.7504],[15.3727,43.743],[15.3826,43.7572],[15.3763,43.7579],[15.3647,43.7513],[15.3691,43.76]]],[[[15.3569,43.7579],[15.3625,43.7645],[15.3504,43.7661],[15.3222,43.778],[15.3128,43.7746],[15.3297,43.7684],[15.3505,43.7583],[15.3569,43.7579]]],[[[15.2547,43.8266],[15.2301,43.833],[15.2413,43.8193],[15.2544,43.8156],[15.265,43.8172],[15.2634,43.8234],[15.2547,43.8266]]],[[[15.3584,43.7913],[15.3411,43.8086],[15.3332,43.8124],[15.2995,43.8342],[15.2642,43.8524],[15.2511,43.8625],[15.2582,43.8607],[15.2623,43.8695],[15.2409,43.8734],[15.2357,43.8771],[15.2218,43.8755],[15.2206,43.8698],[15.2331,43.8621],[15.2478,43.8493],[15.2419,43.8499],[15.2474,43.8405],[15.2571,43.8376],[15.2572,43.8329],[15.2716,43.8221],[15.2738,43.8271],[15.2841,43.8221],[15.2844,43.8163],[15.2999,43.809],[15.3032,43.8009],[15.315,43.7979],[15.3305,43.7868],[15.339,43.7888],[15.3512,43.7806],[15.3616,43.7804],[15.3864,43.7672],[15.3953,43.7657],[15.4095,43.7568],[15.4402,43.7442],[15.4404,43.7414],[15.4587,43.7339],[15.4619,43.7383],[15.4477,43.7456],[15.437,43.7469],[15.4281,43.7536],[15.4048,43.7623],[15.3854,43.7752],[15.3722,43.7808],[15.3584,43.7913]]],[[[15.3363,43.8604],[15.3218,43.8682],[15.3259,43.8747],[15.3189,43.8773],[15.3152,43.8719],[15.3013,43.8783],[15.2965,43.8761],[15.2859,43.8801],[15.2847,43.8846],[15.2984,43.8844],[15.2835,43.8907],[15.2793,43.8868],[15.2666,43.8936],[15.2608,43.8832],[15.2529,43.8848],[15.2653,43.8757],[15.2653,43.8801],[15.2771,43.8771],[15.3047,43.8589],[15.314,43.8502],[15.3428,43.8396],[15.3498,43.8314],[15.3555,43.8321],[15.3662,43.8184],[15.3733,43.8203],[15.3528,43.8357],[15.3508,43.8469],[15.338,43.8525],[15.3363,43.8604]]],[[[15.2854,43.9389],[15.2844,43.9327],[15.2965,43.9277],[15.3104,43.9175],[15.3169,43.9192],[15.3063,43.9278],[15.2925,43.9323],[15.2854,43.9389]]],[[[15.5464,43.8491],[15.5518,43.8518],[15.5484,43.8601],[15.5374,43.8649],[15.5464,43.8491]]],[[[15.5973,43.8351],[15.5918,43.8309],[15.5937,43.8243],[15.5843,43.8223],[15.5758,43.8336],[15.5658,43.8331],[15.5645,43.8281],[15.5737,43.8241],[15.5733,43.8177],[15.5894,43.8023],[15.6014,43.7965],[15.6097,43.797],[15.6113,43.8011],[15.5954,43.8205],[15.5973,43.8351]]]]},"properties":{"name":"Općina Murter-Kornati","osm":"relation/12700045"}},
{"type":"Feature","geometry":{"type":"MultiPolygon","coordinates":[[[[15.7343,43.8594],[15.7283,43.8558],[15.7123,43.8316],[15.6976,43.8183],[15.6907,43.8049],[15.6828,43.8004],[15.6738,43.8075],[15.6657,43.8079],[15.6522,43.8148],[15.6377,43.8177],[15.6298,43.8103],[15.618,43.823],[15.6154,43.8154],[15.6416,43.7993],[15.6575,43.7998],[15.6834,43.7842],[15.6874,43.7763],[15.7002,43.7686],[15.7081,43.7772],[15.726,43.7858],[15.7318,43.7985],[15.7457,43.82],[15.757,43.8327],[15.769,43.837],[15.7711,43.8401],[15.7578,43.851],[15.741,43.8575],[15.7343,43.8594]]],[[[15.6097,43.797],[15.6246,43.7824],[15.6225,43.7768],[15.652,43.7649],[15.667,43.7643],[15.6632,43.7732],[15.6472,43.7835],[15.6527,43.787],[15.6426,43.7986],[15.6273,43.7941],[15.6298,43.7991],[15.6095,43.809],[15.6021,43.8278],[15.5975,43.8243],[15.5973,43.8351],[15.5954,43.8205],[15.6113,43.8011],[15.6097,43.797]]],[[[15.6407,43.8325],[15.6604,43.848],[15.6455,43.8507],[15.6372,43.8484],[15.6316,43.8487],[15.6019,43.8649],[15.5927,43.8758],[15.5744,43.8857],[15.5589,43.8719],[15.563,43.8641],[15.5779,43.8637],[15.5743,43.8581],[15.5813,43.8575],[15.5899,43.8483],[15.601,43.8454],[15.625,43.8438],[15.6323,43.8346],[15.6407,43.8325]]]]},"properties":{"name":"Općina Tisno","osm":"relation/12700351"}},
{"type":"Feature","geometry":{"type":"Polygon","coordinates":[[[15.6074,43.8848],[15.6188,43.8767],[15.6303,43.8724],[15.6427,43.8595],[15.6589,43.8673],[15.6705,43.8805],[15.6824,43.8893],[15.6959,43.8761],[15.7267,43.8664],[15.7343,43.8594],[15.741,43.8575],[15.7454,43.87],[15.7567,43.8881],[15.757,43.8922],[15.7445,43.8937],[15.7354,43.8989],[15.7469,43.9049],[15.7551,43.8982],[15.7621,43.8993],[15.778,43.9121],[15.7732,43.9197],[15.7816,43.9255],[15.7688,43.9323],[15.7421,43.9112],[15.7206,43.9249],[15.7056,43.9318],[15.6988,43.9379],[15.6807,43.9453],[15.678,43.9514],[15.6585,43.942],[15.664,43.9338],[15.6534,43.9277],[15.6482,43.9192],[15.6543,43.9122],[15.6438,43.9068],[15.633,43.906],[15.6074,43.8848]]]},"properties":{"name":"Općina Stankovci","osm":"relation/12700516"}},
{"type":"Feature","geometry":{"type":"Polygon","coordinates":[[[15.7632,43.9349],[15.7717,43.9505],[15.7855,43.9439],[15.7932,43.9462],[15.8032,43.9333],[15.8115,43.9356],[15.8243,43.9503],[15.8263,43.9514],[15.805,43.9618],[15.7951,43.9744],[15.792,43.9824],[15.8138,43.9846],[15.8477,44.0022],[15.8366,44.0058],[15.831,44.0132],[15.8091,44.0214],[15.7838,44.0341],[15.7819,44.0241],[15.7647,44.0124],[15.7549,43.9896],[15.741,43.9797],[15.7442,43.9729],[15.741,43.9634],[15.7297,43.9541],[15.736,43.9493],[15.7474,43.9556],[15.7632,43.9349]]]},"properties":{"name":"Općina Lišane Ostrovičke","osm":"relation/12700572"}},
{"type":"Feature","geometry":{"type":"MultiPolygon","coordinates":[[[[14.8966,44.5281],[14.9155,44.5384],[14.9173,44.5494],[14.9313,44.5465],[14.9538,44.5364],[14.9657,44.5236],[14.9811,44.5223],[14.9974,44.5173],[15.0105,44.5081],[15.0037,44.505],[15.0157,44.4953],[15.0219,44.5016],[15.044,44.494],[15.0511,44.4965],[15.049,44.4882],[15.0705,44.4767],[15.0802,44.4763],[15.069,44.4838],[15.0505,44.5139],[15.0299,44.5245],[15.0272,44.5208],[15.0088,44.528],[15.0028,44.5269],[14.9721,44.5499],[14.9639,44.5593],[14.9631,44.5708],[14.9523,44.5811],[14.945,44.58],[14.9429,44.5868],[14.9302,44.5978],[14.925,44.5954],[14.9085,44.6124],[14.9047,44.6076],[14.8775,44.611],[14.8712,44.6077],[14.8743,44.5972],[14.8893,44.5771],[14.8872,44.571],[14.8697,44.5838],[14.8525,44.6034],[14.825,44.6205],[14.8213,44.6269],[14.808,44.6363],[14.804,44.6435],[14.7748,44.67],[14.768,44.6795],[14.7339,44.704],[14.7334,44.6908],[14.7468,44.6788],[14.7549,44.6637],[14.7729,44.6527],[14.7778,44.6413],[14.7967,44.6261],[14.8023,44.6192],[14.8231,44.6008],[14.8343,44.5968],[14.8346,44.5872],[14.858,44.5769],[14.8665,44.5675],[14.8611,44.5655],[14.8795,44.5586],[14.8837,44.5519],[14.8745,44.5536],[14.8704,44.5483],[14.8811,44.541],[14.8814,44.5345],[14.8966,44.5281]]],[[[14.8718,44.4665],[14.8709,44.4724],[14.8603,44.4843],[14.8514,44.4879],[14.8486,44.4804],[14.8718,44.4665]]]]},"properties":{"name":"Grad Novalja","osm":"relation/12712466"}},
{"type":"Feature","geometry":{"type":"Polygon","coordinates":[[[14.6593,45.1233],[14.6727,45.1277],[14.6759,45.1473],[14.6564,45.149],[14.6509,45.1563],[14.6373,45.1614],[14.6211,45.1583],[14.6195,45.1542],[14.6035,45.1489],[14.5971,45.1512],[14.6068,45.1634],[14.6064,45.17],[14.627,45.1676],[14.6329,45.1647],[14.6201,45.1842],[14.6132,45.187],[14.5868,45.1819],[14.5848,45.1794],[14.576,45.1733],[14.5836,45.1651],[14.5787,45.1543],[14.5634,45.1469],[14.5694,45.1378],[14.5578,45.13],[14.5599,45.103],[14.5721,45.0968],[14.5719,45.0929],[14.5842,45.0934],[14.5951,45.0886],[14.6098,45.1033],[14.6346,45.1163],[14.6593,45.1233]]]},"properties":{"name":"Općina Dobrinj","osm":"relation/12728965"}},
{"type":"Feature","geometry":{"type":"Polygon","coordinates":[[[14.7268,45.0632],[14.715,45.0723],[14.7067,45.0648],[14.6933,45.0679],[14.6758,45.0786],[14.6632,45.092],[14.6663,45.0939],[14.6663,45.1108],[14.6593,45.1233],[14.6346,45.1163],[14.6098,45.1033],[14.5951,45.0886],[14.5946,45.0786],[14.6047,45.0693],[14.619,45.0649],[14.6283,45.0586],[14.6388,45.0404],[14.6517,45.0231],[14.6574,45.0195],[14.6756,45.0233],[14.6742,45.0408],[14.6875,45.042],[14.7051,45.0484],[14.7268,45.0632]]]},"properties":{"name":"Općina Vrbnik","osm":"relation/12733121"}},
{"type":"Feature","geometry":{"type":"MultiPolygon","coordinates":[[[[14.4851,44.9819],[14.4974,44.973],[14.5133,44.9683],[14.5192,44.9616],[14.5407,44.9531],[14.5548,44.9575],[14.54,44.9746],[14.5208,44.9879],[14.5146,44.9814],[14.5026,44.9792],[14.4851,44.9819]]],[[[14.4716,45.1032],[14.4689,45.0986],[14.4403,45.0958],[14.435,45.0931],[14.431,45.083],[14.4373,45.0656],[14.4586,45.0478],[14.498,45.0222],[14.5084,45.0247],[14.5257,45.0155],[14.5273,45.0192],[14.5398,45.0138],[14.5605,45.0125],[14.5791,45.0255],[14.6066,45.0156],[14.6198,45.0136],[14.6187,45.0228],[14.6069,45.0273],[14.6208,45.0399],[14.626,45.0391],[14.6388,45.0404],[14.6283,45.0586],[14.619,45.0649],[14.6047,45.0693],[14.5946,45.0786],[14.5951,45.0886],[14.5842,45.0934],[14.5719,45.0929],[14.5672,45.0856],[14.5554,45.0764],[14.5323,45.0769],[14.5167,45.0824],[14.5031,45.0836],[14.5028,45.0958],[14.4909,45.0962],[14.4774,45.1037],[14.4716,45.1032]]]]},"properties":{"name":"Grad Krk","osm":"relation/12733252"}},
{"type":"Feature","geometry":{"type":"MultiPolygon","coordinates":[[[[14.8384,44.8839],[14.8303,44.9041],[14.8152,44.9141],[14.8143,44.9175],[14.7865,44.9303],[14.7684,44.9337],[14.7665,44.9198],[14.7706,44.9114],[14.7829,44.9047],[14.7911,44.9043],[14.8013,44.8983],[14.8384,44.8839]]],[[[14.7001,44.9486],[14.7113,44.9426],[14.7412,44.9353],[14.76,44.9394],[14.7622,44.9447],[14.7467,44.9587],[14.7535,44.9696],[14.7759,44.9671],[14.7988,44.9623],[14.8075,44.9629],[14.8116,44.9706],[14.7999,44.982],[14.8015,44.9849],[14.8204,44.9709],[14.8197,44.9794],[14.8107,44.9912],[14.7838,45.008],[14.7797,45.0071],[14.7595,45.0186],[14.7415,45.037],[14.7442,45.0542],[14.7335,45.0574],[14.7394,45.0644],[14.7338,45.0699],[14.7268,45.0632],[14.7051,45.0484],[14.6875,45.042],[14.6742,45.0408],[14.6756,45.0233],[14.6715,45.0073],[14.6762,44.9946],[14.7005,44.97],[14.7153,44.9611],[14.7023,44.9543],[14.7001,44.9486]]]]},"properties":{"name":"Općina Baška","osm":"relation/12733253"}},
{"type":"Feature","geometry":{"type":"Polygon","coordinates":[[[16.6325,45.2139],[16.6502,45.2073],[16.6587,45.2072],[16.6695,45.2016],[16.6802,45.2015],[16.7002,45.1969],[16.7153,45.2046],[16.7287,45.207],[16.7548,45.2026],[16.776,45.1927],[16.8124,45.1845],[16.8373,45.1897],[16.8436,45.1942],[16.8433,45.2047],[16.8349,45.2134],[16.8419,45.2202],[16.8548,45.2147],[16.8542,45.2047],[16.8633,45.2177],[16.8799,45.2225],[16.8688,45.2233],[16.8656,45.2321],[16.8602,45.2442],[16.8542,45.2469],[16.8072,45.2412],[16.793,45.2644],[16.7967,45.2731],[16.8078,45.2822],[16.8213,45.286],[16.827,45.2966],[16.8183,45.3052],[16.8091,45.3076],[16.8094,45.296],[16.7957,45.2936],[16.7309,45.2927],[16.725,45.2895],[16.7252,45.279],[16.7118,45.2787],[16.7034,45.2672],[16.6795,45.2582],[16.6678,45.2457],[16.662,45.2449],[16.6819,45.2312],[16.68,45.2254],[16.6699,45.2303],[16.658,45.2308],[16.6566,45.2236],[16.6347,45.2225],[16.6281,45.2183],[16.6325,45.2139]]]},"properties":{"name":"Općina Hrvatska Dubica","osm":"relation/12773459"}},
{"type":"Feature","geometry":{"type":"Polygon","coordinates":[[[17.793,45.0744],[17.804,45.0649],[17.8257,45.052],[17.8491,45.0442],[17.863,45.0448],[17.8997,45.0588],[17.9216,45.0743],[17.9373,45.0826],[17.9297,45.1008],[17.9336,45.1084],[17.9478,45.1116],[17.9473,45.1179],[17.9383,45.1344],[17.9145,45.1358],[17.8823,45.1312],[17.8714,45.1385],[17.8488,45.1461],[17.8413,45.1431],[17.8192,45.1435],[17.822,45.1329],[17.7973,45.1346],[17.788,45.133],[17.7891,45.1246],[17.7783,45.1163],[17.7791,45.1101],[17.787,45.1106],[17.7859,45.1015],[17.7978,45.0949],[17.7977,45.0852],[17.8126,45.0794],[17.8124,45.0733],[17.793,45.0744]]]},"properties":{"name":"Općina Bebrina","osm":"relation/12889816"}},
{"type":"Feature","geometry":{"type":"Polygon","coordinates":[[[18.2851,45.2396],[18.2921,45.225],[18.3021,45.2258],[18.2984,45.211],[18.3143,45.2121],[18.3275,45.2057],[18.331,45.1948],[18.3299,45.1714],[18.3442,45.1722],[18.3807,45.1815],[18.3844,45.1869],[18.397,45.1842],[18.4143,45.1839],[18.4303,45.196],[18.4385,45.1961],[18.4512,45.2087],[18.4305,45.2154],[18.4251,45.223],[18.4073,45.2263],[18.3964,45.2253],[18.3877,45.2333],[18.3924,45.2403],[18.3747,45.2385],[18.3571,45.247],[18.3448,45.2439],[18.3297,45.2443],[18.3027,45.2447],[18.2851,45.2396]]]},"properties":{"name":"Općina Vrpolje","osm":"relation/12889850"}},
{"type":"Feature","geometry":{"type":"MultiPolygon","coordinates":[[[[14.3071,44.7578],[14.3211,44.789],[14.3156,44.7886],[14.3057,44.7789],[14.3089,44.7758],[14.3009,44.7652],[14.3071,44.7578]]],[[[14.453,44.7953],[14.4697,44.7903],[14.4638,44.8242],[14.4589,44.8419],[14.4533,44.8507],[14.45,44.8708],[14.4456,44.8753],[14.4529,44.8992],[14.4586,44.902],[14.4601,44.9155],[14.4559,44.9202],[14.4644,44.9391],[14.4616,44.9528],[14.4695,44.9479],[14.4722,44.954],[14.4853,44.9537],[14.4771,44.9735],[14.4695,44.982],[14.4584,44.9841],[14.4428,44.977],[14.4245,44.9835],[14.3967,45.0158],[14.3843,45.047],[14.3731,45.0625],[14.3687,45.08],[14.3602,45.0881],[14.357,45.1029],[14.3593,45.1116],[14.355,45.1159],[14.3593,45.1216],[14.3584,45.1312],[14.3647,45.1429],[14.3715,45.1438],[14.3643,45.1607],[14.3497,45.1687],[14.3276,45.1679],[14.322,45.1756],[14.3094,45.1702],[14.3002,45.1616],[14.3002,45.1478],[14.2725,45.12],[14.2802,45.1134],[14.2766,45.1042],[14.2903,45.0995],[14.3119,45.0651],[14.3385,45.0595],[14.3472,45.0552],[14.3552,45.046],[14.3609,45.0231],[14.3553,45.0191],[14.3518,45.0041],[14.3635,44.9933],[14.3718,44.9934],[14.3808,44.9879],[14.3823,44.978],[14.3933,44.9671],[14.3913,44.9596],[14.4133,44.9554],[14.4172,44.9465],[14.3918,44.9555],[14.385,44.9417],[14.3936,44.9344],[14.4013,44.9206],[14.399,44.9067],[14.3838,44.9021],[14.37,44.9085],[14.3642,44.9033],[14.3549,44.9137],[14.3453,44.9144],[14.3298,44.9391],[14.3146,44.951],[14.302,44.9331],[14.3042,44.9114],[14.3097,44.9087],[14.3219,44.8855],[14.319,44.8734],[14.3236,44.8727],[14.3337,44.8532],[14.3294,44.8435],[14.3314,44.8252],[14.3469,44.8104],[14.3491,44.819],[14.3573,44.8171],[14.3691,44.8016],[14.3661,44.7805],[14.3715,44.778],[14.3684,44.77],[14.3713,44.7563],[14.3777,44.747],[14.3905,44.7482],[14.3951,44.7519],[14.3895,44.7602],[14.4073,44.7659],[14.4073,44.777],[14.4152,44.7834],[14.4151,44.7899],[14.4232,44.7875],[14.4384,44.7928],[14.437,44.7978],[14.4513,44.8028],[14.453,44.7953]]]]},"properties":{"name":"Grad Cres","osm":"relation/12889960"}},
{"type":"Feature","geometry":{"type":"MultiPolygon","coordinates":[[[[14.5648,44.456],[14.5467,44.4633],[14.5322,44.4585],[14.5333,44.4477],[14.5488,44.4416],[14.5592,44.4477],[14.5742,44.4446],[14.575,44.4489],[14.5648,44.456]]],[[[14.5475,44.4719],[14.5418,44.4706],[14.5568,44.4603],[14.5653,44.4595],[14.5601,44.4663],[14.5522,44.4664],[14.5475,44.4719]]],[[[14.5587,44.4933],[14.5622,44.5023],[14.5458,44.5076],[14.5587,44.4933]]],[[[14.5082,44.5237],[14.4815,44.5298],[14.4604,44.5455],[14.4678,44.5322],[14.4564,44.5373],[14.4448,44.5461],[14.4411,44.5381],[14.4503,44.5296],[14.4482,44.5255],[14.4581,44.5244],[14.46,44.5186],[14.4798,44.5122],[14.4993,44.4889],[14.5078,44.4883],[14.5105,44.4814],[14.5202,44.4739],[14.5363,44.4792],[14.5423,44.4881],[14.5367,44.4971],[14.5303,44.4974],[14.5082,44.5237]]],[[[14.2795,44.6568],[14.2871,44.665],[14.2816,44.6744],[14.2859,44.6769],[14.2773,44.6834],[14.2801,44.6893],[14.2655,44.6836],[14.2526,44.6667],[14.2409,44.6596],[14.2384,44.6505],[14.2468,44.6344],[14.2313,44.6279],[14.2369,44.6188],[14.2475,44.6209],[14.2643,44.6139],[14.2757,44.606],[14.2813,44.6111],[14.2579,44.6382],[14.2506,44.6495],[14.2656,44.64],[14.2641,44.6486],[14.2564,44.6589],[14.2657,44.6569],[14.2617,44.6654],[14.2795,44.6568]]],[[[14.3096,44.5091],[14.3104,44.5153],[14.2883,44.5215],[14.2853,44.5171],[14.2923,44.5065],[14.3035,44.4981],[14.315,44.506],[14.3096,44.5091]]],[[[14.3242,44.5715],[14.3191,44.5779],[14.2965,44.5925],[14.3025,44.5832],[14.3218,44.57],[14.3242,44.5715]]],[[[14.3883,44.6083],[14.392,44.598],[14.3853,44.5983],[14.3732,44.5896],[14.3712,44.5836],[14.3763,44.5767],[14.3685,44.5685],[14.3685,44.5622],[14.3812,44.5596],[14.3916,44.5537],[14.3942,44.56],[14.408,44.5599],[14.404,44.5742],[14.4244,44.561],[14.4233,44.5691],[14.4319,44.5663],[14.4422,44.5537],[14.456,44.545],[14.4556,44.5535],[14.4438,44.5566],[14.4457,44.5624],[14.4329,44.568],[14.4228,44.5856],[14.4171,44.5871],[14.4128,44.5991],[14.4066,44.6033],[14.4038,44.6168],[14.3965,44.6183],[14.3926,44.629],[14.3985,44.6349],[14.4003,44.6459],[14.3993,44.6633],[14.3961,44.6757],[14.3992,44.6841],[14.3804,44.701],[14.3614,44.697],[14.3504,44.709],[14.3399,44.7125],[14.3382,44.6942],[14.3445,44.6634],[14.3549,44.6527],[14.3509,44.6467],[14.3618,44.6442],[14.36,44.6398],[14.3815,44.6267],[14.3832,44.6124],[14.3883,44.6083]]],[[[14.3905,44.7482],[14.3978,44.7358],[14.3901,44.7242],[14.3993,44.714],[14.3934,44.7046],[14.3913,44.6934],[14.4047,44.6864],[14.4078,44.6761],[14.4177,44.6721],[14.4389,44.6536],[14.4431,44.6411],[14.454,44.6339],[14.4518,44.6302],[14.4621,44.6217],[14.4656,44.6242],[14.4835,44.6087],[14.4989,44.6026],[14.5079,44.608],[14.4947,44.6242],[14.5168,44.6088],[14.5222,44.6126],[14.5167,44.6242],[14.5276,44.617],[14.5323,44.6244],[14.5451,44.6308],[14.5373,44.6336],[14.5355,44.6418],[14.5272,44.6411],[14.521,44.6326],[14.5204,44.6412],[14.5139,44.6394],[14.5041,44.6507],[14.5139,44.6535],[14.5073,44.6699],[14.4974,44.6762],[14.4779,44.6944],[14.4638,44.7258],[14.4704,44.7388],[14.4786,44.7379],[14.4768,44.7542],[14.4704,44.7664],[14.4491,44.7855],[14.453,44.7953],[14.4513,44.8028],[14.437,44.7978],[14.4384,44.7928],[14.4232,44.7875],[14.4151,44.7899],[14.4152,44.7834],[14.4073,44.777],[14.4073,44.7659],[14.3895,44.7602],[14.3951,44.7519],[14.3905,44.7482]]]]},"properties":{"name":"Grad Mali Lošinj","osm":"relation/12889969"}},
{"type":"Feature","geometry":{"type":"Polygon","coordinates":[[[16.3978,46.1371],[16.4146,46.1445],[16.4227,46.1447],[16.4277,46.1503],[16.4317,46.138],[16.4428,46.1301],[16.4693,46.136],[16.4749,46.1408],[16.4919,46.147],[16.4896,46.1581],[16.4847,46.1623],[16.4699,46.1676],[16.4381,46.1657],[16.4323,46.1735],[16.4166,46.1754],[16.4104,46.188],[16.3909,46.1808],[16.3835,46.1817],[16.3729,46.1765],[16.3694,46.1549],[16.3806,46.1452],[16.3713,46.1363],[16.384,46.1319],[16.3978,46.1371]]]},"properties":{"name":"Općina Ljubešćica","osm":"relation/14062999"}},
{"type":"Feature","geometry":{"type":"Polygon","coordinates":[[[16.91,45.7513],[16.895,45.7752],[16.8843,45.7789],[16.8758,45.7905],[16.8694,45.8094],[16.8563,45.8199],[16.835,45.8338],[16.8214,45.8353],[16.8075,45.8298],[16.79,45.8277],[16.7841,45.8196],[16.789,45.8189],[16.7868,45.8058],[16.781,45.8049],[16.7728,45.7959],[16.7754,45.7849],[16.7691,45.7816],[16.7675,45.7576],[16.7611,45.7469],[16.7627,45.738],[16.7514,45.7316],[16.7685,45.7164],[16.7572,45.7162],[16.7463,45.7213],[16.7309,45.7137],[16.7258,45.704],[16.7162,45.7026],[16.7068,45.6794],[16.7022,45.6575],[16.7079,45.6518],[16.7221,45.6425],[16.747,45.6526],[16.7522,45.6687],[16.7612,45.6709],[16.7684,45.668],[16.7808,45.6759],[16.7735,45.6809],[16.7972,45.6792],[16.8038,45.6855],[16.798,45.6933],[16.7995,45.7041],[16.7953,45.7078],[16.8054,45.7119],[16.808,45.7259],[16.8122,45.7292],[16.8109,45.7418],[16.8198,45.7451],[16.8275,45.7575],[16.8368,45.7591],[16.8575,45.7405],[16.8687,45.7418],[16.8695,45.7319],[16.8746,45.7381],[16.885,45.7348],[16.8931,45.7365],[16.91,45.7513]]]},"properties":{"name":"Općina Ivanska","osm":"relation/14063057"}},
{"type":"Feature","geometry":{"type":"Polygon","coordinates":[[[17.1216,43.0227],[17.0844,43.0194],[17.0742,43.0217],[17.0365,43.0401],[17.0207,43.0466],[17.0063,43.0482],[17.0017,43.0454],[17.0158,43.0413],[17.0124,43.0352],[17.0152,43.028],[17.0217,43.0311],[17.0351,43.0242],[17.0255,43.0232],[17.017,43.0052],[17.0379,43.001],[17.0639,42.9884],[17.0686,42.9838],[17.0962,42.9847],[17.1035,42.9788],[17.1151,42.9805],[17.1357,42.9745],[17.184,42.974],[17.2014,42.9817],[17.2165,42.9816],[17.2373,42.9668],[17.266,42.9518],[17.2873,42.945],[17.2976,42.9438],[17.3412,42.9288],[17.3491,42.9198],[17.3618,42.9136],[17.3732,42.9119],[17.4053,42.9143],[17.416,42.9115],[17.4178,42.9155],[17.39,42.9376],[17.3955,42.9423],[17.3906,42.9479],[17.3701,42.9583],[17.3753,42.9603],[17.3832,42.9722],[17.3611,42.9819],[17.3133,42.9984],[17.3092,42.9979],[17.2998,42.9873],[17.2828,42.9944],[17.2707,42.9793],[17.2649,42.9824],[17.2352,42.9873],[17.2371,42.9897],[17.2098,42.9969],[17.1806,43.0011],[17.1598,42.9962],[17.1497,42.9985],[17.1346,43.007],[17.1216,43.0227]]]},"properties":{"name":"Općina Orebić","osm":"relation/15897363"}}
]}